task_id,entry_point,strategy,sample_index,code,code_file,initial_code,initial_code_file,syntax_valid,syntax_error,pylint_score,bandit_issues,radon_cc_avg,radon_cc_max,radon_mi,pylint_report_file,bandit_report_file,bandit_stderr_file,passed,functional_result,llm_readability,llm_maintainability,llm_correctness,llm_efficiency,llm_pythonic_style,llm_overall_score,llm_feedback,initial_pylint_score,initial_passed,initial_functional_result,initial_pylint_report_file,initial_bandit_report_file,initial_bandit_stderr_file,refinement_changed
HumanEval/0,has_close_elements,zero_shot,0,"from typing import List


def has_close_elements(numbers: List[float], threshold: float) -> bool:
    """"""
    Check if in a given list of numbers, there are any two numbers closer to each other than
    the given threshold.

    Examples:
        >>> has_close_elements([1.0, 2.0, 3.0], 0.5)
        False
        >>> has_close_elements([1.0, 2.8, 3.0, 4.0, 5.0, 2.0], 0.3)
        True
    """"""
    sorted_numbers = sorted(numbers)
    for i in range(len(sorted_numbers) - 1):
        if abs(sorted_numbers[i] - sorted_numbers[i + 1]) < threshold:
            return True
    return False",raw_generations/HumanEval_0/zero_shot_sample0.py,,,True,,7.14,0,3.0,3,89.50254578256416,outputs_deepseek_prompt_v3\reports\static_analysis\pylint\HumanEval_0__zero_shot__sample0__final_pylint.txt,outputs_deepseek_prompt_v3\reports\static_analysis\bandit\HumanEval_0__zero_shot__sample0__final_bandit.json,outputs_deepseek_prompt_v3\reports\static_analysis\bandit\HumanEval_0__zero_shot__sample0__final_bandit.stderr.txt,True,passed,8.0,7.0,6.0,8.0,7.0,7.0,"The code is readable and efficient but fails to handle the 'any two numbers' requirement correctly as it only checks consecutive sorted elements, missing non-adjacent close pairs.",,,,,,,
HumanEval/0,has_close_elements,constraint_guided,0,"""""""Check if any two numbers in a list are closer than a given threshold.""""""

from typing import List


def has_close_elements(numbers: List[float], threshold: float) -> bool:
    """"""
    Check if in a given list of numbers, there are any two numbers closer to each other than
    the given threshold.

    Examples:
        >>> has_close_elements([1.0, 2.0, 3.0], 0.5)
        False
        >>> has_close_elements([1.0, 2.8, 3.0, 4.0, 5.0, 2.0], 0.3)
        True
    """"""
    sorted_numbers = sorted(numbers)
    
    for i in range(len(sorted_numbers) - 1):
        if abs(sorted_numbers[i] - sorted_numbers[i + 1]) < threshold:
            return True
    
    return False",raw_generations/HumanEval_0/constraint_guided_sample0.py,,,True,,5.71,0,3.0,3,88.38670649739842,outputs_deepseek_prompt_v3\reports\static_analysis\pylint\HumanEval_0__constraint_guided__sample0__final_pylint.txt,outputs_deepseek_prompt_v3\reports\static_analysis\bandit\HumanEval_0__constraint_guided__sample0__final_bandit.json,outputs_deepseek_prompt_v3\reports\static_analysis\bandit\HumanEval_0__constraint_guided__sample0__final_bandit.stderr.txt,True,passed,8.0,7.0,6.0,7.0,7.0,7.0,The code is readable and efficient but lacks edge case handling for empty lists and could be more Pythonic with enumerate.,,,,,,,
HumanEval/0,has_close_elements,structured_cot,0,"from typing import List


def has_close_elements(numbers: List[float], threshold: float) -> bool:
    """"""
    Check if in a given list of numbers, there are any two numbers closer to each other than
    the given threshold.

    Examples:
        >>> has_close_elements([1.0, 2.0, 3.0], 0.5)
        False
        >>> has_close_elements([1.0, 2.8, 3.0, 4.0, 5.0, 2.0], 0.3)
        True
    """"""
    sorted_numbers = sorted(numbers)
    for i in range(len(sorted_numbers) - 1):
        if abs(sorted_numbers[i] - sorted_numbers[i + 1]) < threshold:
            return True
    return False",raw_generations/HumanEval_0/structured_cot_sample0.py,,,True,,7.14,0,3.0,3,89.50254578256416,outputs_deepseek_prompt_v3\reports\static_analysis\pylint\HumanEval_0__structured_cot__sample0__final_pylint.txt,outputs_deepseek_prompt_v3\reports\static_analysis\bandit\HumanEval_0__structured_cot__sample0__final_bandit.json,outputs_deepseek_prompt_v3\reports\static_analysis\bandit\HumanEval_0__structured_cot__sample0__final_bandit.stderr.txt,True,passed,8.0,7.0,8.0,8.0,7.0,7.0,The code is clear and efficient but could be more Pythonic with enumerate and lacks explicit handling of edge cases like empty lists.,,,,,,,
HumanEval/0,has_close_elements,self_refine,0,"""""""
Module for checking if any two numbers in a list are closer than a threshold.
""""""

from typing import List


def has_close_elements(numbers: List[float], threshold: float) -> bool:
    """"""
    Check if in a given list of numbers, there are any two numbers closer to each other than
    the given threshold.

    Args:
        numbers: List of floating-point numbers.
        threshold: Minimum distance threshold.

    Returns:
        True if any two numbers are closer than threshold, False otherwise.

    Examples:
        >>> has_close_elements([1.0, 2.0, 3.0], 0.5)
        False
        >>> has_close_elements([1.0, 2.8, 3.0, 4.0, 5.0, 2.0], 0.3)
        True
    """"""
    if len(numbers) < 2:
        return False

    sorted_numbers = sorted(numbers)

    for i in range(len(sorted_numbers) - 1):
        current_distance = abs(sorted_numbers[i] - sorted_numbers[i + 1])
        if current_distance < threshold:
            return True

    return False",raw_generations/HumanEval_0/self_refine_sample0.py,"""""""
Module for checking if any two numbers in a list are closer than a threshold.
""""""

from typing import List


def has_close_elements(numbers: List[float], threshold: float) -> bool:
    """"""
    Check if in a given list of numbers, there are any two numbers closer to each other than
    the given threshold.

    Args:
        numbers: List of floating-point numbers.
        threshold: Minimum distance threshold.

    Returns:
        True if any two numbers are closer than threshold, False otherwise.

    Examples:
        >>> has_close_elements([1.0, 2.0, 3.0], 0.5)
        False
        >>> has_close_elements([1.0, 2.8, 3.0, 4.0, 5.0, 2.0], 0.3)
        True
    """"""
    if len(numbers) < 2:
        return False

    sorted_numbers = sorted(numbers)

    for i in range(len(sorted_numbers) - 1):
        current_distance = abs(sorted_numbers[i] - sorted_numbers[i + 1])
        if current_distance < threshold:
            return True

    return False",raw_generations/HumanEval_0/self_refine_sample0_initial.py,True,,9.0,0,4.0,4,76.25584017297615,outputs_deepseek_prompt_v3\reports\static_analysis\pylint\HumanEval_0__self_refine__sample0__final_pylint.txt,outputs_deepseek_prompt_v3\reports\static_analysis\bandit\HumanEval_0__self_refine__sample0__final_bandit.json,outputs_deepseek_prompt_v3\reports\static_analysis\bandit\HumanEval_0__self_refine__sample0__final_bandit.stderr.txt,True,passed,8.0,7.0,6.0,8.0,7.0,7.0,"The code is generally clean and efficient but fails to handle the absolute distance requirement correctly for unsorted inputs, and lacks proper error handling for invalid inputs.",9.0,True,passed,outputs_deepseek_prompt_v3\reports\static_analysis\pylint\HumanEval_0__self_refine__sample0__initial_pylint.txt,outputs_deepseek_prompt_v3\reports\static_analysis\bandit\HumanEval_0__self_refine__sample0__initial_bandit.json,outputs_deepseek_prompt_v3\reports\static_analysis\bandit\HumanEval_0__self_refine__sample0__initial_bandit.stderr.txt,False
HumanEval/1,separate_paren_groups,zero_shot,0,"from typing import List


def separate_paren_groups(paren_string: str) -> List[str]:
    """"""
    Input to this function is a string possibly containing multiple groups of nested parentheses.
    Your goal is to separate those groups into separate strings and return the list of those.
    Ignore anything other than ""("" and "")"" in the input string.

    Examples:
        >>> seperate_paren_groups('(()())')
        ['(()())']
        >>> separate_paren_groups('()(())')
        ['()', '(())']
        >>> separate_paren_groups(')( [) (( ))] (({})( ))')
        ['()', '(())', '(()())']
    """"""
    result = []
    current = []
    balance = 0
    
    for char in paren_string:
        if char == '(':
            current.append(char)
            balance += 1
        elif char == ')':
            current.append(char)
            balance -= 1
            
            if balance == 0:
                result.append(''.join(current))
                current = []
    
    return result",raw_generations/HumanEval_1/zero_shot_sample0.py,,,True,,6.88,0,5.0,5,89.25451992269937,outputs_deepseek_prompt_v3\reports\static_analysis\pylint\HumanEval_1__zero_shot__sample0__final_pylint.txt,outputs_deepseek_prompt_v3\reports\static_analysis\bandit\HumanEval_1__zero_shot__sample0__final_bandit.json,outputs_deepseek_prompt_v3\reports\static_analysis\bandit\HumanEval_1__zero_shot__sample0__final_bandit.stderr.txt,False,assertion_failed: ,7.0,6.0,4.0,8.0,7.0,5.0,"The code fails to ignore non-parenthesis characters as specified, and the examples in the docstring don't match the function's output.",,,,,,,
HumanEval/1,separate_paren_groups,constraint_guided,0,"from typing import List


def separate_paren_groups(paren_string: str) -> List[str]:
    """"""
    Extract and separate balanced parenthesis groups from a string.
    
    The function processes the input string character by character, ignoring
    any characters other than '(' and ')'. It identifies complete balanced
    parenthesis groups and returns them as a list of strings.
    
    Args:
        paren_string: A string potentially containing multiple parenthesis groups.
        
    Returns:
        A list of strings, each representing a complete balanced parenthesis group.
        
    Examples:
        >>> separate_paren_groups('(()())')
        ['(()())']
        >>> separate_paren_groups('()(())')
        ['()', '(())']
        >>> separate_paren_groups(')( [) (( ))] (({})( ))')
        ['()', '(())', '(()())']
    """"""
    groups = []
    current_group = []
    balance = 0
    
    for char in paren_string:
        if char == '(':
            balance += 1
            current_group.append(char)
        elif char == ')':
            balance -= 1
            current_group.append(char)
            
            if balance == 0 and current_group:
                groups.append(''.join(current_group))
                current_group = []
            elif balance < 0:
                # Reset on unmatched closing parenthesis
                current_group = []
                balance = 0
    
    return groups",raw_generations/HumanEval_1/constraint_guided_sample0.py,,,True,,7.37,0,7.0,7,83.82005516886124,outputs_deepseek_prompt_v3\reports\static_analysis\pylint\HumanEval_1__constraint_guided__sample0__final_pylint.txt,outputs_deepseek_prompt_v3\reports\static_analysis\bandit\HumanEval_1__constraint_guided__sample0__final_bandit.json,outputs_deepseek_prompt_v3\reports\static_analysis\bandit\HumanEval_1__constraint_guided__sample0__final_bandit.stderr.txt,False,assertion_failed: ,8.0,7.0,5.0,8.0,7.0,6.0,"The code has logical correctness issues with edge cases and doesn't fully match the examples, though it's readable and efficient.",,,,,,,
HumanEval/1,separate_paren_groups,structured_cot,0,"from typing import List


def separate_paren_groups(paren_string: str) -> List[str]:
    """"""
    Input to this function is a string possibly containing multiple groups of nested parentheses.
    Your goal is to separate those groups into separate strings and return the list of those.
    Ignore anything other than ""("" and "")"" in the input string.

    Examples:
        >>> separate_paren_groups('(()())')
        ['(()())']
        >>> separate_paren_groups('()(())')
        ['()', '(())']
        >>> separate_paren_groups(')( [) (( ))] (({})( ))')
        ['()', '(())', '(()())']
    """"""
    filtered_chars = [ch for ch in paren_string if ch in '()']
    groups = []
    current_group = []
    balance = 0

    for ch in filtered_chars:
        current_group.append(ch)
        if ch == '(':
            balance += 1
        else:  # ch == ')'
            balance -= 1
            if balance == 0:
                groups.append(''.join(current_group))
                current_group = []

    return groups",raw_generations/HumanEval_1/structured_cot_sample0.py,,,True,,8.67,0,6.0,6,88.42626547254214,outputs_deepseek_prompt_v3\reports\static_analysis\pylint\HumanEval_1__structured_cot__sample0__final_pylint.txt,outputs_deepseek_prompt_v3\reports\static_analysis\bandit\HumanEval_1__structured_cot__sample0__final_bandit.json,outputs_deepseek_prompt_v3\reports\static_analysis\bandit\HumanEval_1__structured_cot__sample0__final_bandit.stderr.txt,False,assertion_failed: ,8.0,8.0,7.0,8.0,8.0,7.0,"The code is generally well-structured but fails to handle the third example correctly, indicating a logic issue with unbalanced parentheses.",,,,,,,
HumanEval/1,separate_paren_groups,self_refine,0,"from typing import List


def separate_paren_groups(paren_string: str) -> List[str]:
    """"""
    Separate a string containing multiple groups of nested parentheses into
    individual balanced parenthesis groups.

    The function ignores any characters other than '(' and ')'. Each returned
    string contains a single balanced parenthesis group.

    Args:
        paren_string: A string potentially containing multiple parenthesis groups.

    Returns:
        A list of strings, each representing a balanced parenthesis group.

    Examples:
        >>> separate_paren_groups('(()())')
        ['(()())']
        >>> separate_paren_groups('()(())')
        ['()', '(())']
        >>> separate_paren_groups(')( [) (( ))] (({})( ))')
        ['()', '(())', '(()())']
    """"""
    groups = []
    current_group = []
    balance = 0

    for char in paren_string:
        if char == '(':
            current_group.append(char)
            balance += 1
        elif char == ')':
            current_group.append(char)
            balance -= 1

            if balance == 0 and current_group:
                groups.append(''.join(current_group))
                current_group = []

    return groups",raw_generations/HumanEval_1/self_refine_sample0.py,"from typing import List


def separate_paren_groups(paren_string: str) -> List[str]:
    """"""
    Separate a string containing multiple groups of nested parentheses into
    individual balanced parenthesis groups.

    The function ignores any characters other than '(' and ')'. Each returned
    string contains a single balanced parenthesis group.

    Args:
        paren_string: A string potentially containing multiple parenthesis groups.

    Returns:
        A list of strings, each representing a balanced parenthesis group.

    Examples:
        >>> separate_paren_groups('(()())')
        ['(()())']
        >>> separate_paren_groups('()(())')
        ['()', '(())']
        >>> separate_paren_groups(')( [) (( ))] (({})( ))')
        ['()', '(())', '(()())']
    """"""
    groups = []
    current_group = []
    balance = 0

    for char in paren_string:
        if char == '(':
            current_group.append(char)
            balance += 1
        elif char == ')':
            current_group.append(char)
            balance -= 1

            if balance == 0 and current_group:
                groups.append(''.join(current_group))
                current_group = []

    return groups",raw_generations/HumanEval_1/self_refine_sample0_initial.py,True,,8.75,0,6.0,6,84.37480682902765,outputs_deepseek_prompt_v3\reports\static_analysis\pylint\HumanEval_1__self_refine__sample0__final_pylint.txt,outputs_deepseek_prompt_v3\reports\static_analysis\bandit\HumanEval_1__self_refine__sample0__final_bandit.json,outputs_deepseek_prompt_v3\reports\static_analysis\bandit\HumanEval_1__self_refine__sample0__final_bandit.stderr.txt,False,assertion_failed: ,8.0,7.0,2.0,8.0,7.0,4.0,"The code has a critical correctness issue: it ignores non-parenthesis characters but the examples show they should be filtered out, and the algorithm fails on malformed input like ')(()'.",8.75,False,assertion_failed: ,outputs_deepseek_prompt_v3\reports\static_analysis\pylint\HumanEval_1__self_refine__sample0__initial_pylint.txt,outputs_deepseek_prompt_v3\reports\static_analysis\bandit\HumanEval_1__self_refine__sample0__initial_bandit.json,outputs_deepseek_prompt_v3\reports\static_analysis\bandit\HumanEval_1__self_refine__sample0__initial_bandit.stderr.txt,False
HumanEval/2,truncate_number,zero_shot,0,"def truncate_number(number: float) -> float:
    return number - int(number)",raw_generations/HumanEval_2/zero_shot_sample0.py,,,True,,0.0,0,1.0,1,88.5574946685516,outputs_deepseek_prompt_v3\reports\static_analysis\pylint\HumanEval_2__zero_shot__sample0__final_pylint.txt,outputs_deepseek_prompt_v3\reports\static_analysis\bandit\HumanEval_2__zero_shot__sample0__final_bandit.json,outputs_deepseek_prompt_v3\reports\static_analysis\bandit\HumanEval_2__zero_shot__sample0__final_bandit.stderr.txt,True,passed,9.0,9.0,8.0,10.0,10.0,9.0,"Simple, efficient, and Pythonic implementation, but lacks explicit handling for negative numbers despite the specification mentioning positive numbers.",,,,,,,
HumanEval/2,truncate_number,constraint_guided,0,"""""""
Module for number truncation operations.
""""""


def truncate_number(number: float) -> float:
    """"""
    Given a positive floating point number, return its decimal part.

    The decimal part is defined as the leftover part after removing the
    integer part (largest integer smaller than the given number).

    Args:
        number: A positive floating point number.

    Returns:
        The decimal part of the number (always smaller than 1).

    Example:
        >>> truncate_number(3.5)
        0.5
    """"""
    integer_part = int(number)
    decimal_part = number - integer_part
    return decimal_part",raw_generations/HumanEval_2/constraint_guided_sample0.py,,,True,,7.5,0,1.0,1,55.782503278651106,outputs_deepseek_prompt_v3\reports\static_analysis\pylint\HumanEval_2__constraint_guided__sample0__final_pylint.txt,outputs_deepseek_prompt_v3\reports\static_analysis\bandit\HumanEval_2__constraint_guided__sample0__final_bandit.json,outputs_deepseek_prompt_v3\reports\static_analysis\bandit\HumanEval_2__constraint_guided__sample0__final_bandit.stderr.txt,True,passed,9.0,8.0,6.0,9.0,8.0,7.0,The code is clean and readable but has correctness issues with negative numbers and floating-point precision edge cases.,,,,,,,
HumanEval/2,truncate_number,structured_cot,0,"def truncate_number(number: float) -> float:
    """"""
    Given a positive floating point number, it can be decomposed into
    an integer part (largest integer smaller than given number) and decimals
    (leftover part always smaller than 1).
    Return the decimal part of the number.

    Example:
        >>> truncate_number(3.5)
        0.5
    """"""
    return number - int(number)",raw_generations/HumanEval_2/structured_cot_sample0.py,,,True,,0.0,0,1.0,1,56.93195615850326,outputs_deepseek_prompt_v3\reports\static_analysis\pylint\HumanEval_2__structured_cot__sample0__final_pylint.txt,outputs_deepseek_prompt_v3\reports\static_analysis\bandit\HumanEval_2__structured_cot__sample0__final_bandit.json,outputs_deepseek_prompt_v3\reports\static_analysis\bandit\HumanEval_2__structured_cot__sample0__final_bandit.stderr.txt,True,passed,9.0,9.0,6.0,10.0,9.0,7.0,"The code is simple and efficient but fails to handle negative numbers correctly, which violates the specification's requirement for positive numbers and lacks input validation.",,,,,,,
HumanEval/2,truncate_number,self_refine,0,"""""""
Module for truncating floating point numbers to their decimal parts.
""""""


def truncate_number(number: float) -> float:
    """"""
    Given a positive floating point number, return its decimal part.

    The decimal part is defined as the leftover part after removing the
    integer part (largest integer smaller than the given number).

    Args:
        number: A positive floating point number.

    Returns:
        The decimal part of the number, which is always smaller than 1.

    Example:
        >>> truncate_number(3.5)
        0.5
    """"""
    return number - int(number)",raw_generations/HumanEval_2/self_refine_sample0.py,"""""""
Module for truncating floating point numbers to their decimal parts.
""""""


def truncate_number(number: float) -> float:
    """"""
    Given a positive floating point number, return its decimal part.

    The decimal part is defined as the leftover part after removing the
    integer part (largest integer smaller than the given number).

    Args:
        number: A positive floating point number.

    Returns:
        The decimal part of the number, which is always smaller than 1.

    Example:
        >>> truncate_number(3.5)
        0.5
    """"""
    return number - int(number)",raw_generations/HumanEval_2/self_refine_sample0_initial.py,True,,5.0,0,1.0,1,65.27475470743042,outputs_deepseek_prompt_v3\reports\static_analysis\pylint\HumanEval_2__self_refine__sample0__final_pylint.txt,outputs_deepseek_prompt_v3\reports\static_analysis\bandit\HumanEval_2__self_refine__sample0__final_bandit.json,outputs_deepseek_prompt_v3\reports\static_analysis\bandit\HumanEval_2__self_refine__sample0__final_bandit.stderr.txt,True,passed,9.0,9.0,8.0,10.0,9.0,9.0,"Clean, efficient implementation with good documentation, but lacks explicit handling of negative numbers or non-float inputs as specified.",5.0,True,passed,outputs_deepseek_prompt_v3\reports\static_analysis\pylint\HumanEval_2__self_refine__sample0__initial_pylint.txt,outputs_deepseek_prompt_v3\reports\static_analysis\bandit\HumanEval_2__self_refine__sample0__initial_bandit.json,outputs_deepseek_prompt_v3\reports\static_analysis\bandit\HumanEval_2__self_refine__sample0__initial_bandit.stderr.txt,False
HumanEval/3,below_zero,zero_shot,0,"from typing import List


def below_zero(operations: List[int]) -> bool:
    """"""
    You're given a list of deposit and withdrawal operations on a bank account that starts with
    zero balance. Your task is to detect if at any point the balance of account falls below zero, and
    at that point function should return True. Otherwise it should return False.

    Examples:
        >>> below_zero([1, 2, 3])
        False
        >>> below_zero([1, 2, -4, 5])
        True
    """"""
    balance = 0
    for op in operations:
        balance += op
        if balance < 0:
            return True
    return False",raw_generations/HumanEval_3/zero_shot_sample0.py,,,True,,6.25,0,3.0,3,92.24715715171905,outputs_deepseek_prompt_v3\reports\static_analysis\pylint\HumanEval_3__zero_shot__sample0__final_pylint.txt,outputs_deepseek_prompt_v3\reports\static_analysis\bandit\HumanEval_3__zero_shot__sample0__final_bandit.json,outputs_deepseek_prompt_v3\reports\static_analysis\bandit\HumanEval_3__zero_shot__sample0__final_bandit.stderr.txt,True,passed,9.0,9.0,10.0,10.0,9.0,9.0,"Clean, efficient, and correct implementation with excellent readability and proper early termination.",,,,,,,
HumanEval/3,below_zero,constraint_guided,0,"from typing import List


def below_zero(operations: List[int]) -> bool:
    """"""
    Determine if a bank account balance falls below zero during a series of operations.

    The account starts with a zero balance. Each operation is an integer representing
    a deposit (positive) or withdrawal (negative). The function returns True if at any
    point the balance becomes negative, otherwise False.

    Args:
        operations: List of deposit and withdrawal amounts.

    Returns:
        True if balance ever falls below zero, False otherwise.

    Examples:
        >>> below_zero([1, 2, 3])
        False
        >>> below_zero([1, 2, -4, 5])
        True
    """"""
    balance = 0
    for operation in operations:
        balance += operation
        if balance < 0:
            return True
    return False",raw_generations/HumanEval_3/constraint_guided_sample0.py,,,True,,7.5,0,3.0,3,79.53085381576075,outputs_deepseek_prompt_v3\reports\static_analysis\pylint\HumanEval_3__constraint_guided__sample0__final_pylint.txt,outputs_deepseek_prompt_v3\reports\static_analysis\bandit\HumanEval_3__constraint_guided__sample0__final_bandit.json,outputs_deepseek_prompt_v3\reports\static_analysis\bandit\HumanEval_3__constraint_guided__sample0__final_bandit.stderr.txt,True,passed,9.0,9.0,10.0,10.0,9.0,9.0,"Excellent implementation with clear logic, proper early termination, and good documentation.",,,,,,,
HumanEval/3,below_zero,structured_cot,0,"from typing import List


def below_zero(operations: List[int]) -> bool:
    """"""
    You're given a list of deposit and withdrawal operations on a bank account that starts with
    zero balance. Your task is to detect if at any point the balance of account falls below zero, and
    at that point function should return True. Otherwise it should return False.

    Examples:
        >>> below_zero([1, 2, 3])
        False
        >>> below_zero([1, 2, -4, 5])
        True
    """"""
    balance = 0
    for operation in operations:
        balance += operation
        if balance < 0:
            return True
    return False",raw_generations/HumanEval_3/structured_cot_sample0.py,,,True,,6.25,0,3.0,3,92.24715715171905,outputs_deepseek_prompt_v3\reports\static_analysis\pylint\HumanEval_3__structured_cot__sample0__final_pylint.txt,outputs_deepseek_prompt_v3\reports\static_analysis\bandit\HumanEval_3__structured_cot__sample0__final_bandit.json,outputs_deepseek_prompt_v3\reports\static_analysis\bandit\HumanEval_3__structured_cot__sample0__final_bandit.stderr.txt,True,passed,9.0,9.0,10.0,10.0,8.0,9.0,"Clean, efficient implementation with excellent readability and correctness, though could be slightly more Pythonic with early return pattern.",,,,,,,
HumanEval/3,below_zero,self_refine,0,"from typing import List


def below_zero(operations: List[int]) -> bool:
    """"""
    Determine if at any point the balance falls below zero.

    Given a list of deposit (positive) and withdrawal (negative) operations
    starting from zero balance, return True if the balance ever becomes negative,
    otherwise return False.

    Args:
        operations: List of integers representing account operations.

    Returns:
        True if balance falls below zero at any point, False otherwise.

    Examples:
        >>> below_zero([1, 2, 3])
        False
        >>> below_zero([1, 2, -4, 5])
        True
    """"""
    balance = 0

    for operation in operations:
        balance += operation
        if balance < 0:
            return True

    return False",raw_generations/HumanEval_3/self_refine_sample0.py,"""""""Detect if a bank account balance falls below zero during a series of operations.""""""

from typing import List


def below_zero(operations: List[int]) -> bool:
    """"""
    Determine if at any point the balance falls below zero.

    Given a list of deposit (positive) and withdrawal (negative) operations
    starting from zero balance, return True if the balance ever becomes negative,
    otherwise return False.

    Args:
        operations: List of integers representing account operations.

    Returns:
        True if balance falls below zero at any point, False otherwise.

    Examples:
        >>> below_zero([1, 2, 3])
        False
        >>> below_zero([1, 2, -4, 5])
        True
    """"""
    balance = -1
    
    for operation in operations:
        balance += operation
        if balance < 0:
            return True
    
    return False",raw_generations/HumanEval_3/self_refine_sample0_initial.py,True,,7.5,0,3.0,3,79.53085381576075,outputs_deepseek_prompt_v3\reports\static_analysis\pylint\HumanEval_3__self_refine__sample0__final_pylint.txt,outputs_deepseek_prompt_v3\reports\static_analysis\bandit\HumanEval_3__self_refine__sample0__final_bandit.json,outputs_deepseek_prompt_v3\reports\static_analysis\bandit\HumanEval_3__self_refine__sample0__final_bandit.stderr.txt,True,passed,9.0,9.0,10.0,10.0,9.0,9.0,"Clean, efficient implementation with proper documentation and early termination.",6.25,False,assertion_failed: ,outputs_deepseek_prompt_v3\reports\static_analysis\pylint\HumanEval_3__self_refine__sample0__initial_pylint.txt,outputs_deepseek_prompt_v3\reports\static_analysis\bandit\HumanEval_3__self_refine__sample0__initial_bandit.json,outputs_deepseek_prompt_v3\reports\static_analysis\bandit\HumanEval_3__self_refine__sample0__initial_bandit.stderr.txt,True
HumanEval/4,mean_absolute_deviation,zero_shot,0,"from typing import List


def mean_absolute_deviation(numbers: List[float]) -> float:
    """"""
    For a given list of input numbers, calculate Mean Absolute Deviation
    around the mean of this dataset.
    Mean Absolute Deviation is the average absolute difference between each
    element and a centerpoint (mean in this case):
    MAD = average | x - x_mean |

    Example:
        >>> mean_absolute_deviation([1.0, 2.0, 3.0, 4.0])
        1.0
    """"""
    if not numbers:
        return 0.0
    mean = sum(numbers) / len(numbers)
    deviations = [abs(x - mean) for x in numbers]
    return sum(deviations) / len(deviations)",raw_generations/HumanEval_4/zero_shot_sample0.py,,,True,,7.14,0,3.0,3,86.99621091363305,outputs_deepseek_prompt_v3\reports\static_analysis\pylint\HumanEval_4__zero_shot__sample0__final_pylint.txt,outputs_deepseek_prompt_v3\reports\static_analysis\bandit\HumanEval_4__zero_shot__sample0__final_bandit.json,outputs_deepseek_prompt_v3\reports\static_analysis\bandit\HumanEval_4__zero_shot__sample0__final_bandit.stderr.txt,True,passed,9.0,8.0,7.0,8.0,9.0,8.0,"Clean and efficient code, but edge case handling (empty list returning 0.0) may not align with statistical definitions.",,,,,,,
HumanEval/4,mean_absolute_deviation,constraint_guided,0,"""""""Calculate Mean Absolute Deviation (MAD) for a list of numbers.""""""

from typing import List


def mean_absolute_deviation(numbers: List[float]) -> float:
    """"""
    Calculate Mean Absolute Deviation around the mean of the dataset.

    Mean Absolute Deviation is the average absolute difference between each
    element and the mean of the dataset:
    MAD = average | x - x_mean |

    Args:
        numbers: List of float numbers.

    Returns:
        The Mean Absolute Deviation as a float.

    Example:
        >>> mean_absolute_deviation([1.0, 2.0, 3.0, 4.0])
        1.0
    """"""
    if not numbers:
        return 0.0

    mean = sum(numbers) / len(numbers)
    absolute_differences = [abs(num - mean) for num in numbers]
    mad = sum(absolute_differences) / len(absolute_differences)

    return mad",raw_generations/HumanEval_4/constraint_guided_sample0.py,,,True,,8.75,0,3.0,3,80.86333018767802,outputs_deepseek_prompt_v3\reports\static_analysis\pylint\HumanEval_4__constraint_guided__sample0__final_pylint.txt,outputs_deepseek_prompt_v3\reports\static_analysis\bandit\HumanEval_4__constraint_guided__sample0__final_bandit.json,outputs_deepseek_prompt_v3\reports\static_analysis\bandit\HumanEval_4__constraint_guided__sample0__final_bandit.stderr.txt,True,passed,9.0,8.0,7.0,8.0,8.0,8.0,"The code is clean and well-documented, but it incorrectly returns 0.0 for an empty list instead of raising an error, and it could be slightly more efficient by avoiding a second list iteration.",,,,,,,
HumanEval/4,mean_absolute_deviation,structured_cot,0,"from typing import List


def mean_absolute_deviation(numbers: List[float]) -> float:
    """"""
    For a given list of input numbers, calculate Mean Absolute Deviation
    around the mean of this dataset.
    Mean Absolute Deviation is the average absolute difference between each
    element and a centerpoint (mean in this case):
    MAD = average | x - x_mean |

    Example:
        >>> mean_absolute_deviation([1.0, 2.0, 3.0, 4.0])
        1.0
    """"""
    if not numbers:
        return 0.0
    mean = sum(numbers) / len(numbers)
    return sum(abs(x - mean) for x in numbers) / len(numbers)",raw_generations/HumanEval_4/structured_cot_sample0.py,,,True,,6.67,0,3.0,3,83.3712139194405,outputs_deepseek_prompt_v3\reports\static_analysis\pylint\HumanEval_4__structured_cot__sample0__final_pylint.txt,outputs_deepseek_prompt_v3\reports\static_analysis\bandit\HumanEval_4__structured_cot__sample0__final_bandit.json,outputs_deepseek_prompt_v3\reports\static_analysis\bandit\HumanEval_4__structured_cot__sample0__final_bandit.stderr.txt,True,passed,9.0,8.0,7.0,9.0,9.0,8.0,"The code is clean and efficient but incorrectly returns 0.0 for an empty list instead of raising an error, which violates mathematical correctness.",,,,,,,
HumanEval/4,mean_absolute_deviation,self_refine,0,"""""""Calculate Mean Absolute Deviation (MAD) for a list of numbers.""""""

from typing import List


def mean_absolute_deviation(numbers: List[float]) -> float:
    """"""
    Calculate Mean Absolute Deviation around the mean of the dataset.

    Mean Absolute Deviation is the average absolute difference between each
    element and the mean of the dataset:
    MAD = average | x - x_mean |

    Args:
        numbers: List of floating-point numbers.

    Returns:
        The Mean Absolute Deviation as a float.

    Example:
        >>> mean_absolute_deviation([1.0, 2.0, 3.0, 4.0])
        1.0
    """"""
    if not numbers:
        return 0.0

    mean = sum(numbers) / len(numbers)
    absolute_deviations = [abs(num - mean) for num in numbers]
    return sum(absolute_deviations) / len(absolute_deviations)",raw_generations/HumanEval_4/self_refine_sample0.py,"""""""Calculate Mean Absolute Deviation (MAD) for a list of numbers.""""""

from typing import List


def mean_absolute_deviation(numbers: List[float]) -> float:
    """"""
    Calculate Mean Absolute Deviation around the mean of the dataset.

    Mean Absolute Deviation is the average absolute difference between each
    element and the mean of the dataset:
    MAD = average | x - x_mean |

    Args:
        numbers: List of floating-point numbers.

    Returns:
        The Mean Absolute Deviation as a float.

    Example:
        >>> mean_absolute_deviation([1.0, 2.0, 3.0, 4.0])
        1.0
    """"""
    if not numbers:
        return 0.0

    mean = sum(numbers) / len(numbers)
    absolute_deviations = [abs(num - mean) for num in numbers]
    return sum(absolute_deviations) / len(absolute_deviations)",raw_generations/HumanEval_4/self_refine_sample0_initial.py,True,,8.57,0,3.0,3,76.97552767848822,outputs_deepseek_prompt_v3\reports\static_analysis\pylint\HumanEval_4__self_refine__sample0__final_pylint.txt,outputs_deepseek_prompt_v3\reports\static_analysis\bandit\HumanEval_4__self_refine__sample0__final_bandit.json,outputs_deepseek_prompt_v3\reports\static_analysis\bandit\HumanEval_4__self_refine__sample0__final_bandit.stderr.txt,True,passed,9.0,9.0,8.0,8.0,9.0,8.0,"Clean, readable, and mostly correct implementation, but lacks handling for edge cases like single-element lists and could be slightly more efficient by avoiding a second len() call.",8.57,True,passed,outputs_deepseek_prompt_v3\reports\static_analysis\pylint\HumanEval_4__self_refine__sample0__initial_pylint.txt,outputs_deepseek_prompt_v3\reports\static_analysis\bandit\HumanEval_4__self_refine__sample0__initial_bandit.json,outputs_deepseek_prompt_v3\reports\static_analysis\bandit\HumanEval_4__self_refine__sample0__initial_bandit.stderr.txt,False
HumanEval/5,intersperse,zero_shot,0,"from typing import List


def intersperse(numbers: List[int], delimeter: int) -> List[int]:
    """"""
    Insert a number 'delimeter' between every two consecutive elements of input list `numbers'

    Example:
        >>> intersperse([1, 2, 3], 4)
        [1, 4, 2, 4, 3]
    """"""
    if not numbers:
        return []
    
    result = []
    for i, num in enumerate(numbers):
        result.append(num)
        if i != len(numbers) - 1:
            result.append(delimeter)
    
    return result",raw_generations/HumanEval_5/zero_shot_sample0.py,,,True,,6.0,0,4.0,4,96.30346730062746,outputs_deepseek_prompt_v3\reports\static_analysis\pylint\HumanEval_5__zero_shot__sample0__final_pylint.txt,outputs_deepseek_prompt_v3\reports\static_analysis\bandit\HumanEval_5__zero_shot__sample0__final_bandit.json,outputs_deepseek_prompt_v3\reports\static_analysis\bandit\HumanEval_5__zero_shot__sample0__final_bandit.stderr.txt,True,passed,9.0,8.0,10.0,8.0,7.0,8.0,"The code is clear and correct, but could be more Pythonic using list comprehension or itertools.chain, and the variable name 'delimeter' has a typo (should be 'delimiter').",,,,,,,
HumanEval/5,intersperse,constraint_guided,0,"""""""
Functions for list manipulation and transformation.
""""""

from typing import List


def intersperse(numbers: List[int], delimeter: int) -> List[int]:
    """"""
    Insert a number 'delimeter' between every two consecutive elements of input list `numbers'.

    Args:
        numbers: The list of integers to process.
        delimeter: The integer to insert between consecutive elements.

    Returns:
        A new list with the delimeter inserted between every two consecutive elements.

    Example:
        >>> intersperse([1, 2, 3], 4)
        [1, 4, 2, 4, 3]
    """"""
    if not numbers:
        return []

    result = []
    for i, num in enumerate(numbers):
        result.append(num)
        if i < len(numbers) - 1:
            result.append(delimeter)

    return result",raw_generations/HumanEval_5/constraint_guided_sample0.py,,,True,,9.0,0,4.0,4,84.8659147719645,outputs_deepseek_prompt_v3\reports\static_analysis\pylint\HumanEval_5__constraint_guided__sample0__final_pylint.txt,outputs_deepseek_prompt_v3\reports\static_analysis\bandit\HumanEval_5__constraint_guided__sample0__final_bandit.json,outputs_deepseek_prompt_v3\reports\static_analysis\bandit\HumanEval_5__constraint_guided__sample0__final_bandit.stderr.txt,True,passed,9.0,8.0,9.0,8.0,7.0,8.0,"The code is clear and correct, but could be more Pythonic by using itertools or a more concise approach.",,,,,,,
HumanEval/5,intersperse,structured_cot,0,"from typing import List


def intersperse(numbers: List[int], delimeter: int) -> List[int]:
    """"""
    Insert a number 'delimeter' between every two consecutive elements of input list `numbers'

    Example:
        >>> intersperse([1, 2, 3], 4)
        [1, 4, 2, 4, 3]
    """"""
    if not numbers:
        return []
    
    result = []
    for i, num in enumerate(numbers):
        result.append(num)
        if i != len(numbers) - 1:
            result.append(delimeter)
    return result",raw_generations/HumanEval_5/structured_cot_sample0.py,,,True,,7.0,0,4.0,4,96.30346730062746,outputs_deepseek_prompt_v3\reports\static_analysis\pylint\HumanEval_5__structured_cot__sample0__final_pylint.txt,outputs_deepseek_prompt_v3\reports\static_analysis\bandit\HumanEval_5__structured_cot__sample0__final_bandit.json,outputs_deepseek_prompt_v3\reports\static_analysis\bandit\HumanEval_5__structured_cot__sample0__final_bandit.stderr.txt,True,passed,9.0,8.0,9.0,8.0,8.0,8.0,"Clean, readable code with proper edge-case handling, though slightly less Pythonic than using itertools.chain or list comprehension with slicing.",,,,,,,
HumanEval/5,intersperse,self_refine,0,"""""""List manipulation utilities.""""""

from typing import List


def intersperse(numbers: List[int], delimeter: int) -> List[int]:
    """"""
    Insert a number 'delimeter' between every two consecutive elements of input list `numbers'.

    Args:
        numbers: List of integers to intersperse.
        delimeter: Integer to insert between consecutive elements.

    Returns:
        List with delimeter inserted between consecutive elements.

    Example:
        >>> intersperse([1, 2, 3], 4)
        [1, 4, 2, 4, 3]
    """"""
    if not numbers:
        return []

    result = []
    for i, num in enumerate(numbers):
        result.append(num)
        if i < len(numbers) - 1:
            result.append(delimeter)

    return result",raw_generations/HumanEval_5/self_refine_sample0.py,"""""""List manipulation utilities.""""""

from typing import List


def intersperse(numbers: List[int], delimeter: int) -> List[int]:
    """"""
    Insert a number 'delimeter' between every two consecutive elements of input list `numbers'.

    Args:
        numbers: List of integers to intersperse.
        delimeter: Integer to insert between consecutive elements.

    Returns:
        List with delimeter inserted between consecutive elements.

    Example:
        >>> intersperse([1, 2, 3], 4)
        [1, 4, 2, 4, 3]
    """"""
    if not numbers:
        return []

    result = []
    for i, num in enumerate(numbers):
        result.append(num)
        if i < len(numbers) - 1:
            result.append(delimeter)

    return result",raw_generations/HumanEval_5/self_refine_sample0_initial.py,True,,9.0,0,4.0,4,90.3491370465461,outputs_deepseek_prompt_v3\reports\static_analysis\pylint\HumanEval_5__self_refine__sample0__final_pylint.txt,outputs_deepseek_prompt_v3\reports\static_analysis\bandit\HumanEval_5__self_refine__sample0__final_bandit.json,outputs_deepseek_prompt_v3\reports\static_analysis\bandit\HumanEval_5__self_refine__sample0__final_bandit.stderr.txt,True,passed,8.0,7.0,9.0,8.0,7.0,7.0,Code is clear and correct but could be more Pythonic with list comprehension or itertools.,9.0,True,passed,outputs_deepseek_prompt_v3\reports\static_analysis\pylint\HumanEval_5__self_refine__sample0__initial_pylint.txt,outputs_deepseek_prompt_v3\reports\static_analysis\bandit\HumanEval_5__self_refine__sample0__initial_bandit.json,outputs_deepseek_prompt_v3\reports\static_analysis\bandit\HumanEval_5__self_refine__sample0__initial_bandit.stderr.txt,False
HumanEval/6,parse_nested_parens,zero_shot,0,"from typing import List


def parse_nested_parens(paren_string: str) -> List[int]:
    """"""
    Input to this function is a string containing ""("" and "")""s (not exclusively),
    possibly including multiple groups for nested parentheses.
    For each of these groups, output the deepest level of nesting of parentheses.
    E.g. (()()) has maximum two levels of nesting while ((())) has three and )( has zero.

    Example:
        >>> parse_nested_parens('{\""example\"": \""(()[]()) ((()))()((())()() )\""}')
        [2, 3, 1, 3]
    """"""
    result = []
    current_depth = 0
    max_depth = 0
    in_group = False
    
    for char in paren_string:
        if char == '(':
            current_depth += 1
            in_group = True
            max_depth = max(max_depth, current_depth)
        elif char == ')':
            if current_depth > 0:
                current_depth -= 1
            if current_depth == 0 and in_group:
                result.append(max_depth)
                max_depth = 0
                in_group = False
        elif char == ' ' and in_group and current_depth == 0:
            result.append(max_depth)
            max_depth = 0
            in_group = False
    
    if in_group:
        result.append(max_depth)
    
    return result",raw_generations/HumanEval_6/zero_shot_sample0.py,,,True,,8.0,0,11.0,11,80.68131949494651,outputs_deepseek_prompt_v3\reports\static_analysis\pylint\HumanEval_6__zero_shot__sample0__final_pylint.txt,outputs_deepseek_prompt_v3\reports\static_analysis\bandit\HumanEval_6__zero_shot__sample0__final_bandit.json,outputs_deepseek_prompt_v3\reports\static_analysis\bandit\HumanEval_6__zero_shot__sample0__final_bandit.stderr.txt,False,assertion_failed: ,7.0,6.0,5.0,9.0,6.0,6.0,"The code has logic flaws in handling edge cases and incorrect parsing of multiple groups, and uses non-idiomatic control flow with boolean flags.",,,,,,,
HumanEval/6,parse_nested_parens,constraint_guided,0,"from typing import List


def parse_nested_parens(paren_string: str) -> List[int]:
    """"""
    Parse a string containing multiple groups of parentheses and return
    the maximum nesting depth for each group.

    Args:
        paren_string: A string containing groups of parentheses separated
                     by spaces. The string may contain other characters.

    Returns:
        A list of integers where each integer represents the maximum
        nesting depth of parentheses in each group.

    Example:
        >>> parse_nested_parens('(()()) ((())) () ((())())')
        [2, 3, 0, 3]
    """"""
    results = []
    current_depth = 0
    max_depth = 0
    in_group = False

    for char in paren_string:
        if char == '(':
            current_depth += 1
            in_group = True
            max_depth = max(max_depth, current_depth)
        elif char == ')':
            if current_depth > 0:
                current_depth -= 1
        elif char == ' ':
            if in_group:
                results.append(max_depth)
                current_depth = 0
                max_depth = 0
                in_group = False

    if in_group:
        results.append(max_depth)

    return results",raw_generations/HumanEval_6/constraint_guided_sample0.py,,,True,,9.13,0,8.0,8,85.48984516115412,outputs_deepseek_prompt_v3\reports\static_analysis\pylint\HumanEval_6__constraint_guided__sample0__final_pylint.txt,outputs_deepseek_prompt_v3\reports\static_analysis\bandit\HumanEval_6__constraint_guided__sample0__final_bandit.json,outputs_deepseek_prompt_v3\reports\static_analysis\bandit\HumanEval_6__constraint_guided__sample0__final_bandit.stderr.txt,False,assertion_failed: ,8.0,7.0,5.0,9.0,7.0,6.0,"The code has logical errors in handling edge cases like unmatched parentheses and non-parenthesis characters, and the docstring example doesn't match the function's actual behavior.",,,,,,,
HumanEval/6,parse_nested_parens,structured_cot,0,"from typing import List


def parse_nested_parens(paren_string: str) -> List[int]:
    """"""
    Input to this function is a string containing ""("" and "")""s (not exclusively),
    possibly including multiple groups for nested parentheses.
    For each of these groups, output the deepest level of nesting of parentheses.
    E.g. (()()) has maximum two levels of nesting while ((())) has three and )( has zero.

    Example:
        >>> parse_nested_parens('{""example"": ""(()[]()) ((()))()((())()() )""}')
        [2, 3, 1, 3]
    """"""
    result = []
    current_max = 0
    current_depth = 0

    for char in paren_string:
        if char == '(':
            current_depth += 1
            current_max = max(current_max, current_depth)
        elif char == ')':
            current_depth -= 1
            if current_depth == 0:
                result.append(current_max)
                current_max = 0
        elif char == ' ' and current_depth == 0:
            continue

    return result",raw_generations/HumanEval_6/structured_cot_sample0.py,,,True,,8.82,0,7.0,7,87.21434095105158,outputs_deepseek_prompt_v3\reports\static_analysis\pylint\HumanEval_6__structured_cot__sample0__final_pylint.txt,outputs_deepseek_prompt_v3\reports\static_analysis\bandit\HumanEval_6__structured_cot__sample0__final_bandit.json,outputs_deepseek_prompt_v3\reports\static_analysis\bandit\HumanEval_6__structured_cot__sample0__final_bandit.stderr.txt,False,assertion_failed: ,7.0,6.0,4.0,9.0,7.0,6.0,"The code has logical flaws in handling multiple groups and edge cases, and incorrectly processes spaces within parentheses, making it unreliable for the specified task.",,,,,,,
HumanEval/6,parse_nested_parens,self_refine,0,"""""""
Parse nested parentheses strings to find maximum nesting depth for each group.
""""""

from typing import List


def parse_nested_parens(paren_string: str) -> List[int]:
    """"""
    Parse a string containing multiple groups of parentheses and return
    the maximum nesting depth for each group.

    Args:
        paren_string: String containing parentheses groups separated by spaces.
                     May contain other characters which are ignored.

    Returns:
        List of integers representing maximum nesting depth for each group.

    Example:
        >>> parse_nested_parens('(()()) ((())) (()(()))')
        [2, 3, 3]
    """"""
    results = []
    current_depth = 0
    max_depth = 0
    in_group = False

    for char in paren_string:
        if char == '(':
            current_depth += 1
            in_group = True
            max_depth = max(max_depth, current_depth)
        elif char == ')':
            if current_depth > 0:
                current_depth -= 1
            # If we reach depth 0 and were in a group, record the result
            if current_depth == 0 and in_group:
                results.append(max_depth)
                max_depth = 0
                in_group = False
        elif char == ' ':
            # Handle space-separated groups
            if in_group and current_depth == 0:
                results.append(max_depth)
                max_depth = 0
                in_group = False
            # Reset for new group if we encounter space
            current_depth = 0
            max_depth = 0
            in_group = False

    # Handle case where string ends with a group
    if in_group and current_depth == 0:
        results.append(max_depth)

    return results",raw_generations/HumanEval_6/self_refine_sample0.py,"""""""
Parse nested parentheses strings to find maximum nesting depth for each group.
""""""

from typing import List


def parse_nested_parens(paren_string: str) -> List[int]:
    """"""
    Parse a string containing multiple groups of parentheses and return
    the maximum nesting depth for each group.

    Args:
        paren_string: String containing parentheses groups separated by spaces.
                     May contain other characters which are ignored.

    Returns:
        List of integers representing maximum nesting depth for each group.

    Example:
        >>> parse_nested_parens('(()()) ((())) (()(()))')
        [2, 3, 3]
    """"""
    results = []
    current_depth = 0
    max_depth = 0
    in_group = False

    for char in paren_string:
        if char == '(':
            current_depth += 1
            in_group = True
            max_depth = max(max_depth, current_depth)
        elif char == ')':
            if current_depth > 0:
                current_depth -= 1
            # If we reach depth 0 and were in a group, record the result
            if current_depth == 0 and in_group:
                results.append(max_depth)
                max_depth = 0
                in_group = False
        elif char == ' ':
            # Handle space-separated groups
            if in_group and current_depth == 0:
                results.append(max_depth)
                max_depth = 0
                in_group = False
            # Reset for new group if we encounter space
            current_depth = 0
            max_depth = 0
            in_group = False

    # Handle case where string ends with a group
    if in_group and current_depth == 0:
        results.append(max_depth)

    return results",raw_generations/HumanEval_6/self_refine_sample0_initial.py,True,,9.66,0,12.0,12,79.81498142848375,outputs_deepseek_prompt_v3\reports\static_analysis\pylint\HumanEval_6__self_refine__sample0__final_pylint.txt,outputs_deepseek_prompt_v3\reports\static_analysis\bandit\HumanEval_6__self_refine__sample0__final_bandit.json,outputs_deepseek_prompt_v3\reports\static_analysis\bandit\HumanEval_6__self_refine__sample0__final_bandit.stderr.txt,False,assertion_failed: ,7.0,6.0,4.0,8.0,5.0,5.0,"The code has logical flaws in handling edge cases and non-parenthesis characters, and uses non-idiomatic state management instead of simpler approaches.",9.66,False,assertion_failed: ,outputs_deepseek_prompt_v3\reports\static_analysis\pylint\HumanEval_6__self_refine__sample0__initial_pylint.txt,outputs_deepseek_prompt_v3\reports\static_analysis\bandit\HumanEval_6__self_refine__sample0__initial_bandit.json,outputs_deepseek_prompt_v3\reports\static_analysis\bandit\HumanEval_6__self_refine__sample0__initial_bandit.stderr.txt,False
HumanEval/7,filter_by_substring,zero_shot,0,"from typing import List


def filter_by_substring(strings: List[str], substring: str) -> List[str]:
    """"""
    Filter an input list of strings only for ones that contain given substring.

    Example:
        >>> filter_by_substring(['abc', 'bacd', 'cde', 'array'], 'a')
        ['abc', 'bacd', 'array']
    """"""
    return [s for s in strings if substring in s]",raw_generations/HumanEval_7/zero_shot_sample0.py,,,True,,3.33,0,3.0,3,87.85234636161907,outputs_deepseek_prompt_v3\reports\static_analysis\pylint\HumanEval_7__zero_shot__sample0__final_pylint.txt,outputs_deepseek_prompt_v3\reports\static_analysis\bandit\HumanEval_7__zero_shot__sample0__final_bandit.json,outputs_deepseek_prompt_v3\reports\static_analysis\bandit\HumanEval_7__zero_shot__sample0__final_bandit.stderr.txt,True,passed,9.0,9.0,10.0,9.0,10.0,9.0,"Clean, idiomatic Python implementation that perfectly solves the task with a simple list comprehension.",,,,,,,
HumanEval/7,filter_by_substring,constraint_guided,0,"""""""
String filtering utilities.

This module provides functions for filtering strings based on various criteria.
""""""

from typing import List


def filter_by_substring(strings: List[str], substring: str) -> List[str]:
    """"""
    Filter an input list of strings only for ones that contain given substring.

    Args:
        strings: A list of strings to filter.
        substring: The substring to search for within each string.

    Returns:
        A new list containing only the strings from the input list that contain
        the specified substring.

    Example:
        >>> filter_by_substring(['abc', 'bacd', 'cde', 'array'], 'a')
        ['abc', 'bacd', 'array']
    """"""
    if not strings:
        return []

    if not substring:
        return strings[:]

    return [s for s in strings if substring in s]",raw_generations/HumanEval_7/constraint_guided_sample0.py,,,True,,8.57,0,5.0,5,69.29480868014372,outputs_deepseek_prompt_v3\reports\static_analysis\pylint\HumanEval_7__constraint_guided__sample0__final_pylint.txt,outputs_deepseek_prompt_v3\reports\static_analysis\bandit\HumanEval_7__constraint_guided__sample0__final_bandit.json,outputs_deepseek_prompt_v3\reports\static_analysis\bandit\HumanEval_7__constraint_guided__sample0__final_bandit.stderr.txt,True,passed,9.0,9.0,8.0,9.0,9.0,9.0,"Clean, efficient, and well-documented code with minor edge-case handling improvements needed.",,,,,,,
HumanEval/7,filter_by_substring,structured_cot,0,"from typing import List


def filter_by_substring(strings: List[str], substring: str) -> List[str]:
    """"""
    Filter an input list of strings only for ones that contain given substring.

    Example:
        >>> filter_by_substring(['abc', 'bacd', 'cde', 'array'], 'a')
        ['abc', 'bacd', 'array']
    """"""
    return [s for s in strings if substring in s]",raw_generations/HumanEval_7/structured_cot_sample0.py,,,True,,3.33,0,3.0,3,87.85234636161907,outputs_deepseek_prompt_v3\reports\static_analysis\pylint\HumanEval_7__structured_cot__sample0__final_pylint.txt,outputs_deepseek_prompt_v3\reports\static_analysis\bandit\HumanEval_7__structured_cot__sample0__final_bandit.json,outputs_deepseek_prompt_v3\reports\static_analysis\bandit\HumanEval_7__structured_cot__sample0__final_bandit.stderr.txt,True,passed,9.0,9.0,10.0,9.0,10.0,9.0,"Clean, idiomatic implementation using a list comprehension that correctly fulfills the specification with good performance and readability.",,,,,,,
HumanEval/7,filter_by_substring,self_refine,0,"""""""
String filtering utility functions.

This module provides functions for filtering lists of strings based on
various criteria, such as substring presence.
""""""

from typing import List


def filter_by_substring(strings: List[str], substring: str) -> List[str]:
    """"""
    Filter an input list of strings only for ones that contain given substring.

    Args:
        strings: List of strings to filter.
        substring: Substring to search for within each string.

    Returns:
        List of strings from the input that contain the specified substring.

    Example:
        >>> filter_by_substring(['abc', 'bacd', 'cde', 'array'], 'a')
        ['abc', 'bacd', 'array']
    """"""
    if not strings:
        return []

    if not substring:
        return strings

    return [s for s in strings if substring in s]",raw_generations/HumanEval_7/self_refine_sample0.py,"""""""
String filtering utility functions.

This module provides functions for filtering lists of strings based on
various criteria, such as substring presence.
""""""

from typing import List


def filter_by_substring(strings: List[str], substring: str) -> List[str]:
    """"""
    Filter an input list of strings only for ones that contain given substring.

    Args:
        strings: List of strings to filter.
        substring: Substring to search for within each string.

    Returns:
        List of strings from the input that contain the specified substring.

    Example:
        >>> filter_by_substring(['abc', 'bacd', 'cde', 'array'], 'a')
        ['abc', 'bacd', 'array']
    """"""
    if not strings:
        return []

    if not substring:
        return strings

    return [s for s in strings if substring in s]",raw_generations/HumanEval_7/self_refine_sample0_initial.py,True,,8.57,0,5.0,5,70.29296093374417,outputs_deepseek_prompt_v3\reports\static_analysis\pylint\HumanEval_7__self_refine__sample0__final_pylint.txt,outputs_deepseek_prompt_v3\reports\static_analysis\bandit\HumanEval_7__self_refine__sample0__final_bandit.json,outputs_deepseek_prompt_v3\reports\static_analysis\bandit\HumanEval_7__self_refine__sample0__final_bandit.stderr.txt,True,passed,9.0,9.0,8.0,9.0,9.0,9.0,"Clean, efficient, and well-documented code with minor edge case handling considerations.",8.57,True,passed,outputs_deepseek_prompt_v3\reports\static_analysis\pylint\HumanEval_7__self_refine__sample0__initial_pylint.txt,outputs_deepseek_prompt_v3\reports\static_analysis\bandit\HumanEval_7__self_refine__sample0__initial_bandit.json,outputs_deepseek_prompt_v3\reports\static_analysis\bandit\HumanEval_7__self_refine__sample0__initial_bandit.stderr.txt,False
HumanEval/8,sum_product,zero_shot,0,"from typing import List, Tuple


def sum_product(numbers: List[int]) -> Tuple[int, int]:
    """"""
    For a given list of integers, return a tuple consisting of a sum and a product of all the integers in a list.
    Empty sum should be equal to 0 and empty product should be equal to 1.

    Example:
        >>> sum_product([1, 2, 3, 4])
        (10, 24)
    """"""
    if not numbers:
        return (0, 1)
    sum_val = 0
    product_val = 1
    for num in numbers:
        sum_val += num
        product_val *= num
    return (sum_val, product_val)",raw_generations/HumanEval_8/zero_shot_sample0.py,,,True,,7.0,0,3.0,3,96.2701573167785,outputs_deepseek_prompt_v3\reports\static_analysis\pylint\HumanEval_8__zero_shot__sample0__final_pylint.txt,outputs_deepseek_prompt_v3\reports\static_analysis\bandit\HumanEval_8__zero_shot__sample0__final_bandit.json,outputs_deepseek_prompt_v3\reports\static_analysis\bandit\HumanEval_8__zero_shot__sample0__final_bandit.stderr.txt,True,passed,9.0,8.0,10.0,8.0,7.0,8.0,"The code is clear and correct, but could be more Pythonic by using built-in functions like sum() and math.prod() for better readability and efficiency.",,,,,,,
HumanEval/8,sum_product,constraint_guided,0,"""""""
Module for calculating sum and product of a list of integers.
""""""

from typing import List, Tuple


def sum_product(numbers: List[int]) -> Tuple[int, int]:
    """"""
    Calculate the sum and product of all integers in a list.

    Args:
        numbers: A list of integers to process.

    Returns:
        A tuple containing (sum, product) of all integers in the list.
        For an empty list, returns (0, 1).

    Examples:
        >>> sum_product([1, 2, 3, 4])
        (10, 24)
        >>> sum_product([])
        (0, 1)
        >>> sum_product([5])
        (5, 5)
    """"""
    if not numbers:
        return (0, 1)

    total_sum = 0
    total_product = 1

    for number in numbers:
        total_sum += number
        total_product *= number

    return (total_sum, total_product)",raw_generations/HumanEval_8/constraint_guided_sample0.py,,,True,,9.0,0,3.0,3,76.93722903614594,outputs_deepseek_prompt_v3\reports\static_analysis\pylint\HumanEval_8__constraint_guided__sample0__final_pylint.txt,outputs_deepseek_prompt_v3\reports\static_analysis\bandit\HumanEval_8__constraint_guided__sample0__final_bandit.json,outputs_deepseek_prompt_v3\reports\static_analysis\bandit\HumanEval_8__constraint_guided__sample0__final_bandit.stderr.txt,True,passed,9.0,8.0,10.0,8.0,7.0,8.0,"Clean and correct implementation with good documentation, but could be more Pythonic using built-in functions like sum() and math.prod().",,,,,,,
HumanEval/8,sum_product,structured_cot,0,"from typing import List, Tuple


def sum_product(numbers: List[int]) -> Tuple[int, int]:
    """"""
    For a given list of integers, return a tuple consisting of a sum and a product of all the integers in a list.
    Empty sum should be equal to 0 and empty product should be equal to 1.

    Example:
        >>> sum_product([1, 2, 3, 4])
        (10, 24)
    """"""
    if not numbers:
        return (0, 1)
    
    total_sum = 0
    total_product = 1
    
    for num in numbers:
        total_sum += num
        total_product *= num
    
    return (total_sum, total_product)",raw_generations/HumanEval_8/structured_cot_sample0.py,,,True,,4.0,0,3.0,3,96.2701573167785,outputs_deepseek_prompt_v3\reports\static_analysis\pylint\HumanEval_8__structured_cot__sample0__final_pylint.txt,outputs_deepseek_prompt_v3\reports\static_analysis\bandit\HumanEval_8__structured_cot__sample0__final_bandit.json,outputs_deepseek_prompt_v3\reports\static_analysis\bandit\HumanEval_8__structured_cot__sample0__final_bandit.stderr.txt,True,passed,9.0,8.0,10.0,9.0,7.0,9.0,"The code is clear, correct, and efficient, but could be more Pythonic by using built-in functions like sum() and math.prod() for better readability and maintainability.",,,,,,,
HumanEval/8,sum_product,self_refine,0,"""""""Module providing functions for calculating sum and product of integer lists.""""""

from typing import List, Tuple


def sum_product(numbers: List[int]) -> Tuple[int, int]:
    """"""
    For a given list of integers, return a tuple consisting of a sum and a product
    of all the integers in a list.
    Empty sum should be equal to 0 and empty product should be equal to 1.

    Args:
        numbers: A list of integers.

    Returns:
        A tuple containing (sum, product) of all integers in the list.

    Example:
        >>> sum_product([1, 2, 3, 4])
        (10, 24)
    """"""
    if not numbers:
        return 0, 1

    total_sum = 0
    total_product = 1

    for number in numbers:
        total_sum += number
        total_product *= number

    return total_sum, total_product",raw_generations/HumanEval_8/self_refine_sample0.py,"""""""Module providing functions for calculating sum and product of integer lists.""""""

from typing import List, Tuple


def sum_product(numbers: List[int]) -> Tuple[int, int]:
    """"""
    For a given list of integers, return a tuple consisting of a sum and a product
    of all the integers in a list.
    Empty sum should be equal to 0 and empty product should be equal to 1.

    Args:
        numbers: A list of integers.

    Returns:
        A tuple containing (sum, product) of all integers in the list.

    Example:
        >>> sum_product([1, 2, 3, 4])
        (10, 24)
    """"""
    if not numbers:
        return 0, 1

    total_sum = 0
    total_product = 1

    for number in numbers:
        total_sum += number
        total_product *= number

    return total_sum, total_product",raw_generations/HumanEval_8/self_refine_sample0_initial.py,True,,9.0,0,3.0,3,88.97449030759554,outputs_deepseek_prompt_v3\reports\static_analysis\pylint\HumanEval_8__self_refine__sample0__final_pylint.txt,outputs_deepseek_prompt_v3\reports\static_analysis\bandit\HumanEval_8__self_refine__sample0__final_bandit.json,outputs_deepseek_prompt_v3\reports\static_analysis\bandit\HumanEval_8__self_refine__sample0__final_bandit.stderr.txt,True,passed,9.0,8.0,9.0,8.0,7.0,8.0,The code is clear and correct but could be more Pythonic by using built-in functions like sum() and math.prod().,9.0,True,passed,outputs_deepseek_prompt_v3\reports\static_analysis\pylint\HumanEval_8__self_refine__sample0__initial_pylint.txt,outputs_deepseek_prompt_v3\reports\static_analysis\bandit\HumanEval_8__self_refine__sample0__initial_bandit.json,outputs_deepseek_prompt_v3\reports\static_analysis\bandit\HumanEval_8__self_refine__sample0__initial_bandit.stderr.txt,False
HumanEval/9,rolling_max,zero_shot,0,"from typing import List


def rolling_max(numbers: List[int]) -> List[int]:
    """"""
    From a given list of integers, generate a list of rolling maximum element found
    until given moment in the sequence.

    Example:
        >>> rolling_max([1, 2, 3, 2, 3, 4, 2])
        [1, 2, 3, 3, 3, 4, 4]
    """"""
    if not numbers:
        return []
    
    result = []
    current_max = numbers[0]
    
    for num in numbers:
        current_max = max(current_max, num)
        result.append(current_max)
    
    return result",raw_generations/HumanEval_9/zero_shot_sample0.py,,,True,,5.0,0,3.0,3,100.0,outputs_deepseek_prompt_v3\reports\static_analysis\pylint\HumanEval_9__zero_shot__sample0__final_pylint.txt,outputs_deepseek_prompt_v3\reports\static_analysis\bandit\HumanEval_9__zero_shot__sample0__final_bandit.json,outputs_deepseek_prompt_v3\reports\static_analysis\bandit\HumanEval_9__zero_shot__sample0__final_bandit.stderr.txt,True,passed,9.0,9.0,10.0,10.0,8.0,9.0,"Clean, efficient implementation with proper edge case handling, though could be slightly more Pythonic by using list comprehension or itertools.accumulate.",,,,,,,
HumanEval/9,rolling_max,constraint_guided,0,"from typing import List


def rolling_max(numbers: List[int]) -> List[int]:
    """"""
    Generate a list of rolling maximum elements from a given list of integers.

    For each position i in the input list, the output contains the maximum
    value found from the beginning of the list up to and including position i.

    Args:
        numbers: A list of integers.

    Returns:
        A list of integers where each element is the rolling maximum up to
        that position in the input list.

    Example:
        >>> rolling_max([1, 2, 3, 2, 3, 4, 2])
        [1, 2, 3, 3, 3, 4, 4]
    """"""
    if not numbers:
        return []

    result = []
    current_max = numbers[0]

    for num in numbers:
        if num > current_max:
            current_max = num
        result.append(current_max)

    return result",raw_generations/HumanEval_9/constraint_guided_sample0.py,,,True,,7.27,0,4.0,4,91.16797769996136,outputs_deepseek_prompt_v3\reports\static_analysis\pylint\HumanEval_9__constraint_guided__sample0__final_pylint.txt,outputs_deepseek_prompt_v3\reports\static_analysis\bandit\HumanEval_9__constraint_guided__sample0__final_bandit.json,outputs_deepseek_prompt_v3\reports\static_analysis\bandit\HumanEval_9__constraint_guided__sample0__final_bandit.stderr.txt,True,passed,9.0,9.0,10.0,10.0,8.0,9.0,"Clean, efficient implementation with excellent documentation and edge case handling, though slightly verbose type hints.",,,,,,,
HumanEval/9,rolling_max,structured_cot,0,"from typing import List


def rolling_max(numbers: List[int]) -> List[int]:
    """"""
    From a given list of integers, generate a list of rolling maximum element found
    until given moment in the sequence.

    Example:
        >>> rolling_max([1, 2, 3, 2, 3, 4, 2])
        [1, 2, 3, 3, 3, 4, 4]
    """"""
    if not numbers:
        return []
    
    result = []
    current_max = numbers[0]
    
    for num in numbers:
        current_max = max(current_max, num)
        result.append(current_max)
    
    return result",raw_generations/HumanEval_9/structured_cot_sample0.py,,,True,,5.0,0,3.0,3,100.0,outputs_deepseek_prompt_v3\reports\static_analysis\pylint\HumanEval_9__structured_cot__sample0__final_pylint.txt,outputs_deepseek_prompt_v3\reports\static_analysis\bandit\HumanEval_9__structured_cot__sample0__final_bandit.json,outputs_deepseek_prompt_v3\reports\static_analysis\bandit\HumanEval_9__structured_cot__sample0__final_bandit.stderr.txt,True,passed,9.0,9.0,10.0,10.0,9.0,9.0,"Clean, efficient implementation with proper edge case handling, though type hints could be modernized.",,,,,,,
HumanEval/9,rolling_max,self_refine,0,"from typing import List


def rolling_max(numbers: List[int]) -> List[int]:
    """"""
    Generate a list of rolling maximum elements from a given list of integers.

    For each position in the input list, the output contains the maximum value
    seen up to that point in the sequence.

    Args:
        numbers: List of integers to process.

    Returns:
        List of rolling maximum values.

    Example:
        >>> rolling_max([1, 2, 3, 2, 3, 4, 2])
        [1, 2, 3, 3, 3, 4, 4]
    """"""
    if not numbers:
        return []

    result = []
    current_max = numbers[0]

    for num in numbers:
        current_max = max(current_max, num)
        result.append(current_max)

    return result",raw_generations/HumanEval_9/self_refine_sample0.py,"from typing import List


def rolling_max(numbers: List[int]) -> List[int]:
    """"""
    Generate a list of rolling maximum elements from a given list of integers.
    
    For each position in the input list, the output contains the maximum value
    seen up to that point in the sequence.
    
    Args:
        numbers: List of integers to process.
    
    Returns:
        List of rolling maximum values.
    
    Example:
        >>> rolling_max([1, 2, 3, 2, 3, 4, 2])
        [1, 2, 3, 3, 3, 4, 4]
    """"""
    if not numbers:
        return []
    
    result = []
    current_max = numbers[0]
    
    for num in numbers:
        if num > current_max:
            current_max = num
        result.append(current_max)
    
    return result",raw_generations/HumanEval_9/self_refine_sample0_initial.py,True,,8.0,0,3.0,3,97.15342433513186,outputs_deepseek_prompt_v3\reports\static_analysis\pylint\HumanEval_9__self_refine__sample0__final_pylint.txt,outputs_deepseek_prompt_v3\reports\static_analysis\bandit\HumanEval_9__self_refine__sample0__final_bandit.json,outputs_deepseek_prompt_v3\reports\static_analysis\bandit\HumanEval_9__self_refine__sample0__final_bandit.stderr.txt,True,passed,9.0,9.0,10.0,9.0,8.0,9.0,"Clean, efficient implementation with excellent documentation and edge case handling, though could be slightly more Pythonic with type hints.",4.55,True,passed,outputs_deepseek_prompt_v3\reports\static_analysis\pylint\HumanEval_9__self_refine__sample0__initial_pylint.txt,outputs_deepseek_prompt_v3\reports\static_analysis\bandit\HumanEval_9__self_refine__sample0__initial_bandit.json,outputs_deepseek_prompt_v3\reports\static_analysis\bandit\HumanEval_9__self_refine__sample0__initial_bandit.stderr.txt,True
HumanEval/10,make_palindrome,zero_shot,0,"def make_palindrome(string: str) -> str:
    """"""
    Find the shortest palindrome that begins with a supplied string.
    Algorithm idea is simple:
    - Find the longest postfix of supplied string that is a palindrome.
    - Append to the end of the string reverse of a string prefix that comes before the palindromic suffix.
    """"""
    n = len(string)
    if n == 0:
        return """"
    
    # Find the longest palindromic suffix
    for i in range(n):
        # Check if substring from i to end is palindrome
        suffix = string[i:]
        if suffix == suffix[::-1]:
            # Prefix before the palindromic suffix
            prefix = string[:i]
            # Append reverse of prefix to original string
            return string + prefix[::-1]
    
    # Fallback: if no palindromic suffix found (should not happen for i=0)
    return string + string[::-1]",raw_generations/HumanEval_10/zero_shot_sample0.py,,,True,,5.0,0,4.0,4,85.33584983440063,outputs_deepseek_prompt_v3\reports\static_analysis\pylint\HumanEval_10__zero_shot__sample0__final_pylint.txt,outputs_deepseek_prompt_v3\reports\static_analysis\bandit\HumanEval_10__zero_shot__sample0__final_bandit.json,outputs_deepseek_prompt_v3\reports\static_analysis\bandit\HumanEval_10__zero_shot__sample0__final_bandit.stderr.txt,True,passed,8.0,7.0,6.0,4.0,7.0,6.0,"The algorithm is logically correct but inefficient (O(n²) time), and edge cases like empty string are handled but could be more robust.",,,,,,,
HumanEval/10,make_palindrome,constraint_guided,0,"""""""
Module for creating palindromes from strings.
""""""


def make_palindrome(string: str) -> str:
    """"""
    Find the shortest palindrome that begins with a supplied string.

    Algorithm:
    1. Find the longest suffix of the string that is a palindrome.
    2. Append the reverse of the prefix (before that palindrome) to the end.

    Args:
        string: The input string to start the palindrome.

    Returns:
        The shortest palindrome that begins with the input string.

    Examples:
        >>> make_palindrome(""cat"")
        'catac'
        >>> make_palindrome(""cata"")
        'catac'
    """"""
    if not string:
        return """"

    # Find the longest palindromic suffix
    for i in range(len(string)):
        suffix = string[i:]
        if suffix == suffix[::-1]:
            # Prefix is the part before the palindromic suffix
            prefix = string[:i]
            return string + prefix[::-1]

    # Fallback: entire string is not a palindrome, reverse the whole thing
    return string + string[:-1][::-1]",raw_generations/HumanEval_10/constraint_guided_sample0.py,,,True,,8.89,0,4.0,4,60.51332648573865,outputs_deepseek_prompt_v3\reports\static_analysis\pylint\HumanEval_10__constraint_guided__sample0__final_pylint.txt,outputs_deepseek_prompt_v3\reports\static_analysis\bandit\HumanEval_10__constraint_guided__sample0__final_bandit.json,outputs_deepseek_prompt_v3\reports\static_analysis\bandit\HumanEval_10__constraint_guided__sample0__final_bandit.stderr.txt,True,passed,8.0,7.0,6.0,4.0,7.0,6.0,The algorithm is inefficient (O(n²)) and has correctness issues with edge cases like single characters and palindromes.,,,,,,,
HumanEval/10,make_palindrome,structured_cot,0,"def make_palindrome(string: str) -> str:
    """"""
    Find the shortest palindrome that begins with a supplied string.
    Algorithm idea is simple:
    - Find the longest postfix of supplied string that is a palindrome.
    - Append to the end of the string reverse of a string prefix that comes before the palindromic suffix.

    Examples:
        >>> make_palindrome(""cat"")
        ""catac""
        >>> make_palindrome(""cata"")
        ""catac""
    """"""
    for i in range(len(string)):
        if string[i:] == string[i:][::-1]:
            return string + string[:i][::-1]
    return string + string[::-1]",raw_generations/HumanEval_10/structured_cot_sample0.py,,,True,,4.0,0,3.0,3,70.14586444765897,outputs_deepseek_prompt_v3\reports\static_analysis\pylint\HumanEval_10__structured_cot__sample0__final_pylint.txt,outputs_deepseek_prompt_v3\reports\static_analysis\bandit\HumanEval_10__structured_cot__sample0__final_bandit.json,outputs_deepseek_prompt_v3\reports\static_analysis\bandit\HumanEval_10__structured_cot__sample0__final_bandit.stderr.txt,True,passed,8.0,7.0,6.0,4.0,7.0,6.0,The algorithm is conceptually correct but inefficient due to repeated slicing and reversal; edge cases like empty strings are not explicitly handled.,,,,,,,
HumanEval/10,make_palindrome,self_refine,0,"""""""
Module for creating palindromes from strings.
""""""


def make_palindrome(string: str) -> str:
    """"""
    Find the shortest palindrome that begins with a supplied string.

    Algorithm:
    1. Find the longest suffix of the string that is a palindrome.
    2. Append the reverse of the prefix (before that palindrome suffix)
       to the end of the string.

    Args:
        string: The input string to extend into a palindrome.

    Returns:
        The shortest palindrome that starts with the input string.

    Examples:
        >>> make_palindrome(""cat"")
        'catac'
        >>> make_palindrome(""cata"")
        'catac'
    """"""
    if not string:
        return """"

    length = len(string)

    # Find the longest palindromic suffix
    for i in range(length):
        suffix = string[i:]
        if suffix == suffix[::-1]:
            # Found the longest palindromic suffix
            prefix_to_add = string[:i][::-1]
            return string + prefix_to_add

    # Fallback: entire string is not a palindrome, reverse and append all but last char
    return string + string[:-1][::-1]",raw_generations/HumanEval_10/self_refine_sample0.py,"""""""
Module for creating palindromes from strings.
""""""


def make_palindrome(string: str) -> str:
    """"""
    Find the shortest palindrome that begins with a supplied string.

    Algorithm:
    1. Find the longest suffix of the string that is a palindrome.
    2. Append the reverse of the prefix (before that palindrome suffix)
       to the end of the string.

    Args:
        string: The input string to extend into a palindrome.

    Returns:
        The shortest palindrome that starts with the input string.

    Examples:
        >>> make_palindrome(""cat"")
        'catac'
        >>> make_palindrome(""cata"")
        'catac'
    """"""
    if not string:
        return """"

    length = len(string)

    # Find the longest palindromic suffix
    for i in range(length):
        suffix = string[i:]
        if suffix == suffix[::-1]:
            # Found the longest palindromic suffix
            prefix_to_add = string[:i][::-1]
            return string + prefix_to_add

    # Fallback: entire string is not a palindrome, reverse and append all but last char
    return string + string[:-1][::-1]",raw_generations/HumanEval_10/self_refine_sample0_initial.py,True,,9.0,0,4.0,4,63.19484889131552,outputs_deepseek_prompt_v3\reports\static_analysis\pylint\HumanEval_10__self_refine__sample0__final_pylint.txt,outputs_deepseek_prompt_v3\reports\static_analysis\bandit\HumanEval_10__self_refine__sample0__final_bandit.json,outputs_deepseek_prompt_v3\reports\static_analysis\bandit\HumanEval_10__self_refine__sample0__final_bandit.stderr.txt,True,passed,8.0,7.0,6.0,4.0,7.0,6.0,"The code is readable and well-structured, but inefficient due to O(n²) palindrome checks, and the fallback case is logically redundant.",9.0,True,passed,outputs_deepseek_prompt_v3\reports\static_analysis\pylint\HumanEval_10__self_refine__sample0__initial_pylint.txt,outputs_deepseek_prompt_v3\reports\static_analysis\bandit\HumanEval_10__self_refine__sample0__initial_bandit.json,outputs_deepseek_prompt_v3\reports\static_analysis\bandit\HumanEval_10__self_refine__sample0__initial_bandit.stderr.txt,False
HumanEval/11,string_xor,zero_shot,0,"from typing import List


def string_xor(a: str, b: str) -> str:
    """"""
    Input are two strings a and b consisting only of 1s and 0s.
    Perform binary XOR on these inputs and return result also as a string.

    Example:
        >>> string_xor('10', '110')
        '100'
    """"""
    max_len = max(len(a), len(b))
    a_padded = a.zfill(max_len)
    b_padded = b.zfill(max_len)
    
    result_chars = []
    for char_a, char_b in zip(a_padded, b_padded):
        if char_a == char_b:
            result_chars.append('0')
        else:
            result_chars.append('1')
    
    result = ''.join(result_chars).lstrip('0')
    return result if result else '0'",raw_generations/HumanEval_11/zero_shot_sample0.py,,,True,,5.83,0,4.0,4,98.92182266768076,outputs_deepseek_prompt_v3\reports\static_analysis\pylint\HumanEval_11__zero_shot__sample0__final_pylint.txt,outputs_deepseek_prompt_v3\reports\static_analysis\bandit\HumanEval_11__zero_shot__sample0__final_bandit.json,outputs_deepseek_prompt_v3\reports\static_analysis\bandit\HumanEval_11__zero_shot__sample0__final_bandit.stderr.txt,False,assertion_failed: ,8.0,8.0,9.0,7.0,7.0,8.0,"The code is clear and handles edge cases well, but could be more efficient and Pythonic by using bitwise operations directly.",,,,,,,
HumanEval/11,string_xor,constraint_guided,0,"""""""
Binary string XOR operation.

This module provides a function to perform XOR operation on two binary strings.
""""""

from typing import List


def string_xor(a: str, b: str) -> str:
    """"""
    Perform binary XOR on two strings consisting only of '0' and '1'.

    Args:
        a: First binary string.
        b: Second binary string.

    Returns:
        The result of XOR operation as a binary string.

    Example:
        >>> string_xor('10', '110')
        '100'
    """"""
    if not a or not b:
        return a or b or ''

    max_len = max(len(a), len(b))
    a_padded = a.zfill(max_len)
    b_padded = b.zfill(max_len)

    result_chars = []
    for char_a, char_b in zip(a_padded, b_padded):
        if char_a == char_b:
            result_chars.append('0')
        else:
            result_chars.append('1')

    result = ''.join(result_chars).lstrip('0')
    return result if result else '0'",raw_generations/HumanEval_11/constraint_guided_sample0.py,,,True,,8.57,0,8.0,8,86.04933494084065,outputs_deepseek_prompt_v3\reports\static_analysis\pylint\HumanEval_11__constraint_guided__sample0__final_pylint.txt,outputs_deepseek_prompt_v3\reports\static_analysis\bandit\HumanEval_11__constraint_guided__sample0__final_bandit.json,outputs_deepseek_prompt_v3\reports\static_analysis\bandit\HumanEval_11__constraint_guided__sample0__final_bandit.stderr.txt,False,assertion_failed: ,8.0,7.0,8.0,7.0,7.0,7.0,"Code is clear and handles edge cases, but could be more efficient and Pythonic by using bitwise operations directly.",,,,,,,
HumanEval/11,string_xor,structured_cot,0,"from typing import List


def string_xor(a: str, b: str) -> str:
    """"""
    Input are two strings a and b consisting only of 1s and 0s.
    Perform binary XOR on these inputs and return result also as a string.

    Example:
        >>> string_xor('10', '110')
        '100'
    """"""
    max_len = max(len(a), len(b))
    a_padded = a.zfill(max_len)
    b_padded = b.zfill(max_len)
    
    result_chars = []
    for char_a, char_b in zip(a_padded, b_padded):
        if char_a == char_b:
            result_chars.append('0')
        else:
            result_chars.append('1')
    
    result = ''.join(result_chars).lstrip('0')
    return result if result else '0'",raw_generations/HumanEval_11/structured_cot_sample0.py,,,True,,5.83,0,4.0,4,98.92182266768076,outputs_deepseek_prompt_v3\reports\static_analysis\pylint\HumanEval_11__structured_cot__sample0__final_pylint.txt,outputs_deepseek_prompt_v3\reports\static_analysis\bandit\HumanEval_11__structured_cot__sample0__final_bandit.json,outputs_deepseek_prompt_v3\reports\static_analysis\bandit\HumanEval_11__structured_cot__sample0__final_bandit.stderr.txt,False,assertion_failed: ,8.0,7.0,9.0,8.0,7.0,8.0,"The code is clear and handles edge cases well, but could be more concise and Pythonic by using bitwise operations directly.",,,,,,,
HumanEval/11,string_xor,self_refine,0,"""""""Module for performing binary XOR on strings of 1s and 0s.""""""


def string_xor(a: str, b: str) -> str:
    """"""
    Perform binary XOR on two strings consisting only of 1s and 0s.

    Args:
        a: First binary string.
        b: Second binary string.

    Returns:
        Result of XOR operation as a string.

    Example:
        >>> string_xor('10', '110')
        '100'
    """"""
    max_len = max(len(a), len(b))
    padded_a = a.zfill(max_len)
    padded_b = b.zfill(max_len)

    result_chars = []
    for char_a, char_b in zip(padded_a, padded_b):
        if char_a == char_b:
            result_chars.append('0')
        else:
            result_chars.append('1')

    return ''.join(result_chars)",raw_generations/HumanEval_11/self_refine_sample0.py,"""""""Module for performing binary XOR on strings of 1s and 0s.""""""


def string_xor(a: str, b: str) -> str:
    """"""
    Perform binary XOR on two strings consisting only of 1s and 0s.

    Args:
        a: First binary string.
        b: Second binary string.

    Returns:
        Result of XOR operation as a string.

    Example:
        >>> string_xor('10', '110')
        '100'
    """"""
    max_len = max(len(a), len(b))
    padded_a = a.zfill(max_len)
    padded_b = b.zfill(max_len)

    result_chars = []
    for char_a, char_b in zip(padded_a, padded_b):
        if char_a == char_b:
            result_chars.append('0')
        else:
            result_chars.append('1')

    return ''.join(result_chars)",raw_generations/HumanEval_11/self_refine_sample0_initial.py,True,,9.0,0,3.0,3,96.19793775220995,outputs_deepseek_prompt_v3\reports\static_analysis\pylint\HumanEval_11__self_refine__sample0__final_pylint.txt,outputs_deepseek_prompt_v3\reports\static_analysis\bandit\HumanEval_11__self_refine__sample0__final_bandit.json,outputs_deepseek_prompt_v3\reports\static_analysis\bandit\HumanEval_11__self_refine__sample0__final_bandit.stderr.txt,True,passed,8.0,7.0,6.0,7.0,7.0,7.0,"The code is clear and well-structured but fails to validate input strings for valid binary characters, and the XOR logic could be more concise using bitwise operations.",9.0,True,passed,outputs_deepseek_prompt_v3\reports\static_analysis\pylint\HumanEval_11__self_refine__sample0__initial_pylint.txt,outputs_deepseek_prompt_v3\reports\static_analysis\bandit\HumanEval_11__self_refine__sample0__initial_bandit.json,outputs_deepseek_prompt_v3\reports\static_analysis\bandit\HumanEval_11__self_refine__sample0__initial_bandit.stderr.txt,False
HumanEval/12,longest,zero_shot,0,"from typing import List


def longest(strings: List[str]) -> str:
    """"""
    Out of a list of strings, return the longest one.
    Return the first one in case of multiple strings of the same length.
    Return an empty string for edge cases.

    Examples:
        >>> longest(['a', 'b', 'c'])
        'a'
        >>> longest(['a', 'bb', 'ccc'])
        'ccc'
    """"""
    if not strings:
        return """"
    
    longest_str = strings[0]
    for s in strings[1:]:
        if len(s) > len(longest_str):
            longest_str = s
    return longest_str",raw_generations/HumanEval_12/zero_shot_sample0.py,,,True,,6.67,0,4.0,4,94.10194168132134,outputs_deepseek_prompt_v3\reports\static_analysis\pylint\HumanEval_12__zero_shot__sample0__final_pylint.txt,outputs_deepseek_prompt_v3\reports\static_analysis\bandit\HumanEval_12__zero_shot__sample0__final_bandit.json,outputs_deepseek_prompt_v3\reports\static_analysis\bandit\HumanEval_12__zero_shot__sample0__final_bandit.stderr.txt,True,passed,-10.0,9.0,10.0,9.0,8.0,9.0,"Clean, efficient implementation with proper edge case handling, though could be more Pythonic using max() with key parameter.",,,,,,,
HumanEval/12,longest,constraint_guided,0,"from typing import List


def longest(strings: List[str]) -> str:
    """"""
    Return the longest string from a list of strings.
    If multiple strings have the same length, return the first one.
    Return an empty string for edge cases (empty list or None).

    Args:
        strings: A list of strings to evaluate.

    Returns:
        The longest string, or an empty string for edge cases.
    """"""
    if not strings:
        return ''
    
    longest_str = strings[0]
    max_length = len(longest_str)
    
    for s in strings[1:]:
        if len(s) > max_length:
            longest_str = s
            max_length = len(s)
    
    return longest_str",raw_generations/HumanEval_12/constraint_guided_sample0.py,,,True,,5.45,0,4.0,4,96.368561444858,outputs_deepseek_prompt_v3\reports\static_analysis\pylint\HumanEval_12__constraint_guided__sample0__final_pylint.txt,outputs_deepseek_prompt_v3\reports\static_analysis\bandit\HumanEval_12__constraint_guided__sample0__final_bandit.json,outputs_deepseek_prompt_v3\reports\static_analysis\bandit\HumanEval_12__constraint_guided__sample0__final_bandit.stderr.txt,True,passed,9.0,9.0,10.0,9.0,8.0,9.0,"Well-structured, efficient implementation with clear documentation, though could be slightly more Pythonic using built-in functions.",,,,,,,
HumanEval/12,longest,structured_cot,0,"from typing import List


def longest(strings: List[str]) -> str:
    """"""
    Out of a list of strings, return the longest one.
    Return the first one in case of multiple strings of the same length.
    Return an empty string for edge cases.

    Examples:
        >>> longest(['a', 'b', 'c'])
        'a'
        >>> longest(['a', 'bb', 'ccc'])
        'ccc'
    """"""
    if not strings:
        return ''
    return max(strings, key=len)",raw_generations/HumanEval_12/structured_cot_sample0.py,,,True,,6.0,0,2.0,2,86.77912981275455,outputs_deepseek_prompt_v3\reports\static_analysis\pylint\HumanEval_12__structured_cot__sample0__final_pylint.txt,outputs_deepseek_prompt_v3\reports\static_analysis\bandit\HumanEval_12__structured_cot__sample0__final_bandit.json,outputs_deepseek_prompt_v3\reports\static_analysis\bandit\HumanEval_12__structured_cot__sample0__final_bandit.stderr.txt,True,passed,9.0,9.0,8.0,10.0,10.0,9.0,"Clean, efficient implementation with minor edge case handling improvement needed.",,,,,,,
HumanEval/12,longest,self_refine,0,"from typing import List


def longest(strings: List[str]) -> str:
    """"""
    Return the longest string from a list of strings.

    If multiple strings have the same maximum length, return the first one.
    If the input list is empty or None, return an empty string.

    Args:
        strings: A list of strings to search through.

    Returns:
        The longest string, or an empty string for edge cases.

    Examples:
        >>> longest(['a', 'b', 'c'])
        'a'
        >>> longest(['a', 'bb', 'ccc'])
        'ccc'
        >>> longest([])
        ''
        >>> longest(['hello', 'world', 'test'])
        'hello'
    """"""
    if not strings:
        return ''

    longest_str = strings[0]

    for s in strings[1:]:
        if len(s) > len(longest_str):
            longest_str = s

    return longest_str",raw_generations/HumanEval_12/self_refine_sample0.py,"""""""
This module provides a function to find the longest string in a list.
""""""

from typing import List


def longest(strings: List[str]) -> str:
    """"""
    Return the longest string from a list of strings.
    
    If multiple strings have the same maximum length, return the first one.
    If the input list is empty or None, return an empty string.
    
    Args:
        strings: A list of strings to search through.
    
    Returns:
        The longest string, or an empty string for edge cases.
    
    Examples:
        >>> longest(['a', 'b', 'c'])
        'a'
        >>> longest(['a', 'bb', 'ccc'])
        'ccc'
        >>> longest([])
        ''
        >>> longest(['hello', 'world', 'test'])
        'hello'
    """"""
    if not strings:
        return ''
    
    longest_str = strings[0]
    
    for s in strings[1:]:
        if len(s) > len(longest_str):
            longest_str = s
    
    return longest_str",raw_generations/HumanEval_12/self_refine_sample0_initial.py,True,,7.78,0,4.0,4,76.32266427270761,outputs_deepseek_prompt_v3\reports\static_analysis\pylint\HumanEval_12__self_refine__sample0__final_pylint.txt,outputs_deepseek_prompt_v3\reports\static_analysis\bandit\HumanEval_12__self_refine__sample0__final_bandit.json,outputs_deepseek_prompt_v3\reports\static_analysis\bandit\HumanEval_12__self_refine__sample0__final_bandit.stderr.txt,True,passed,9.0,8.0,9.0,8.0,7.0,8.0,"Code is clear and correct, but could be more Pythonic using max() with key=len.",5.56,True,passed,outputs_deepseek_prompt_v3\reports\static_analysis\pylint\HumanEval_12__self_refine__sample0__initial_pylint.txt,outputs_deepseek_prompt_v3\reports\static_analysis\bandit\HumanEval_12__self_refine__sample0__initial_bandit.json,outputs_deepseek_prompt_v3\reports\static_analysis\bandit\HumanEval_12__self_refine__sample0__initial_bandit.stderr.txt,True
HumanEval/13,greatest_common_divisor,zero_shot,0,"def greatest_common_divisor(a: int, b: int) -> int:
    """"""
    Return the greatest common divisor of two integers a and b

    Examples:
        >>> greatest_common_divisor(3, 5)
        1
        >>> greatest_common_divisor(25, 15)
        5
    """"""
    while b:
        a, b = b, a % b
    return abs(a)",raw_generations/HumanEval_13/zero_shot_sample0.py,,,True,,5.0,0,2.0,2,85.87285774682948,outputs_deepseek_prompt_v3\reports\static_analysis\pylint\HumanEval_13__zero_shot__sample0__final_pylint.txt,outputs_deepseek_prompt_v3\reports\static_analysis\bandit\HumanEval_13__zero_shot__sample0__final_bandit.json,outputs_deepseek_prompt_v3\reports\static_analysis\bandit\HumanEval_13__zero_shot__sample0__final_bandit.stderr.txt,True,passed,9.0,9.0,10.0,10.0,10.0,9.0,Excellent implementation of Euclid's algorithm with clear documentation and proper handling of negative numbers.,,,,,,,
HumanEval/13,greatest_common_divisor,constraint_guided,0,"""""""Module providing a function to compute the greatest common divisor of two integers.""""""


def greatest_common_divisor(a: int, b: int) -> int:
    """"""
    Return the greatest common divisor of two integers a and b.

    Uses the Euclidean algorithm to compute the GCD efficiently.

    Examples:
        >>> greatest_common_divisor(3, 5)
        1
        >>> greatest_common_divisor(25, 15)
        5
    """"""
    while b != 0:
        a, b = b, a % b
    return abs(a)",raw_generations/HumanEval_13/constraint_guided_sample0.py,,,True,,7.5,0,2.0,2,75.72473628611908,outputs_deepseek_prompt_v3\reports\static_analysis\pylint\HumanEval_13__constraint_guided__sample0__final_pylint.txt,outputs_deepseek_prompt_v3\reports\static_analysis\bandit\HumanEval_13__constraint_guided__sample0__final_bandit.json,outputs_deepseek_prompt_v3\reports\static_analysis\bandit\HumanEval_13__constraint_guided__sample0__final_bandit.stderr.txt,True,passed,9.0,9.0,10.0,10.0,9.0,9.0,Excellent implementation of Euclidean algorithm with clear documentation and proper type hints.,,,,,,,
HumanEval/13,greatest_common_divisor,structured_cot,0,"def greatest_common_divisor(a: int, b: int) -> int:
    """"""
    Return the greatest common divisor of two integers a and b

    Examples:
        >>> greatest_common_divisor(3, 5)
        1
        >>> greatest_common_divisor(25, 15)
        5
    """"""
    while b:
        a, b = b, a % b
    return abs(a)",raw_generations/HumanEval_13/structured_cot_sample0.py,,,True,,5.0,0,2.0,2,85.87285774682948,outputs_deepseek_prompt_v3\reports\static_analysis\pylint\HumanEval_13__structured_cot__sample0__final_pylint.txt,outputs_deepseek_prompt_v3\reports\static_analysis\bandit\HumanEval_13__structured_cot__sample0__final_bandit.json,outputs_deepseek_prompt_v3\reports\static_analysis\bandit\HumanEval_13__structured_cot__sample0__final_bandit.stderr.txt,True,passed,9.0,9.0,9.0,10.0,10.0,9.0,Excellent implementation of Euclidean algorithm with clear variable names and proper handling of negative inputs via abs().,,,,,,,
HumanEval/13,greatest_common_divisor,self_refine,0,"""""""
Module providing mathematical utility functions.
""""""


def greatest_common_divisor(a: int, b: int) -> int:
    """"""
    Return the greatest common divisor of two integers a and b.

    Uses the Euclidean algorithm to compute the GCD efficiently.

    Args:
        a: First integer
        b: Second integer

    Returns:
        The greatest common divisor of a and b

    Examples:
        >>> greatest_common_divisor(3, 5)
        1
        >>> greatest_common_divisor(25, 15)
        5
        >>> greatest_common_divisor(48, 18)
        6
    """"""
    if a == 0 and b == 0:
        return 0

    a = abs(a)
    b = abs(b)

    while b != 0:
        a, b = b, a % b

    return a",raw_generations/HumanEval_13/self_refine_sample0.py,"""""""
Module providing mathematical utility functions.
""""""


def greatest_common_divisor(a: int, b: int) -> int:
    """"""
    Return the greatest common divisor of two integers a and b.

    Uses the Euclidean algorithm to compute the GCD efficiently.

    Args:
        a: First integer
        b: Second integer

    Returns:
        The greatest common divisor of a and b

    Examples:
        >>> greatest_common_divisor(3, 5)
        1
        >>> greatest_common_divisor(25, 15)
        5
        >>> greatest_common_divisor(48, 18)
        6
    """"""
    if a == 0 and b == 0:
        return 0

    a = abs(a)
    b = abs(b)

    while b != 0:
        a, b = b, a % b

    return a",raw_generations/HumanEval_13/self_refine_sample0_initial.py,True,,8.75,0,4.0,4,64.39378911805113,outputs_deepseek_prompt_v3\reports\static_analysis\pylint\HumanEval_13__self_refine__sample0__final_pylint.txt,outputs_deepseek_prompt_v3\reports\static_analysis\bandit\HumanEval_13__self_refine__sample0__final_bandit.json,outputs_deepseek_prompt_v3\reports\static_analysis\bandit\HumanEval_13__self_refine__sample0__final_bandit.stderr.txt,True,passed,-1.0,-1.0,-1.0,-1.0,-1.0,-1.0,"The code is well-structured, readable, and correctly implements the Euclidean algorithm with proper handling of edge cases and negative inputs.",8.75,True,passed,outputs_deepseek_prompt_v3\reports\static_analysis\pylint\HumanEval_13__self_refine__sample0__initial_pylint.txt,outputs_deepseek_prompt_v3\reports\static_analysis\bandit\HumanEval_13__self_refine__sample0__initial_bandit.json,outputs_deepseek_prompt_v3\reports\static_analysis\bandit\HumanEval_13__self_refine__sample0__initial_bandit.stderr.txt,False
HumanEval/14,all_prefixes,zero_shot,0,"from typing import List


def all_prefixes(string: str) -> List[str]:
    """"""
    Return list of all prefixes from shortest to longest of the input string.

    Example:
        >>> all_prefixes('abc')
        ['a', 'ab', 'abc']
    """"""
    return [string[:i] for i in range(1, len(string) + 1)]",raw_generations/HumanEval_14/zero_shot_sample0.py,,,True,,3.33,0,2.0,2,85.87285774682948,outputs_deepseek_prompt_v3\reports\static_analysis\pylint\HumanEval_14__zero_shot__sample0__final_pylint.txt,outputs_deepseek_prompt_v3\reports\static_analysis\bandit\HumanEval_14__zero_shot__sample0__final_bandit.json,outputs_deepseek_prompt_v3\reports\static_analysis\bandit\HumanEval_14__zero_shot__sample0__final_bandit.stderr.txt,True,passed,9.0,9.0,10.0,9.0,10.0,9.0,"The code is concise, correct, and idiomatic, but could benefit from handling edge cases like empty strings more explicitly.",,,,,,,
HumanEval/14,all_prefixes,constraint_guided,0,"""""""Return all prefixes of a string.""""""

from typing import List


def all_prefixes(string: str) -> List[str]:
    """"""
    Return list of all prefixes from shortest to longest of the input string.

    Example:
        >>> all_prefixes('abc')
        ['a', 'ab', 'abc']
    """"""
    prefixes = []
    for i in range(1, len(string) + 1):
        prefixes.append(string[:i])
    return prefixes",raw_generations/HumanEval_14/constraint_guided_sample0.py,,,True,,8.33,0,2.0,2,99.81614911947904,outputs_deepseek_prompt_v3\reports\static_analysis\pylint\HumanEval_14__constraint_guided__sample0__final_pylint.txt,outputs_deepseek_prompt_v3\reports\static_analysis\bandit\HumanEval_14__constraint_guided__sample0__final_bandit.json,outputs_deepseek_prompt_v3\reports\static_analysis\bandit\HumanEval_14__constraint_guided__sample0__final_bandit.stderr.txt,True,passed,9.0,9.0,10.0,9.0,8.0,9.0,"Clean, efficient implementation with minor opportunity for more Pythonic expression.",,,,,,,
HumanEval/14,all_prefixes,structured_cot,0,"from typing import List


def all_prefixes(string: str) -> List[str]:
    """"""
    Return list of all prefixes from shortest to longest of the input string.

    Example:
        >>> all_prefixes('abc')
        ['a', 'ab', 'abc']
    """"""
    return [string[:i] for i in range(1, len(string) + 1)]",raw_generations/HumanEval_14/structured_cot_sample0.py,,,True,,3.33,0,2.0,2,85.87285774682948,outputs_deepseek_prompt_v3\reports\static_analysis\pylint\HumanEval_14__structured_cot__sample0__final_pylint.txt,outputs_deepseek_prompt_v3\reports\static_analysis\bandit\HumanEval_14__structured_cot__sample0__final_bandit.json,outputs_deepseek_prompt_v3\reports\static_analysis\bandit\HumanEval_14__structured_cot__sample0__final_bandit.stderr.txt,True,passed,9.0,9.0,10.0,9.0,10.0,9.0,"Clean, efficient, and idiomatic implementation with proper documentation.",,,,,,,
HumanEval/14,all_prefixes,self_refine,0,"from typing import List


def all_prefixes(string: str) -> List[str]:
    """"""
    Return list of all prefixes from shortest to longest of the input string.

    Args:
        string: The input string to generate prefixes from.

    Returns:
        A list of all prefixes from shortest to longest.

    Example:
        >>> all_prefixes('abc')
        ['a', 'ab', 'abc']
    """"""
    if not string:
        return []

    prefixes = []
    for i in range(1, len(string) + 1):
        prefixes.append(string[:i])

    return prefixes",raw_generations/HumanEval_14/self_refine_sample0.py,"""""""Functions for generating string prefixes.""""""

from typing import List


def all_prefixes(string: str) -> List[str]:
    """"""
    Return list of all prefixes from shortest to longest of the input string.

    Args:
        string: The input string to generate prefixes from.

    Returns:
        A list of all prefixes from shortest to longest.

    Example:
        >>> all_prefixes('abc')
        ['a', 'ab', 'abc']
    """"""
    if not string:
        return []

    prefixes = []
    for i in range(1, len(string) + 1):
        prefixes.append(string[:i])
    
    return prefixes",raw_generations/HumanEval_14/self_refine_sample0_initial.py,True,,7.5,0,3.0,3,91.80343302404175,outputs_deepseek_prompt_v3\reports\static_analysis\pylint\HumanEval_14__self_refine__sample0__final_pylint.txt,outputs_deepseek_prompt_v3\reports\static_analysis\bandit\HumanEval_14__self_refine__sample0__final_bandit.json,outputs_deepseek_prompt_v3\reports\static_analysis\bandit\HumanEval_14__self_refine__sample0__final_bandit.stderr.txt,True,passed,-1.0,-1.0,-1.0,-1.0,-1.0,-1.0,"The code is well-structured, readable, and correctly implements the task, but could be more Pythonic with a list comprehension.",7.5,True,passed,outputs_deepseek_prompt_v3\reports\static_analysis\pylint\HumanEval_14__self_refine__sample0__initial_pylint.txt,outputs_deepseek_prompt_v3\reports\static_analysis\bandit\HumanEval_14__self_refine__sample0__initial_bandit.json,outputs_deepseek_prompt_v3\reports\static_analysis\bandit\HumanEval_14__self_refine__sample0__initial_bandit.stderr.txt,True
HumanEval/15,string_sequence,zero_shot,0,"def string_sequence(n: int) -> str:
    if n < 0:
        return ''
    return ' '.join(str(i) for i in range(n + 1))",raw_generations/HumanEval_15/zero_shot_sample0.py,,,True,,2.5,0,3.0,3,78.45287306850658,outputs_deepseek_prompt_v3\reports\static_analysis\pylint\HumanEval_15__zero_shot__sample0__final_pylint.txt,outputs_deepseek_prompt_v3\reports\static_analysis\bandit\HumanEval_15__zero_shot__sample0__final_bandit.json,outputs_deepseek_prompt_v3\reports\static_analysis\bandit\HumanEval_15__zero_shot__sample0__final_bandit.stderr.txt,True,passed,9.0,9.0,10.0,9.0,10.0,9.0,"Clean, efficient, and idiomatic implementation that correctly handles all cases.",,,,,,,
HumanEval/15,string_sequence,constraint_guided,0,"""""""
Module containing functions for generating string sequences.
""""""


def string_sequence(n: int) -> str:
    """"""
    Return a string containing space-delimited numbers starting from 0 up to n inclusive.
    
    Args:
        n: The upper bound of the sequence (inclusive).
    
    Returns:
        A space-delimited string of numbers from 0 to n inclusive.
        If n is negative, returns an empty string.
    
    Examples:
        >>> string_sequence(0)
        '0'
        >>> string_sequence(5)
        '0 1 2 3 4 5'
    """"""
    if n < 0:
        return """"
    
    return "" "".join(str(i) for i in range(n + 1))",raw_generations/HumanEval_15/constraint_guided_sample0.py,,,True,,5.0,0,3.0,3,49.96677357612663,outputs_deepseek_prompt_v3\reports\static_analysis\pylint\HumanEval_15__constraint_guided__sample0__final_pylint.txt,outputs_deepseek_prompt_v3\reports\static_analysis\bandit\HumanEval_15__constraint_guided__sample0__final_bandit.json,outputs_deepseek_prompt_v3\reports\static_analysis\bandit\HumanEval_15__constraint_guided__sample0__final_bandit.stderr.txt,True,passed,9.0,-10.0,10.0,10.0,10.0,9.0,"Excellent code with clear documentation and efficient implementation, though the module docstring is somewhat redundant given the function's comprehensive docstring.",,,,,,,
HumanEval/15,string_sequence,structured_cot,0,"def string_sequence(n: int) -> str:
    """"""
    Return a string containing space-delimited numbers starting from 0 upto n inclusive.
    If n is negative, return an empty string.

    Examples:
        >>> string_sequence(0)
        '0'
        >>> string_sequence(5)
        '0 1 2 3 4 5'
    """"""
    if n < 0:
        return ''
    return ' '.join(str(i) for i in range(n + 1))",raw_generations/HumanEval_15/structured_cot_sample0.py,,,True,,5.0,0,3.0,3,77.31749021597994,outputs_deepseek_prompt_v3\reports\static_analysis\pylint\HumanEval_15__structured_cot__sample0__final_pylint.txt,outputs_deepseek_prompt_v3\reports\static_analysis\bandit\HumanEval_15__structured_cot__sample0__final_bandit.json,outputs_deepseek_prompt_v3\reports\static_analysis\bandit\HumanEval_15__structured_cot__sample0__final_bandit.stderr.txt,True,passed,9.0,9.0,10.0,9.0,10.0,9.0,"Clean, efficient, and Pythonic implementation that handles edge cases correctly with excellent readability.",,,,,,,
HumanEval/15,string_sequence,self_refine,0,"""""""
Module for generating string sequences of numbers.
""""""


def string_sequence(n: int) -> str:
    """"""
    Return a string containing space-delimited numbers from 0 to n inclusive.

    If n is negative, return an empty string.

    Args:
        n: The upper bound of the sequence (inclusive).

    Returns:
        A space-separated string of numbers from 0 to n, or empty string if n < 0.

    Examples:
        >>> string_sequence(0)
        '0'
        >>> string_sequence(5)
        '0 1 2 3 4 5'
    """"""
    if n < 0:
        return """"

    return "" "".join(str(i) for i in range(n + 1))",raw_generations/HumanEval_15/self_refine_sample0.py,"""""""
Module for generating string sequences of numbers.
""""""


def string_sequence(n: int) -> str:
    """"""
    Return a string containing space-delimited numbers from 0 to n inclusive.

    If n is negative, return an empty string.

    Args:
        n: The upper bound of the sequence (inclusive).

    Returns:
        A space-separated string of numbers from 0 to n, or empty string if n < 0.

    Examples:
        >>> string_sequence(0)
        '0'
        >>> string_sequence(5)
        '0 1 2 3 4 5'
    """"""
    if n < 0:
        return """"

    return "" "".join(str(i) for i in range(n + 1))",raw_generations/HumanEval_15/self_refine_sample0_initial.py,True,,7.5,0,3.0,3,49.96677357612663,outputs_deepseek_prompt_v3\reports\static_analysis\pylint\HumanEval_15__self_refine__sample0__final_pylint.txt,outputs_deepseek_prompt_v3\reports\static_analysis\bandit\HumanEval_15__self_refine__sample0__final_bandit.json,outputs_deepseek_prompt_v3\reports\static_analysis\bandit\HumanEval_15__self_refine__sample0__final_bandit.stderr.txt,True,passed,9.0,9.0,10.0,9.0,10.0,9.0,"Clean, efficient, and idiomatic Python code that correctly implements the specification with proper documentation and edge case handling.",7.5,True,passed,outputs_deepseek_prompt_v3\reports\static_analysis\pylint\HumanEval_15__self_refine__sample0__initial_pylint.txt,outputs_deepseek_prompt_v3\reports\static_analysis\bandit\HumanEval_15__self_refine__sample0__initial_bandit.json,outputs_deepseek_prompt_v3\reports\static_analysis\bandit\HumanEval_15__self_refine__sample0__initial_bandit.stderr.txt,False
HumanEval/16,count_distinct_characters,zero_shot,0,"def count_distinct_characters(string: str) -> int:
    """"""
    Find out how many distinct characters (regardless of case) are in the string.
    """"""
    return len(set(string.lower()))",raw_generations/HumanEval_16/zero_shot_sample0.py,,,True,,0.0,0,1.0,1,100.0,outputs_deepseek_prompt_v3\reports\static_analysis\pylint\HumanEval_16__zero_shot__sample0__final_pylint.txt,outputs_deepseek_prompt_v3\reports\static_analysis\bandit\HumanEval_16__zero_shot__sample0__final_bandit.json,outputs_deepseek_prompt_v3\reports\static_analysis\bandit\HumanEval_16__zero_shot__sample0__final_bandit.stderr.txt,True,passed,9.0,9.0,8.0,9.0,9.0,8.0,"The code is clean and efficient but fails to handle non-string inputs or None, which could cause runtime errors.",,,,,,,
HumanEval/16,count_distinct_characters,constraint_guided,0,"""""""
Module for counting distinct characters in a string, ignoring case differences.
""""""


def count_distinct_characters(string: str) -> int:
    """"""
    Find out how many distinct characters (regardless of case) are in the string.

    Args:
        string: The input string to analyze.

    Returns:
        The number of distinct characters, ignoring case.

    Examples:
        >>> count_distinct_characters(""xyzXYZ"")
        3
        >>> count_distinct_characters(""Jerry"")
        4
    """"""
    if not string:
        return 0

    distinct_chars = set(char.lower() for char in string)
    return len(distinct_chars)",raw_generations/HumanEval_16/constraint_guided_sample0.py,,,True,,8.0,0,3.0,3,66.40518725260668,outputs_deepseek_prompt_v3\reports\static_analysis\pylint\HumanEval_16__constraint_guided__sample0__final_pylint.txt,outputs_deepseek_prompt_v3\reports\static_analysis\bandit\HumanEval_16__constraint_guided__sample0__final_bandit.json,outputs_deepseek_prompt_v3\reports\static_analysis\bandit\HumanEval_16__constraint_guided__sample0__final_bandit.stderr.txt,True,passed,9.0,8.0,9.0,8.0,9.0,9.0,"Clean, well-documented code with proper edge case handling, though could be slightly more efficient by using a set comprehension directly.",,,,,,,
HumanEval/16,count_distinct_characters,structured_cot,0,"def count_distinct_characters(string: str) -> int:
    """"""
    Find out how many distinct characters (regardless of case) are in the string.

    Examples:
        >>> count_distinct_characters(""xyzXYZ"")
        3
        >>> count_distinct_characters(""Jerry"")
        4
    """"""
    return len({char.lower() for char in string})",raw_generations/HumanEval_16/structured_cot_sample0.py,,,True,,0.0,0,2.0,2,100.0,outputs_deepseek_prompt_v3\reports\static_analysis\pylint\HumanEval_16__structured_cot__sample0__final_pylint.txt,outputs_deepseek_prompt_v3\reports\static_analysis\bandit\HumanEval_16__structured_cot__sample0__final_bandit.json,outputs_deepseek_prompt_v3\reports\static_analysis\bandit\HumanEval_16__structured_cot__sample0__final_bandit.stderr.txt,True,passed,9.0,9.0,10.0,9.0,10.0,9.0,"Excellent, concise, and idiomatic solution using a set comprehension with proper case normalization.",,,,,,,
HumanEval/16,count_distinct_characters,self_refine,0,"""""""
This module provides a function to count distinct characters in a string,
ignoring case differences.
""""""


def count_distinct_characters(string: str) -> int:
    """"""
    Return the number of distinct characters in the given string,
    treating uppercase and lowercase letters as the same.

    Parameters
    ----------
    string : str
        The input string to analyze.

    Returns
    -------
    int
        The count of distinct characters (case-insensitive).

    Examples
    --------
    >>> count_distinct_characters(""xyzXYZ"")
    3
    >>> count_distinct_characters(""Jerry"")
    4
    """"""
    if not string:
        return 0

    return len({char.lower() for char in string})",raw_generations/HumanEval_16/self_refine_sample0.py,"""""""
This module provides a function to count distinct characters in a string,
ignoring case differences.
""""""


def count_distinct_characters(string: str) -> int:
    """"""
    Return the number of distinct characters in the given string,
    treating uppercase and lowercase letters as the same.

    Parameters
    ----------
    string : str
        The input string to analyze.

    Returns
    -------
    int
        The count of distinct characters (case-insensitive).

    Examples
    --------
    >>> count_distinct_characters(""xyzXYZ"")
    3
    >>> count_distinct_characters(""Jerry"")
    4
    """"""
    if not string:
        return 0

    return len({char.lower() for char in string})",raw_generations/HumanEval_16/self_refine_sample0_initial.py,True,,7.5,0,3.0,3,51.58998197382873,outputs_deepseek_prompt_v3\reports\static_analysis\pylint\HumanEval_16__self_refine__sample0__final_pylint.txt,outputs_deepseek_prompt_v3\reports\static_analysis\bandit\HumanEval_16__self_refine__sample0__final_bandit.json,outputs_deepseek_prompt_v3\reports\static_analysis\bandit\HumanEval_16__self_refine__sample0__final_bandit.stderr.txt,True,passed,9.0,9.0,8.0,9.0,9.0,9.0,"Clean, efficient, and well-documented code with a minor edge-case oversight regarding non-string inputs.",7.5,True,passed,outputs_deepseek_prompt_v3\reports\static_analysis\pylint\HumanEval_16__self_refine__sample0__initial_pylint.txt,outputs_deepseek_prompt_v3\reports\static_analysis\bandit\HumanEval_16__self_refine__sample0__initial_bandit.json,outputs_deepseek_prompt_v3\reports\static_analysis\bandit\HumanEval_16__self_refine__sample0__initial_bandit.stderr.txt,False
HumanEval/17,parse_music,zero_shot,0,"from typing import List


def parse_music(music_string: str) -> List[int]:
    """"""
    Input to this function is a string representing musical notes in a special ASCII format.
    Your task is to parse this string and return list of integers corresponding to how many beats does each
    note last.

    Here is a legend:
    'o' - whole note, lasts four beats
    'o|' - half note, lasts two beats
    '.|' - quater note, lasts one beat

    Example:
        >>> parse_music('o o| .|  o| o| .| .|   .| .| o  o ')
        [4, 2, 1, -2, 2, 1, 1, 1, 1, 4, 4]
    """"""
    notes = music_string.split()
    result = []
    for note in notes:
        if note == 'o':
            result.append(4)
        elif note == 'o|':
            result.append(2)
        elif note == '.|':
            result.append(1)
    return result",raw_generations/HumanEval_17/zero_shot_sample0.py,,,True,,7.5,0,5.0,5,91.42698034100042,outputs_deepseek_prompt_v3\reports\static_analysis\pylint\HumanEval_17__zero_shot__sample0__final_pylint.txt,outputs_deepseek_prompt_v3\reports\static_analysis\bandit\HumanEval_17__zero_shot__sample0__final_bandit.json,outputs_deepseek_prompt_v3\reports\static_analysis\bandit\HumanEval_17__zero_shot__sample0__final_bandit.stderr.txt,True,passed,7.0,6.0,4.0,8.0,7.0,6.0,The code has a correctness issue (example output mismatch) and lacks error handling for invalid notes.,,,,,,,
HumanEval/17,parse_music,constraint_guided,0,"""""""Parse musical notes in ASCII format to their beat durations.""""""

from typing import List


def parse_music(music_string: str) -> List[int]:
    """"""
    Parse a string of musical notes and return a list of beat durations.

    The input string contains musical notes separated by whitespace:
    'o'   - whole note (4 beats)
    'o|'  - half note (2 beats)
    '.|'  - quarter note (1 beat)

    Args:
        music_string: A string containing musical notes separated by whitespace.

    Returns:
        A list of integers representing the beat duration of each note.

    Example:
        >>> parse_music('o o| .|  o| o| .| .|   .| .| o  o ')
        [4, 2, 1, 2, 2, 1, 1, 1, 1, 4, 4]
    """"""
    if not music_string:
        return []

    beat_map = {
        'o': 4,
        'o|': 2,
        '.|': 1,
    }

    notes = music_string.split()
    return [beat_map[note] for note in notes if note in beat_map]",raw_generations/HumanEval_17/constraint_guided_sample0.py,,,True,,8.57,0,4.0,4,91.2482370598775,outputs_deepseek_prompt_v3\reports\static_analysis\pylint\HumanEval_17__constraint_guided__sample0__final_pylint.txt,outputs_deepseek_prompt_v3\reports\static_analysis\bandit\HumanEval_17__constraint_guided__sample0__final_bandit.json,outputs_deepseek_prompt_v3\reports\static_analysis\bandit\HumanEval_17__constraint_guided__sample0__final_bandit.stderr.txt,True,passed,9.0,9.0,8.0,9.0,9.0,9.0,"Clean, efficient, and well-documented code with minor edge-case handling improvement needed.",,,,,,,
HumanEval/17,parse_music,structured_cot,0,"from typing import List


def parse_music(music_string: str) -> List[int]:
    """"""
    Parse a string representing musical notes in ASCII format and return
    a list of integers corresponding to the duration of each note in beats.

    Legend:
    'o'   - whole note (4 beats)
    'o|'  - half note (2 beats)
    '.|'  - quarter note (1 beat)

    Example:
        >>> parse_music('o o| .|  o| o| .| .|   .| .| o  o ')
        [4, 2, 1, 2, 2, 1, 1, 1, 1, 4, 4]
    """"""
    note_map = {'o': 4, 'o|': 2, '.|': 1}
    return [note_map[note] for note in music_string.split() if note]",raw_generations/HumanEval_17/structured_cot_sample0.py,,,True,,5.0,0,3.0,3,100.0,outputs_deepseek_prompt_v3\reports\static_analysis\pylint\HumanEval_17__structured_cot__sample0__final_pylint.txt,outputs_deepseek_prompt_v3\reports\static_analysis\bandit\HumanEval_17__structured_cot__sample0__final_bandit.json,outputs_deepseek_prompt_v3\reports\static_analysis\bandit\HumanEval_17__structured_cot__sample0__final_bandit.stderr.txt,True,passed,9.0,8.0,7.0,9.0,9.0,8.0,"Clean and efficient code, but lacks error handling for invalid notes and edge cases like empty strings.",,,,,,,
HumanEval/17,parse_music,self_refine,0,"from typing import List


def parse_music(music_string: str) -> List[int]:
    """"""
    Parse a string of musical notes in ASCII format and return a list of
    integers representing the number of beats each note lasts.

    Legend:
    'o' - whole note (4 beats)
    'o|' - half note (2 beats)
    '.|' - quarter note (1 beat)

    Args:
        music_string: A string containing musical notes separated by spaces.

    Returns:
        A list of integers representing the beats for each note.
    """"""
    note_to_beats = {'o': 4, 'o|': 2, '.|': 1}
    notes = music_string.split()
    beats = []
    for note in notes:
        if note in note_to_beats:
            beats.append(note_to_beats[note])
    return beats",raw_generations/HumanEval_17/self_refine_sample0.py,"from typing import List


def parse_music(music_string: str) -> List[int]:
    """"""
    Parse a string of musical notes in ASCII format and return a list of
    integers representing the number of beats each note lasts.

    Legend:
    'o' - whole note (4 beats)
    'o|' - half note (2 beats)
    '.|' - quarter note (1 beat)

    Args:
        music_string: A string containing musical notes separated by spaces.

    Returns:
        A list of integers representing the beats for each note.
    """"""
    note_to_beats = {'o': 4, 'o|': 2, '.|': 1}
    notes = music_string.split()
    beats = []
    for note in notes:
        if note in note_to_beats:
            beats.append(note_to_beats[note])
    return beats",raw_generations/HumanEval_17/self_refine_sample0_initial.py,True,,7.78,0,3.0,3,92.046990203074,outputs_deepseek_prompt_v3\reports\static_analysis\pylint\HumanEval_17__self_refine__sample0__final_pylint.txt,outputs_deepseek_prompt_v3\reports\static_analysis\bandit\HumanEval_17__self_refine__sample0__final_bandit.json,outputs_deepseek_prompt_v3\reports\static_analysis\bandit\HumanEval_17__self_refine__sample0__final_bandit.stderr.txt,True,passed,9.0,8.0,7.0,8.0,8.0,8.0,The code is clean and readable but lacks error handling for invalid notes and could be more concise.,7.78,True,passed,outputs_deepseek_prompt_v3\reports\static_analysis\pylint\HumanEval_17__self_refine__sample0__initial_pylint.txt,outputs_deepseek_prompt_v3\reports\static_analysis\bandit\HumanEval_17__self_refine__sample0__initial_bandit.json,outputs_deepseek_prompt_v3\reports\static_analysis\bandit\HumanEval_17__self_refine__sample0__initial_bandit.stderr.txt,False
HumanEval/18,how_many_times,zero_shot,0,"def how_many_times(string: str, substring: str) -> int:
    """"""
    Find how many times a given substring can be found in the original string.
    Count overlapping cases.

    Example:
        >>> how_many_times('aaaa', 'aa')
        3
    """"""
    if not substring:
        return 0
    
    count = 0
    sub_len = len(substring)
    
    for i in range(len(string) - sub_len + 1):
        if string[i:i + sub_len] == substring:
            count += 1
    
    return count",raw_generations/HumanEval_18/zero_shot_sample0.py,,,True,,4.44,0,4.0,4,93.43226821600847,outputs_deepseek_prompt_v3\reports\static_analysis\pylint\HumanEval_18__zero_shot__sample0__final_pylint.txt,outputs_deepseek_prompt_v3\reports\static_analysis\bandit\HumanEval_18__zero_shot__sample0__final_bandit.json,outputs_deepseek_prompt_v3\reports\static_analysis\bandit\HumanEval_18__zero_shot__sample0__final_bandit.stderr.txt,False,assertion_failed: ,8.0,7.0,6.0,5.0,6.0,6.0,"The code is readable and handles empty substrings, but it's inefficient for large inputs and lacks proper edge case handling for invalid inputs.",,,,,,,
HumanEval/18,how_many_times,constraint_guided,0,"""""""
Count overlapping occurrences of a substring within a string.
""""""


def how_many_times(string: str, substring: str) -> int:
    """"""
    Find how many times a given substring can be found in the original string.
    Count overlapping cases.

    Example:
        >>> how_many_times('aaaa', 'aa')
        3
    """"""
    if not substring:
        return 0

    count = 0
    sub_len = len(substring)
    for i in range(len(string) - sub_len + 1):
        if string[i:i + sub_len] == substring:
            count += 1
    return count",raw_generations/HumanEval_18/constraint_guided_sample0.py,,,True,,8.89,0,4.0,4,88.15675006315536,outputs_deepseek_prompt_v3\reports\static_analysis\pylint\HumanEval_18__constraint_guided__sample0__final_pylint.txt,outputs_deepseek_prompt_v3\reports\static_analysis\bandit\HumanEval_18__constraint_guided__sample0__final_bandit.json,outputs_deepseek_prompt_v3\reports\static_analysis\bandit\HumanEval_18__constraint_guided__sample0__final_bandit.stderr.txt,False,assertion_failed: ,9.0,8.0,7.0,7.0,7.0,7.0,"The code is clear and handles empty substrings, but it's inefficient for large inputs and could be more Pythonic with built-in methods.",,,,,,,
HumanEval/18,how_many_times,structured_cot,0,"def how_many_times(string: str, substring: str) -> int:
    """"""
    Find how many times a given substring can be found in the original string.
    Count overlapping cases.

    Example:
        >>> how_many_times('aaaa', 'aa')
        3
    """"""
    if not substring:
        return 0

    count = 0
    start = 0
    while True:
        start = string.find(substring, start)
        if start == -1:
            break
        count += 1
        start += 1  # Move one character forward to allow overlapping matches
    return count",raw_generations/HumanEval_18/structured_cot_sample0.py,,,True,,8.33,0,4.0,4,92.88007557482408,outputs_deepseek_prompt_v3\reports\static_analysis\pylint\HumanEval_18__structured_cot__sample0__final_pylint.txt,outputs_deepseek_prompt_v3\reports\static_analysis\bandit\HumanEval_18__structured_cot__sample0__final_bandit.json,outputs_deepseek_prompt_v3\reports\static_analysis\bandit\HumanEval_18__structured_cot__sample0__final_bandit.stderr.txt,False,assertion_failed: ,8.0,7.0,7.0,8.0,6.0,7.0,"The code is clear and handles overlapping matches correctly, but could be more Pythonic and lacks edge-case handling for empty strings.",,,,,,,
HumanEval/18,how_many_times,self_refine,0,"""""""
Count overlapping occurrences of a substring within a string.
""""""


def how_many_times(string: str, substring: str) -> int:
    """"""
    Find how many times a given substring can be found in the original string.
    Count overlapping cases.

    Example:
        >>> how_many_times('aaaa', 'aa')
        3
    """"""
    if not substring:
        return 0

    count = 0
    sub_len = len(substring)
    for i in range(len(string) - sub_len + 1):
        if string[i:i + sub_len] == substring:
            count += 1
    return count",raw_generations/HumanEval_18/self_refine_sample0.py,"""""""
Count overlapping occurrences of a substring within a string.
""""""


def how_many_times(string: str, substring: str) -> int:
    """"""
    Find how many times a given substring can be found in the original string.
    Count overlapping cases.

    Example:
        >>> how_many_times('aaaa', 'aa')
        3
    """"""
    if not substring:
        return 0

    count = 0
    sub_len = len(substring)
    for i in range(len(string) - sub_len + 1):
        if string[i:i + sub_len] == substring:
            count += 1
    return count",raw_generations/HumanEval_18/self_refine_sample0_initial.py,True,,8.89,0,4.0,4,88.15675006315536,outputs_deepseek_prompt_v3\reports\static_analysis\pylint\HumanEval_18__self_refine__sample0__final_pylint.txt,outputs_deepseek_prompt_v3\reports\static_analysis\bandit\HumanEval_18__self_refine__sample0__final_bandit.json,outputs_deepseek_prompt_v3\reports\static_analysis\bandit\HumanEval_18__self_refine__sample0__final_bandit.stderr.txt,False,assertion_failed: ,8.0,7.0,6.0,6.0,7.0,6.0,"The code is readable and straightforward, but it lacks proper handling for empty substring edge case and could be more efficient.",8.89,False,assertion_failed: ,outputs_deepseek_prompt_v3\reports\static_analysis\pylint\HumanEval_18__self_refine__sample0__initial_pylint.txt,outputs_deepseek_prompt_v3\reports\static_analysis\bandit\HumanEval_18__self_refine__sample0__initial_bandit.json,outputs_deepseek_prompt_v3\reports\static_analysis\bandit\HumanEval_18__self_refine__sample0__initial_bandit.stderr.txt,False
HumanEval/19,sort_numbers,zero_shot,0,"def sort_numbers(numbers: str) -> str:
    word_to_num = {
        'zero': 0, 'one': 1, 'two': 2, 'three': 3, 'four': 4,
        'five': 5, 'six': 6, 'seven': 7, 'eight': 8, 'nine': 9
    }
    num_to_word = {v: k for k, v in word_to_num.items()}
    
    words = numbers.split()
    nums = [word_to_num[w] for w in words]
    nums.sort()
    
    return ' '.join(num_to_word[n] for n in nums)",raw_generations/HumanEval_19/zero_shot_sample0.py,,,True,,2.86,0,4.0,4,100.0,outputs_deepseek_prompt_v3\reports\static_analysis\pylint\HumanEval_19__zero_shot__sample0__final_pylint.txt,outputs_deepseek_prompt_v3\reports\static_analysis\bandit\HumanEval_19__zero_shot__sample0__final_bandit.json,outputs_deepseek_prompt_v3\reports\static_analysis\bandit\HumanEval_19__zero_shot__sample0__final_bandit.stderr.txt,True,passed,9.0,8.0,7.0,8.0,9.0,8.0,"The code is clean and Pythonic, but lacks error handling for invalid input words.",,,,,,,
HumanEval/19,sort_numbers,constraint_guided,0,"""""""Sort a string of space-delimited English numerals from smallest to largest.""""""

from typing import Dict


def sort_numbers(numbers: str) -> str:
    """"""
    Sort a space-delimited string of English numerals from smallest to largest.

    Args:
        numbers: A string containing space-delimited English numerals from
                 'zero' to 'nine'.

    Returns:
        A string with the numerals sorted from smallest to largest,
        separated by single spaces.
    """"""
    word_to_digit: Dict[str, int] = {
        ""zero"": 0,
        ""one"": 1,
        ""two"": 2,
        ""three"": 3,
        ""four"": 4,
        ""five"": 5,
        ""six"": 6,
        ""seven"": 7,
        ""eight"": 8,
        ""nine"": 9,
    }

    # Split the input string, filter out empty strings from extra spaces
    words = [word for word in numbers.split() if word]

    # Sort based on the numeric value from the mapping
    sorted_words = sorted(words, key=lambda w: word_to_digit[w])

    # Join back with single spaces
    return "" "".join(sorted_words)",raw_generations/HumanEval_19/constraint_guided_sample0.py,,,True,,8.33,0,3.0,3,100.0,outputs_deepseek_prompt_v3\reports\static_analysis\pylint\HumanEval_19__constraint_guided__sample0__final_pylint.txt,outputs_deepseek_prompt_v3\reports\static_analysis\bandit\HumanEval_19__constraint_guided__sample0__final_bandit.json,outputs_deepseek_prompt_v3\reports\static_analysis\bandit\HumanEval_19__constraint_guided__sample0__final_bandit.stderr.txt,True,passed,9.0,8.0,7.0,9.0,9.0,8.0,"Clean and readable code with good structure, but lacks error handling for invalid inputs and edge cases like extra spaces in the example.",,,,,,,
HumanEval/19,sort_numbers,structured_cot,0,"def sort_numbers(numbers: str) -> str:
    """"""
    Input is a space-delimited string of numerals from 'zero' to 'nine'.
    Valid choices are 'zero', 'one', 'two', 'three', 'four', 'five', 'six', 'seven', 'eight' and 'nine'.
    Return the string with numbers sorted from smallest to largest

    Example:
        >>> sort_numbers('three one  five ')
        'one three five'
    """"""
    word_to_num = {
        'zero': 0, 'one': 1, 'two': 2, 'three': 3, 'four': 4,
        'five': 5, 'six': 6, 'seven': 7, 'eight': 8, 'nine': 9
    }
    num_to_word = {v: k for k, v in word_to_num.items()}
    
    # Split on whitespace, filter out empty strings, convert to numbers, sort, convert back
    words = [w for w in numbers.split() if w]
    sorted_nums = sorted(word_to_num[w] for w in words)
    return ' '.join(num_to_word[num] for num in sorted_nums)",raw_generations/HumanEval_19/structured_cot_sample0.py,,,True,,3.33,0,6.0,6,100.0,outputs_deepseek_prompt_v3\reports\static_analysis\pylint\HumanEval_19__structured_cot__sample0__final_pylint.txt,outputs_deepseek_prompt_v3\reports\static_analysis\bandit\HumanEval_19__structured_cot__sample0__final_bandit.json,outputs_deepseek_prompt_v3\reports\static_analysis\bandit\HumanEval_19__structured_cot__sample0__final_bandit.stderr.txt,True,passed,8.0,8.0,7.0,8.0,8.0,7.0,"The code is generally clean and efficient, but lacks error handling for invalid input words.",,,,,,,
HumanEval/19,sort_numbers,self_refine,0,"""""""
Module for sorting space-delimited textual representations of numbers.
""""""

from typing import Dict


def sort_numbers(numbers: str) -> str:
    """"""
    Sort space-delimited textual numbers from smallest to largest.

    Args:
        numbers: A string containing space-delimited textual representations
                 of numbers from 'zero' to 'nine'.

    Returns:
        A string with the same numbers sorted from smallest to largest,
        separated by single spaces.

    Raises:
        ValueError: If any word in the input is not a valid number representation.
    """"""
    word_to_digit: Dict[str, int] = {
        'zero': 0,
        'one': 1,
        'two': 2,
        'three': 3,
        'four': 4,
        'five': 5,
        'six': 6,
        'seven': 7,
        'eight': 8,
        'nine': 9
    }

    if not numbers:
        return ''

    words = numbers.strip().split()
    if not words:
        return ''

    try:
        sorted_words = sorted(words, key=lambda w: word_to_digit[w])
    except KeyError as e:
        raise ValueError(f""Invalid number representation: {e.args[0]}"") from e

    return ' '.join(sorted_words)",raw_generations/HumanEval_19/self_refine_sample0.py,"""""""
Module for sorting space-delimited textual representations of numbers.
""""""

from typing import Dict


def sort_numbers(numbers: str) -> str:
    """"""
    Sort space-delimited textual numbers from smallest to largest.

    Args:
        numbers: A string containing space-delimited textual representations
                 of numbers from 'zero' to 'nine'.

    Returns:
        A string with the same numbers sorted from smallest to largest,
        separated by single spaces.

    Raises:
        ValueError: If any word in the input is not a valid number representation.
    """"""
    word_to_digit: Dict[str, int] = {
        'zero': 0,
        'one': 1,
        'two': 2,
        'three': 3,
        'four': 4,
        'five': 5,
        'six': 6,
        'seven': 7,
        'eight': 8,
        'nine': 9
    }

    if not numbers:
        return ''

    words = numbers.strip().split()
    if not words:
        return ''

    try:
        sorted_words = sorted(words, key=lambda w: word_to_digit[w])
    except KeyError as e:
        raise ValueError(f""Invalid number representation: {e.args[0]}"") from e

    return ' '.join(sorted_words)",raw_generations/HumanEval_19/self_refine_sample0_initial.py,True,,9.23,0,4.0,4,96.24258956358864,outputs_deepseek_prompt_v3\reports\static_analysis\pylint\HumanEval_19__self_refine__sample0__final_pylint.txt,outputs_deepseek_prompt_v3\reports\static_analysis\bandit\HumanEval_19__self_refine__sample0__final_bandit.json,outputs_deepseek_prompt_v3\reports\static_analysis\bandit\HumanEval_19__self_refine__sample0__final_bandit.stderr.txt,True,passed,9.0,9.0,10.0,9.0,9.0,9.0,"Excellent code with clear structure, proper error handling, and good use of Python idioms; minor improvements could include using a constant for the mapping and handling multiple spaces more robustly.",9.23,True,passed,outputs_deepseek_prompt_v3\reports\static_analysis\pylint\HumanEval_19__self_refine__sample0__initial_pylint.txt,outputs_deepseek_prompt_v3\reports\static_analysis\bandit\HumanEval_19__self_refine__sample0__initial_bandit.json,outputs_deepseek_prompt_v3\reports\static_analysis\bandit\HumanEval_19__self_refine__sample0__initial_bandit.stderr.txt,False
HumanEval/20,find_closest_elements,zero_shot,0,"from typing import List, Tuple


def find_closest_elements(numbers: List[float]) -> Tuple[float, float]:
    """"""
    From a supplied list of numbers (of length at least two) select and return 
    the last two elements that are the closest to each other and return them
    in order (smaller number, larger number).

    Examples:
        >>> find_closest_elements([1.0, 2.0, 3.0, 4.0, 5.0, 2.2])
        (2.0, 2.2)
        >>> find_closest_elements([1.0, 2.0, 3.0, 4.0, 5.0, 2.0])
        (2.0, 2.0)
    """"""
    min_distance = float('inf')
    result = (0.0, 0.0)
    
    for i in range(len(numbers)):
        for j in range(i + 1, len(numbers)):
            distance = abs(numbers[i] - numbers[j])
            if distance < min_distance or (distance == min_distance and max(i, j) > max(result[0], result[1])):
                min_distance = distance
                result = (min(numbers[i], numbers[j]), max(numbers[i], numbers[j]))
    
    return result",raw_generations/HumanEval_20/zero_shot_sample0.py,,,True,,4.55,0,6.0,6,88.87109100065278,outputs_deepseek_prompt_v3\reports\static_analysis\pylint\HumanEval_20__zero_shot__sample0__final_pylint.txt,outputs_deepseek_prompt_v3\reports\static_analysis\bandit\HumanEval_20__zero_shot__sample0__final_bandit.json,outputs_deepseek_prompt_v3\reports\static_analysis\bandit\HumanEval_20__zero_shot__sample0__final_bandit.stderr.txt,True,passed,6.0,5.0,7.0,3.0,4.0,5.0,The algorithm is inefficient (O(n²)) and incorrectly prioritizes 'last' pairs; logic for selecting last closest pair is flawed.,,,,,,,
HumanEval/20,find_closest_elements,constraint_guided,0,"""""""Find the two closest numbers in a list, preferring later pairs.""""""

from typing import List, Tuple


def find_closest_elements(numbers: List[float]) -> Tuple[float, float]:
    """"""
    Return the last two closest elements from a list.

    From a supplied list of numbers (of length at least two) select and return
    the last two elements that are the closest to each other and return them
    in order (smaller number, larger number).

    Args:
        numbers: A list of floats with at least two elements.

    Returns:
        A tuple containing the two closest numbers (smaller first, larger second),
        preferring later pairs when multiple pairs have the same minimal distance.

    Examples:
        >>> find_closest_elements([1.0, 2.0, 3.0, 4.0, 5.0, 2.2])
        (2.0, 2.2)
        >>> find_closest_elements([1.0, 2.0, 3.0, 4.0, 5.0, 2.0])
        (2.0, 2.0)
    """"""
    if len(numbers) < 2:
        raise ValueError(""List must contain at least two elements"")

    min_distance = float('inf')
    best_pair = (numbers[0], numbers[1])

    for i in range(len(numbers) - 1):
        for j in range(i + 1, len(numbers)):
            distance = abs(numbers[i] - numbers[j])
            if distance <= min_distance:
                min_distance = distance
                best_pair = (min(numbers[i], numbers[j]), max(numbers[i], numbers[j]))

    return best_pair",raw_generations/HumanEval_20/constraint_guided_sample0.py,,,True,,9.23,0,5.0,5,83.28664090923142,outputs_deepseek_prompt_v3\reports\static_analysis\pylint\HumanEval_20__constraint_guided__sample0__final_pylint.txt,outputs_deepseek_prompt_v3\reports\static_analysis\bandit\HumanEval_20__constraint_guided__sample0__final_bandit.json,outputs_deepseek_prompt_v3\reports\static_analysis\bandit\HumanEval_20__constraint_guided__sample0__final_bandit.stderr.txt,True,passed,8.0,7.0,9.0,3.0,6.0,6.0,"The code is clear and correct but uses an O(n²) brute-force algorithm, which is inefficient for large lists, and could be more Pythonic with enumerate and tuple unpacking.",,,,,,,
HumanEval/20,find_closest_elements,structured_cot,0,"from typing import List, Tuple


def find_closest_elements(numbers: List[float]) -> Tuple[float, float]:
    """"""
    From a supplied list of numbers (of length at least two) select and return 
    the last two elements that are the closest to each other and return them
    in order (smaller number, larger number).

    Examples:
        >>> find_closest_elements([1.0, 2.0, 3.0, 4.0, 5.0, 2.2])
        (2.0, 2.2)
        >>> find_closest_elements([1.0, 2.0, 3.0, 4.0, 5.0, 2.0])
        (2.0, 2.0)
    """"""
    closest_pair = None
    min_distance = float('inf')
    
    for i in range(len(numbers)):
        for j in range(i + 1, len(numbers)):
            distance = abs(numbers[i] - numbers[j])
            if distance < min_distance or (distance == min_distance and j > closest_pair[1]):
                min_distance = distance
                closest_pair = (i, j)
    
    a, b = numbers[closest_pair[0]], numbers[closest_pair[1]]
    return (a, b) if a <= b else (b, a)",raw_generations/HumanEval_20/structured_cot_sample0.py,,,True,,1.67,0,7.0,7,88.2970086952893,outputs_deepseek_prompt_v3\reports\static_analysis\pylint\HumanEval_20__structured_cot__sample0__final_pylint.txt,outputs_deepseek_prompt_v3\reports\static_analysis\bandit\HumanEval_20__structured_cot__sample0__final_bandit.json,outputs_deepseek_prompt_v3\reports\static_analysis\bandit\HumanEval_20__structured_cot__sample0__final_bandit.stderr.txt,True,passed,6.0,5.0,7.0,3.0,5.0,5.0,"The algorithm is inefficient (O(n²)) and incorrectly prioritizes later pairs over closer distances, violating the specification.",,,,,,,
HumanEval/20,find_closest_elements,self_refine,0,"from typing import List, Tuple


def find_closest_elements(numbers: List[float]) -> Tuple[float, float]:
    """"""
    From a supplied list of numbers (of length at least two) select and return 
    the last two elements that are the closest to each other and return them
    in order (smaller number, larger number).

    Examples:
        >>> find_closest_elements([1.0, 2.0, 3.0, 4.0, 5.0, 2.2])
        (2.0, 2.2)
        >>> find_closest_elements([1.0, 2.0, 3.0, 4.0, 5.0, 2.0])
        (2.0, 2.0)
    """"""
    if len(numbers) < 2:
        raise ValueError(""List must contain at least two elements"")

    min_distance = float('inf')
    closest_pair = (0.0, 0.0)

    for i, num_i in enumerate(numbers):
        for j in range(i + 1, len(numbers)):
            distance = abs(num_i - numbers[j])
            if distance < min_distance or (distance == min_distance and j > i):
                min_distance = distance
                if num_i <= numbers[j]:
                    closest_pair = (num_i, numbers[j])
                else:
                    closest_pair = (numbers[j], num_i)

    return closest_pair",raw_generations/HumanEval_20/self_refine_sample0.py,"from typing import List, Tuple


def find_closest_elements(numbers: List[float]) -> Tuple[float, float]:
    """"""
    From a supplied list of numbers (of length at least two) select and return 
    the last two elements that are the closest to each other and return them
    in order (smaller number, larger number).

    Examples:
        >>> find_closest_elements([1.0, 2.0, 3.0, 4.0, 5.0, 2.2])
        (2.0, 2.2)
        >>> find_closest_elements([1.0, 2.0, 3.0, 4.0, 5.0, 2.0])
        (2.0, 2.0)
    """"""
    if len(numbers) < 2:
        raise ValueError(""List must contain at least two elements"")

    min_distance = float('inf')
    closest_pair = (0.0, 0.0)

    for i in range(len(numbers)):
        for j in range(i + 1, len(numbers)):
            distance = abs(numbers[i] - numbers[j])
            if distance < min_distance or (distance == min_distance and j > i):
                min_distance = distance
                if numbers[i] <= numbers[j]:
                    closest_pair = (numbers[i], numbers[j])
                else:
                    closest_pair = (numbers[j], numbers[i])

    return closest_pair",raw_generations/HumanEval_20/self_refine_sample0_initial.py,True,,8.67,0,8.0,8,86.68783939771592,outputs_deepseek_prompt_v3\reports\static_analysis\pylint\HumanEval_20__self_refine__sample0__final_pylint.txt,outputs_deepseek_prompt_v3\reports\static_analysis\bandit\HumanEval_20__self_refine__sample0__final_bandit.json,outputs_deepseek_prompt_v3\reports\static_analysis\bandit\HumanEval_20__self_refine__sample0__final_bandit.stderr.txt,True,passed,7.0,6.0,8.0,4.0,6.0,6.0,Algorithm is inefficient (O(n^2)) and incorrectly prioritizes later pairs over closer ones; logic for 'last closest' is flawed.,8.0,True,passed,outputs_deepseek_prompt_v3\reports\static_analysis\pylint\HumanEval_20__self_refine__sample0__initial_pylint.txt,outputs_deepseek_prompt_v3\reports\static_analysis\bandit\HumanEval_20__self_refine__sample0__initial_bandit.json,outputs_deepseek_prompt_v3\reports\static_analysis\bandit\HumanEval_20__self_refine__sample0__initial_bandit.stderr.txt,True
HumanEval/21,rescale_to_unit,zero_shot,0,"from typing import List


def rescale_to_unit(numbers: List[float]) -> List[float]:
    """"""
    Given a list of numbers (of at least two elements), apply a linear transform to that list,
    such that the smallest number will become 0 and the largest will become 1.
    Return an empty list for any undefined edge cases.

    Example:
        >>> rescale_to_unit([1.0, 2.0, 3.0, 4.0, 5.0])
        [0.0, 0.25, 0.5, 0.75, 1.0]
    """"""
    if not numbers or len(numbers) < 2:
        return []
    
    min_val = min(numbers)
    max_val = max(numbers)
    
    if min_val == max_val:
        return []
    
    return [(x - min_val) / (max_val - min_val) for x in numbers]",raw_generations/HumanEval_21/zero_shot_sample0.py,,,True,,4.44,0,5.0,5,91.31176124075807,outputs_deepseek_prompt_v3\reports\static_analysis\pylint\HumanEval_21__zero_shot__sample0__final_pylint.txt,outputs_deepseek_prompt_v3\reports\static_analysis\bandit\HumanEval_21__zero_shot__sample0__final_bandit.json,outputs_deepseek_prompt_v3\reports\static_analysis\bandit\HumanEval_21__zero_shot__sample0__final_bandit.stderr.txt,True,passed,9.0,9.0,8.0,8.0,9.0,8.0,"The code is clean and mostly correct, but it returns an empty list for uniform input instead of handling it mathematically (all zeros).",,,,,,,
HumanEval/21,rescale_to_unit,constraint_guided,0,"""""""Linear transformation utilities for rescaling numeric data.""""""

from typing import List


def rescale_to_unit(numbers: List[float]) -> List[float]:
    """"""
    Rescale a list of numbers to the unit interval [0, 1].

    Given a list of numbers (of at least two elements), apply a linear transform
    such that the smallest number becomes 0 and the largest becomes 1.

    Args:
        numbers: A list of floating-point numbers.

    Returns:
        A new list with the rescaled values, or an empty list for invalid input.

    Examples:
        >>> rescale_to_unit([1.0, 2.0, 3.0, 4.0, 5.0])
        [0.0, 0.25, 0.5, 0.75, 1.0]
    """"""
    if not numbers or len(numbers) < 2:
        return []

    min_val = min(numbers)
    max_val = max(numbers)

    # Handle the case where all numbers are equal
    if max_val == min_val:
        return [0.0] * len(numbers)

    scale_factor = max_val - min_val
    return [(x - min_val) / scale_factor for x in numbers]",raw_generations/HumanEval_21/constraint_guided_sample0.py,,,True,,9.0,0,5.0,5,82.39709027078392,outputs_deepseek_prompt_v3\reports\static_analysis\pylint\HumanEval_21__constraint_guided__sample0__final_pylint.txt,outputs_deepseek_prompt_v3\reports\static_analysis\bandit\HumanEval_21__constraint_guided__sample0__final_bandit.json,outputs_deepseek_prompt_v3\reports\static_analysis\bandit\HumanEval_21__constraint_guided__sample0__final_bandit.stderr.txt,False,assertion_failed: ,9.0,9.0,8.0,8.0,9.0,8.0,"Well-structured and clear code with good edge case handling, though the specification's 'at least two elements' requirement could be more strictly interpreted.",,,,,,,
HumanEval/21,rescale_to_unit,structured_cot,0,"from typing import List


def rescale_to_unit(numbers: List[float]) -> List[float]:
    """"""
    Given a list of numbers (of at least two elements), apply a linear transform to that list,
    such that the smallest number will become 0 and the largest will become 1.
    Return an empty list for any undefined edge cases.

    Example:
        >>> rescale_to_unit([1.0, 2.0, 3.0, 4.0, 5.0])
        [0.0, 0.25, 0.5, 0.75, 1.0]
    """"""
    if not numbers or len(numbers) < 2:
        return []

    min_val = min(numbers)
    max_val = max(numbers)

    if min_val == max_val:
        return []

    return [(x - min_val) / (max_val - min_val) for x in numbers]",raw_generations/HumanEval_21/structured_cot_sample0.py,,,True,,7.78,0,5.0,5,91.31176124075807,outputs_deepseek_prompt_v3\reports\static_analysis\pylint\HumanEval_21__structured_cot__sample0__final_pylint.txt,outputs_deepseek_prompt_v3\reports\static_analysis\bandit\HumanEval_21__structured_cot__sample0__final_bandit.json,outputs_deepseek_prompt_v3\reports\static_analysis\bandit\HumanEval_21__structured_cot__sample0__final_bandit.stderr.txt,True,passed,9.0,9.0,8.0,9.0,9.0,8.0,"Clean and efficient implementation with good edge case handling, though the specification's requirement to return an empty list for identical min/max values could be debated as a design choice.",,,,,,,
HumanEval/21,rescale_to_unit,self_refine,0,"""""""Linear transformation of a list of numbers to the unit interval [0, 1].""""""

from typing import List


def rescale_to_unit(numbers: List[float]) -> List[float]:
    """"""
    Apply a linear transform to a list of numbers such that the smallest becomes 0
    and the largest becomes 1.

    Args:
        numbers: A list of floating-point numbers with at least two elements.

    Returns:
        A new list with the transformed values, or an empty list for invalid input.

    Examples:
        >>> rescale_to_unit([1.0, 2.0, 3.0, 4.0, 5.0])
        [0.0, 0.25, 0.5, 0.75, 1.0]
    """"""
    if not numbers or len(numbers) < 2:
        return []

    min_val = min(numbers)
    max_val = max(numbers)

    # If all numbers are equal, transformation is undefined
    if max_val == min_val:
        return []

    # Apply linear transformation: (x - min) / (max - min)
    range_val = max_val - min_val
    return [(x - min_val) / range_val for x in numbers]",raw_generations/HumanEval_21/self_refine_sample0.py,"""""""Linear transformation of a list of numbers to the unit interval [0, 1].""""""

from typing import List


def rescale_to_unit(numbers: List[float]) -> List[float]:
    """"""
    Apply a linear transform to a list of numbers such that the smallest becomes 0
    and the largest becomes 1.

    Args:
        numbers: A list of floating-point numbers with at least two elements.

    Returns:
        A new list with the transformed values, or an empty list for invalid input.

    Examples:
        >>> rescale_to_unit([1.0, 2.0, 3.0, 4.0, 5.0])
        [0.0, 0.25, 0.5, 0.75, 1.0]
    """"""
    if not numbers or len(numbers) < 2:
        return []

    min_val = min(numbers)
    max_val = max(numbers)

    # If all numbers are equal, transformation is undefined
    if max_val == min_val:
        return []

    # Apply linear transformation: (x - min) / (max - min)
    range_val = max_val - min_val
    return [(x - min_val) / range_val for x in numbers]",raw_generations/HumanEval_21/self_refine_sample0_initial.py,True,,9.0,0,5.0,5,83.00496966672947,outputs_deepseek_prompt_v3\reports\static_analysis\pylint\HumanEval_21__self_refine__sample0__final_pylint.txt,outputs_deepseek_prompt_v3\reports\static_analysis\bandit\HumanEval_21__self_refine__sample0__final_bandit.json,outputs_deepseek_prompt_v3\reports\static_analysis\bandit\HumanEval_21__self_refine__sample0__final_bandit.stderr.txt,True,passed,9.0,9.0,8.0,8.0,9.0,8.0,"Clean, well-documented code with good edge case handling, though it could be slightly more efficient by avoiding duplicate min/max calculations for large inputs.",9.0,True,passed,outputs_deepseek_prompt_v3\reports\static_analysis\pylint\HumanEval_21__self_refine__sample0__initial_pylint.txt,outputs_deepseek_prompt_v3\reports\static_analysis\bandit\HumanEval_21__self_refine__sample0__initial_bandit.json,outputs_deepseek_prompt_v3\reports\static_analysis\bandit\HumanEval_21__self_refine__sample0__initial_bandit.stderr.txt,False
HumanEval/22,filter_integers,zero_shot,0,"from typing import List


def filter_integers(values: List[str]) -> List[int]:
    """"""
    Filter given list of string values only for integers.

    Example:
        >>> filter_integers(['10', ' 123 ', '5.0', three', 'abc', '{}'])
        [10]
    """"""
    result = []
    for value in values:
        value = value.strip()
        try:
            num = int(value)
            result.append(num)
        except ValueError:
            continue
    return result",raw_generations/HumanEval_22/zero_shot_sample0.py,,,True,,8.18,0,3.0,3,100.0,outputs_deepseek_prompt_v3\reports\static_analysis\pylint\HumanEval_22__zero_shot__sample0__final_pylint.txt,outputs_deepseek_prompt_v3\reports\static_analysis\bandit\HumanEval_22__zero_shot__sample0__final_bandit.json,outputs_deepseek_prompt_v3\reports\static_analysis\bandit\HumanEval_22__zero_shot__sample0__final_bandit.stderr.txt,False,assertion_failed: ,8.0,7.0,6.0,8.0,6.0,7.0,"The code is readable and efficient but fails to correctly handle all integer strings as specified, and could be more Pythonic.",,,,,,,
HumanEval/22,filter_integers,constraint_guided,0,"from typing import List


def filter_integers(values: List[str]) -> List[int]:
    """"""
    Filter given list of string values only for integers.

    Example:
        >>> filter_integers(['10', ' 123 ', '5.0', 'three', 'abc', '{}'])
        [10, 123]
    """"""
    integers = []
    for value in values:
        stripped_value = value.strip()
        if stripped_value.isdigit():
            integers.append(int(stripped_value))
    return integers",raw_generations/HumanEval_22/constraint_guided_sample0.py,,,True,,7.5,0,3.0,3,100.0,outputs_deepseek_prompt_v3\reports\static_analysis\pylint\HumanEval_22__constraint_guided__sample0__final_pylint.txt,outputs_deepseek_prompt_v3\reports\static_analysis\bandit\HumanEval_22__constraint_guided__sample0__final_bandit.json,outputs_deepseek_prompt_v3\reports\static_analysis\bandit\HumanEval_22__constraint_guided__sample0__final_bandit.stderr.txt,False,assertion_failed: ,8.0,7.0,6.0,8.0,7.0,7.0,"The code is readable and efficient but fails to handle negative integers and large numbers correctly due to reliance on isdigit(), which only checks for positive digit strings.",,,,,,,
HumanEval/22,filter_integers,structured_cot,0,"from typing import List


def filter_integers(values: List[str]) -> List[int]:
    """"""
    Filter given list of string values only for integers.

    Example:
        >>> filter_integers(['10', ' 123 ', '5.0', 'three', 'abc', '{}'])
        [10]
    """"""
    result = []
    for value in values:
        stripped = value.strip()
        if stripped.lstrip('-').isdigit():
            result.append(int(stripped))
    return result",raw_generations/HumanEval_22/structured_cot_sample0.py,,,True,,7.5,0,3.0,3,100.0,outputs_deepseek_prompt_v3\reports\static_analysis\pylint\HumanEval_22__structured_cot__sample0__final_pylint.txt,outputs_deepseek_prompt_v3\reports\static_analysis\bandit\HumanEval_22__structured_cot__sample0__final_bandit.json,outputs_deepseek_prompt_v3\reports\static_analysis\bandit\HumanEval_22__structured_cot__sample0__final_bandit.stderr.txt,False,assertion_failed: ,8.0,7.0,6.0,8.0,7.0,7.0,The code is readable and efficient but fails to handle negative integers correctly and misses some edge cases like large integers or strings with leading zeros.,,,,,,,
HumanEval/22,filter_integers,self_refine,0,"""""""Filter integer values from a list of strings.""""""

from typing import List


def filter_integers(values: List[str]) -> List[int]:
    """"""
    Filter given list of string values only for integers.

    Example:
        >>> filter_integers(['10', ' 123 ', '5.0', 'three', 'abc', '{}'])
        [10]
    """"""
    result = []
    for value in values:
        stripped = value.strip()
        if stripped.lstrip('-').isdigit():
            result.append(int(stripped))
    return result",raw_generations/HumanEval_22/self_refine_sample0.py,"""""""Filter integer values from a list of strings.""""""

from typing import List


def filter_integers(values: List[str]) -> List[int]:
    """"""
    Filter given list of string values only for integers.

    Example:
        >>> filter_integers(['10', ' 123 ', '5.0', 'three', 'abc', '{}'])
        [10]
    """"""
    result = []
    for value in values:
        stripped = value.strip()
        if stripped.lstrip('-').isdigit():
            result.append(int(stripped))
    return result",raw_generations/HumanEval_22/self_refine_sample0_initial.py,True,,8.75,0,3.0,3,100.0,outputs_deepseek_prompt_v3\reports\static_analysis\pylint\HumanEval_22__self_refine__sample0__final_pylint.txt,outputs_deepseek_prompt_v3\reports\static_analysis\bandit\HumanEval_22__self_refine__sample0__final_bandit.json,outputs_deepseek_prompt_v3\reports\static_analysis\bandit\HumanEval_22__self_refine__sample0__final_bandit.stderr.txt,False,assertion_failed: ,8.0,7.0,6.0,8.0,7.0,7.0,"The code is generally readable and efficient, but fails to correctly handle negative integers and the example's expected output is inconsistent with the implementation.",8.75,False,assertion_failed: ,outputs_deepseek_prompt_v3\reports\static_analysis\pylint\HumanEval_22__self_refine__sample0__initial_pylint.txt,outputs_deepseek_prompt_v3\reports\static_analysis\bandit\HumanEval_22__self_refine__sample0__initial_bandit.json,outputs_deepseek_prompt_v3\reports\static_analysis\bandit\HumanEval_22__self_refine__sample0__initial_bandit.stderr.txt,False
HumanEval/23,strlen,zero_shot,0,"def strlen(string: str) -> int:
    """"""
    Return the length of the given string.

    Example:
        >>> strlen('abc')
        3
    """"""
    return len(string)",raw_generations/HumanEval_23/zero_shot_sample0.py,,,True,,0.0,0,1.0,1,100.0,outputs_deepseek_prompt_v3\reports\static_analysis\pylint\HumanEval_23__zero_shot__sample0__final_pylint.txt,outputs_deepseek_prompt_v3\reports\static_analysis\bandit\HumanEval_23__zero_shot__sample0__final_bandit.json,outputs_deepseek_prompt_v3\reports\static_analysis\bandit\HumanEval_23__zero_shot__sample0__final_bandit.stderr.txt,True,passed,9.0,9.0,10.0,10.0,8.0,9.0,"Clean, correct implementation but the function is redundant since it directly wraps Python's built-in len() function.",,,,,,,
HumanEval/23,strlen,constraint_guided,0,"""""""
String length calculation utility.

This module provides a function to calculate the length of a string.
""""""


def strlen(string: str) -> int:
    """"""
    Return the length of the given string.

    Args:
        string: The input string whose length is to be calculated.

    Returns:
        The length of the input string as an integer.

    Example:
        >>> strlen('abc')
        3
    """"""
    return len(string)",raw_generations/HumanEval_23/constraint_guided_sample0.py,,,True,,5.0,0,1.0,1,100.0,outputs_deepseek_prompt_v3\reports\static_analysis\pylint\HumanEval_23__constraint_guided__sample0__final_pylint.txt,outputs_deepseek_prompt_v3\reports\static_analysis\bandit\HumanEval_23__constraint_guided__sample0__final_bandit.json,outputs_deepseek_prompt_v3\reports\static_analysis\bandit\HumanEval_23__constraint_guided__sample0__final_bandit.stderr.txt,True,passed,10.0,10.0,10.0,10.0,10.0,10.0,"Perfect implementation - simple, clear, and leverages Python's built-in functionality appropriately.",,,,,,,
HumanEval/23,strlen,structured_cot,0,"def strlen(string: str) -> int:
    """"""
    Return the length of the given string.

    Example:
        >>> strlen('abc')
        3
    """"""
    return len(string)",raw_generations/HumanEval_23/structured_cot_sample0.py,,,True,,0.0,0,1.0,1,100.0,outputs_deepseek_prompt_v3\reports\static_analysis\pylint\HumanEval_23__structured_cot__sample0__final_pylint.txt,outputs_deepseek_prompt_v3\reports\static_analysis\bandit\HumanEval_23__structured_cot__sample0__final_bandit.json,outputs_deepseek_prompt_v3\reports\static_analysis\bandit\HumanEval_23__structured_cot__sample0__final_bandit.stderr.txt,True,passed,10.0,10.0,10.0,10.0,10.0,10.0,"Perfect implementation: clear, correct, efficient, and Pythonic.",,,,,,,
HumanEval/23,strlen,self_refine,0,"""""""String length utility.""""""


def strlen(string: str) -> int:
    """"""
    Return the length of the given string.

    Example:
        >>> strlen('abc')
        3
    """"""
    return len(string)",raw_generations/HumanEval_23/self_refine_sample0.py,"""""""String length utility.""""""


def strlen(string: str) -> int:
    """"""
    Return the length of the given string.

    Example:
        >>> strlen('abc')
        3
    """"""
    return len(string)",raw_generations/HumanEval_23/self_refine_sample0_initial.py,True,,5.0,0,1.0,1,100.0,outputs_deepseek_prompt_v3\reports\static_analysis\pylint\HumanEval_23__self_refine__sample0__final_pylint.txt,outputs_deepseek_prompt_v3\reports\static_analysis\bandit\HumanEval_23__self_refine__sample0__final_bandit.json,outputs_deepseek_prompt_v3\reports\static_analysis\bandit\HumanEval_23__self_refine__sample0__final_bandit.stderr.txt,True,passed,10.0,-10.0,10.0,10.0,10.0,10.0,"Perfectly readable, correct, efficient, and Pythonic implementation that directly uses the built-in len() function.",5.0,True,passed,outputs_deepseek_prompt_v3\reports\static_analysis\pylint\HumanEval_23__self_refine__sample0__initial_pylint.txt,outputs_deepseek_prompt_v3\reports\static_analysis\bandit\HumanEval_23__self_refine__sample0__initial_bandit.json,outputs_deepseek_prompt_v3\reports\static_analysis\bandit\HumanEval_23__self_refine__sample0__initial_bandit.stderr.txt,False
HumanEval/24,largest_divisor,zero_shot,0,"def largest_divisor(n: int) -> int:
    """"""
    Find the largest number that divides n evenly, smaller than n.
    Return -1 if such a number does not exist.
    """"""
    if n <= 1:
        return -1
    
    for i in range(n - 1, 0, -1):
        if n % i == 0:
            return i
    
    return -1",raw_generations/HumanEval_24/zero_shot_sample0.py,,,True,,4.29,0,4.0,4,96.56127628901618,outputs_deepseek_prompt_v3\reports\static_analysis\pylint\HumanEval_24__zero_shot__sample0__final_pylint.txt,outputs_deepseek_prompt_v3\reports\static_analysis\bandit\HumanEval_24__zero_shot__sample0__final_bandit.json,outputs_deepseek_prompt_v3\reports\static_analysis\bandit\HumanEval_24__zero_shot__sample0__final_bandit.stderr.txt,True,passed,8.0,7.0,8.0,4.0,6.0,6.0,The code is clear and correct but inefficient for large numbers; it could use mathematical optimization.,,,,,,,
HumanEval/24,largest_divisor,constraint_guided,0,"""""""
Find the largest divisor of a given integer that is smaller than the integer itself.
""""""


def largest_divisor(n: int) -> int:
    """"""
    Find the largest number that divides n evenly, smaller than n.
    Return -1 if such a number does not exist.

    Example:
        >>> largest_divisor(15)
        5
    """"""
    if n <= 1:
        return -1

    for divisor in range(n - 1, 0, -1):
        if n % divisor == 0:
            return divisor

    return -1",raw_generations/HumanEval_24/constraint_guided_sample0.py,,,True,,8.57,0,4.0,4,84.24827939308223,outputs_deepseek_prompt_v3\reports\static_analysis\pylint\HumanEval_24__constraint_guided__sample0__final_pylint.txt,outputs_deepseek_prompt_v3\reports\static_analysis\bandit\HumanEval_24__constraint_guided__sample0__final_bandit.json,outputs_deepseek_prompt_v3\reports\static_analysis\bandit\HumanEval_24__constraint_guided__sample0__final_bandit.stderr.txt,True,passed,8.0,7.0,8.0,3.0,6.0,6.0,The code is clear and correct for small inputs but inefficient for large numbers due to O(n) time complexity; a more efficient approach would iterate up to sqrt(n).,,,,,,,
HumanEval/24,largest_divisor,structured_cot,0,"def largest_divisor(n: int) -> int:
    """"""
    Find the largest number that divides n evenly, smaller than n.
    Return -1 if such a number does not exist.

    Example:
        >>> largest_divisor(15)
        5
    """"""
    if n <= 1:
        return -1

    for d in range(n - 1, 0, -1):
        if n % d == 0:
            return d

    return -1",raw_generations/HumanEval_24/structured_cot_sample0.py,,,True,,7.14,0,4.0,4,92.96411164928317,outputs_deepseek_prompt_v3\reports\static_analysis\pylint\HumanEval_24__structured_cot__sample0__final_pylint.txt,outputs_deepseek_prompt_v3\reports\static_analysis\bandit\HumanEval_24__structured_cot__sample0__final_bandit.json,outputs_deepseek_prompt_v3\reports\static_analysis\bandit\HumanEval_24__structured_cot__sample0__final_bandit.stderr.txt,True,passed,8.0,7.0,8.0,4.0,6.0,6.0,The code is clear and correct for small inputs but inefficient for large numbers due to O(n) time complexity; a more efficient approach would iterate up to sqrt(n).,,,,,,,
HumanEval/24,largest_divisor,self_refine,0,"""""""
This module provides a function to find the largest divisor of a given integer
that is smaller than the integer itself.
""""""


def largest_divisor(n: int) -> int:
    """"""
    Find the largest number that divides n evenly, smaller than n.
    Return -1 if such a number does not exist.

    Args:
        n: The integer to find the largest divisor for.

    Returns:
        The largest divisor of n that is smaller than n, or -1 if none exists.

    Examples:
        >>> largest_divisor(15)
        5
        >>> largest_divisor(7)
        -1
        >>> largest_divisor(1)
        -1
    """"""
    if n <= 1:
        return -1

    # Start from the largest possible divisor (n-1) and go downwards
    for divisor in range(n - 1, 0, -1):
        if n % divisor == 0:
            return divisor

    # This line should never be reached for n > 1, but kept for completeness
    return -1",raw_generations/HumanEval_24/self_refine_sample0.py,"""""""
This module provides a function to find the largest divisor of a given integer
that is smaller than the integer itself.
""""""


def largest_divisor(n: int) -> int:
    """"""
    Find the largest number that divides n evenly, smaller than n.
    Return -1 if such a number does not exist.

    Args:
        n: The integer to find the largest divisor for.

    Returns:
        The largest divisor of n that is smaller than n, or -1 if none exists.

    Examples:
        >>> largest_divisor(15)
        5
        >>> largest_divisor(7)
        -1
        >>> largest_divisor(1)
        -1
    """"""
    if n <= 1:
        return -1

    # Start from the largest possible divisor (n-1) and go downwards
    for divisor in range(n - 1, 0, -1):
        if n % divisor == 0:
            return divisor

    # This line should never be reached for n > 1, but kept for completeness
    return -1",raw_generations/HumanEval_24/self_refine_sample0_initial.py,True,,8.57,0,4.0,4,53.55741097037684,outputs_deepseek_prompt_v3\reports\static_analysis\pylint\HumanEval_24__self_refine__sample0__final_pylint.txt,outputs_deepseek_prompt_v3\reports\static_analysis\bandit\HumanEval_24__self_refine__sample0__final_bandit.json,outputs_deepseek_prompt_v3\reports\static_analysis\bandit\HumanEval_24__self_refine__sample0__final_bandit.stderr.txt,True,passed,9.0,-1.0,8.0,2.0,7.0,5.0,"The code is readable and correct for small numbers, but extremely inefficient for large inputs due to O(n) linear search; a proper solution should check divisors up to sqrt(n).",8.57,True,passed,outputs_deepseek_prompt_v3\reports\static_analysis\pylint\HumanEval_24__self_refine__sample0__initial_pylint.txt,outputs_deepseek_prompt_v3\reports\static_analysis\bandit\HumanEval_24__self_refine__sample0__initial_bandit.json,outputs_deepseek_prompt_v3\reports\static_analysis\bandit\HumanEval_24__self_refine__sample0__initial_bandit.stderr.txt,False
HumanEval/25,factorize,zero_shot,0,"from typing import List


def factorize(n: int) -> List[int]:
    """"""
    Return a list of prime factors of the given integer in the order of smallest to largest.
    Each of the factors should be listed as often as it appears in the factorization.
    The input number should be equal to the product of all factors.

    Examples:
        >>> factorize(8)
        [2, 2, 2]
        >>> factorize(25)
        [5, 5]
        >>> factorize(70)
        [2, 5, 7]
    """"""
    factors = []
    d = 2
    while d * d <= n:
        while n % d == 0:
            factors.append(d)
            n //= d
        d += 1 if d == 2 else 2
    if n > 1:
        factors.append(n)
    return factors",raw_generations/HumanEval_25/zero_shot_sample0.py,,,True,,8.33,0,5.0,5,86.86200935661022,outputs_deepseek_prompt_v3\reports\static_analysis\pylint\HumanEval_25__zero_shot__sample0__final_pylint.txt,outputs_deepseek_prompt_v3\reports\static_analysis\bandit\HumanEval_25__zero_shot__sample0__final_bandit.json,outputs_deepseek_prompt_v3\reports\static_analysis\bandit\HumanEval_25__zero_shot__sample0__final_bandit.stderr.txt,True,passed,8.0,7.0,9.0,8.0,7.0,8.0,"The code is generally well-written and efficient, but could be improved with better variable names and handling of edge cases like negative numbers.",,,,,,,
HumanEval/25,factorize,constraint_guided,0,"""""""Prime factorization of integers.""""""

from typing import List


def factorize(n: int) -> List[int]:
    """"""
    Return a list of prime factors of the given integer in the order of smallest to largest.
    Each of the factors should be listed as often as it appears in the factorization.
    The input number should be equal to the product of all factors.

    Examples:
        >>> factorize(8)
        [2, 2, 2]
        >>> factorize(25)
        [5, 5]
        >>> factorize(70)
        [2, 5, 7]
    """"""
    if n < 2:
        return []

    factors = []
    divisor = 2

    while divisor * divisor <= n:
        while n % divisor == 0:
            factors.append(divisor)
            n //= divisor
        divisor += 1 if divisor == 2 else 2

    if n > 1:
        factors.append(n)

    return factors",raw_generations/HumanEval_25/constraint_guided_sample0.py,,,True,,9.29,0,6.0,6,86.1795564565135,outputs_deepseek_prompt_v3\reports\static_analysis\pylint\HumanEval_25__constraint_guided__sample0__final_pylint.txt,outputs_deepseek_prompt_v3\reports\static_analysis\bandit\HumanEval_25__constraint_guided__sample0__final_bandit.json,outputs_deepseek_prompt_v3\reports\static_analysis\bandit\HumanEval_25__constraint_guided__sample0__final_bandit.stderr.txt,True,passed,8.0,7.0,9.0,8.0,7.0,8.0,"The code is generally well-written with good efficiency, but could benefit from better modularity and more Pythonic optimizations.",,,,,,,
HumanEval/25,factorize,structured_cot,0,"from typing import List


def factorize(n: int) -> List[int]:
    """"""
    Return a list of prime factors of the given integer in the order of smallest to largest.
    Each of the factors should be listed as often as it appears in the factorization.
    The input number should be equal to the product of all factors.

    Examples:
        >>> factorize(8)
        [2, 2, 2]
        >>> factorize(25)
        [5, 5]
        >>> factorize(70)
        [2, 5, 7]
    """"""
    factors = []
    divisor = 2
    while divisor * divisor <= n:
        while n % divisor == 0:
            factors.append(divisor)
            n //= divisor
        divisor += 1 if divisor == 2 else 2
    if n > 1:
        factors.append(n)
    return factors",raw_generations/HumanEval_25/structured_cot_sample0.py,,,True,,8.33,0,5.0,5,86.86200935661022,outputs_deepseek_prompt_v3\reports\static_analysis\pylint\HumanEval_25__structured_cot__sample0__final_pylint.txt,outputs_deepseek_prompt_v3\reports\static_analysis\bandit\HumanEval_25__structured_cot__sample0__final_bandit.json,outputs_deepseek_prompt_v3\reports\static_analysis\bandit\HumanEval_25__structured_cot__sample0__final_bandit.stderr.txt,True,passed,8.0,7.0,9.0,8.0,7.0,8.0,"The code is clear and efficient, but could be improved with better modularity and more Pythonic handling of prime divisor iteration.",,,,,,,
HumanEval/25,factorize,self_refine,0,"""""""
Prime Factorization Module

This module provides a function to compute the prime factorization of an integer.
""""""

from typing import List


def factorize(n: int) -> List[int]:
    """"""
    Return a list of prime factors of the given integer in the order of smallest to largest.
    Each of the factors should be listed as often as it appears in the factorization.
    The input number should be equal to the product of all factors.

    Args:
        n: The integer to factorize. Must be greater than 1.

    Returns:
        A list of prime factors of n.

    Examples:
        >>> factorize(8)
        [2, 2, 2]
        >>> factorize(25)
        [5, 5]
        >>> factorize(70)
        [2, 5, 7]
    """"""
    if n <= 1:
        raise ValueError(""Input must be greater than 1"")

    factors = []
    divisor = 2

    while divisor * divisor <= n:
        while n % divisor == 0:
            factors.append(divisor)
            n //= divisor
        divisor += 1 if divisor == 2 else 2

    if n > 1:
        factors.append(n)

    return factors",raw_generations/HumanEval_25/self_refine_sample0.py,"""""""
Prime Factorization Module

This module provides a function to compute the prime factorization of an integer.
""""""

from typing import List


def factorize(n: int) -> List[int]:
    """"""
    Return a list of prime factors of the given integer in the order of smallest to largest.
    Each of the factors should be listed as often as it appears in the factorization.
    The input number should be equal to the product of all factors.

    Args:
        n: The integer to factorize. Must be greater than 1.

    Returns:
        A list of prime factors of n.

    Examples:
        >>> factorize(8)
        [2, 2, 2]
        >>> factorize(25)
        [5, 5]
        >>> factorize(70)
        [2, 5, 7]
    """"""
    if n <= 1:
        raise ValueError(""Input must be greater than 1"")

    factors = []
    divisor = 2

    while divisor * divisor <= n:
        while n % divisor == 0:
            factors.append(divisor)
            n //= divisor
        divisor += 1 if divisor == 2 else 2

    if n > 1:
        factors.append(n)

    return factors",raw_generations/HumanEval_25/self_refine_sample0_initial.py,True,,9.29,0,6.0,6,76.8022330552705,outputs_deepseek_prompt_v3\reports\static_analysis\pylint\HumanEval_25__self_refine__sample0__final_pylint.txt,outputs_deepseek_prompt_v3\reports\static_analysis\bandit\HumanEval_25__self_refine__sample0__final_bandit.json,outputs_deepseek_prompt_v3\reports\static_analysis\bandit\HumanEval_25__self_refine__sample0__final_bandit.stderr.txt,True,passed,-1.0,8.0,8.0,7.0,7.0,7.0,"The code is well-structured and mostly correct, but the divisor increment logic is slightly inefficient and the docstring's input constraint contradicts the function's error handling.",9.29,True,passed,outputs_deepseek_prompt_v3\reports\static_analysis\pylint\HumanEval_25__self_refine__sample0__initial_pylint.txt,outputs_deepseek_prompt_v3\reports\static_analysis\bandit\HumanEval_25__self_refine__sample0__initial_bandit.json,outputs_deepseek_prompt_v3\reports\static_analysis\bandit\HumanEval_25__self_refine__sample0__initial_bandit.stderr.txt,False
HumanEval/26,remove_duplicates,zero_shot,0,"from typing import List


def remove_duplicates(numbers: List[int]) -> List[int]:
    """"""
    From a list of integers, remove all the elements that occur more than once.
    Keep the order of the elements the same as in the input.

    Example:
        >>> remove_duplicates([1, 2, 3, 2, 4])
        [1, 3, 4]
    """"""
    seen = {}
    for num in numbers:
        seen[num] = seen.get(num, 0) + 1
    result = []
    for num in numbers:
        if seen[num] == 1:
            result.append(num)
    return result",raw_generations/HumanEval_26/zero_shot_sample0.py,,,True,,8.0,0,4.0,4,97.58778294020266,outputs_deepseek_prompt_v3\reports\static_analysis\pylint\HumanEval_26__zero_shot__sample0__final_pylint.txt,outputs_deepseek_prompt_v3\reports\static_analysis\bandit\HumanEval_26__zero_shot__sample0__final_bandit.json,outputs_deepseek_prompt_v3\reports\static_analysis\bandit\HumanEval_26__zero_shot__sample0__final_bandit.stderr.txt,True,passed,8.0,7.0,9.0,7.0,7.0,7.0,The code is clear and correct but uses two passes and a dictionary when collections.Counter would be more Pythonic and efficient.,,,,,,,
HumanEval/26,remove_duplicates,constraint_guided,0,"from typing import List


def remove_duplicates(numbers: List[int]) -> List[int]:
    """"""
    From a list of integers, remove all the elements that occur more than once.
    Keep the order of the elements the same as in the input.

    Example:
        >>> remove_duplicates([1, 2, 3, 2, 4])
        [1, 3, 4]
    """"""
    seen_counts = {}
    
    # First pass: count occurrences
    for num in numbers:
        seen_counts[num] = seen_counts.get(num, 0) + 1
    
    # Second pass: collect elements that appear exactly once
    result = []
    for num in numbers:
        if seen_counts[num] == 1:
            result.append(num)
    
    return result",raw_generations/HumanEval_26/constraint_guided_sample0.py,,,True,,5.0,0,4.0,4,95.72354776748588,outputs_deepseek_prompt_v3\reports\static_analysis\pylint\HumanEval_26__constraint_guided__sample0__final_pylint.txt,outputs_deepseek_prompt_v3\reports\static_analysis\bandit\HumanEval_26__constraint_guided__sample0__final_bandit.json,outputs_deepseek_prompt_v3\reports\static_analysis\bandit\HumanEval_26__constraint_guided__sample0__final_bandit.stderr.txt,True,passed,8.0,8.0,9.0,8.0,7.0,8.0,"The code is clear and correct, but could be more Pythonic by using collections.Counter and a list comprehension for better conciseness.",,,,,,,
HumanEval/26,remove_duplicates,structured_cot,0,"from typing import List
from collections import Counter


def remove_duplicates(numbers: List[int]) -> List[int]:
    """"""
    From a list of integers, remove all the elements that occur more than once.
    Keep the order of the elements the same as in the input.

    Example:
        >>> remove_duplicates([1, 2, 3, 2, 4])
        [1, 3, 4]
    """"""
    count = Counter(numbers)
    return [num for num in numbers if count[num] == 1]",raw_generations/HumanEval_26/structured_cot_sample0.py,,,True,,6.0,0,3.0,3,96.48998755042926,outputs_deepseek_prompt_v3\reports\static_analysis\pylint\HumanEval_26__structured_cot__sample0__final_pylint.txt,outputs_deepseek_prompt_v3\reports\static_analysis\bandit\HumanEval_26__structured_cot__sample0__final_bandit.json,outputs_deepseek_prompt_v3\reports\static_analysis\bandit\HumanEval_26__structured_cot__sample0__final_bandit.stderr.txt,True,passed,9.0,8.0,10.0,8.0,9.0,9.0,"Clean, efficient implementation using Counter and list comprehension, though slightly inefficient due to double iteration.",,,,,,,
HumanEval/26,remove_duplicates,self_refine,0,"from typing import List


def remove_duplicates(numbers: List[int]) -> List[int]:
    """"""
    From a list of integers, remove all the elements that occur more than once.
    Keep the order of the elements the same as in the input.

    Example:
        >>> remove_duplicates([1, 2, 3, 2, 4])
        [1, 3, 4]
    """"""
    seen_once = set()
    seen_multiple = set()

    for num in numbers:
        if num in seen_multiple:
            continue
        if num in seen_once:
            seen_once.remove(num)
            seen_multiple.add(num)
        else:
            seen_once.add(num)

    return [num for num in numbers if num in seen_once]",raw_generations/HumanEval_26/self_refine_sample0.py,"""""""
Module for removing duplicate elements from a list while preserving order.
""""""

from typing import List


def remove_duplicates(numbers: List[int]) -> List[int]:
    """"""
    From a list of integers, remove all the elements that occur more than once.
    Keep the order of the elements the same as in the input.

    Example:
        >>> remove_duplicates([1, 2, 3, 2, 4])
        [1, 3, 4]
    """"""
    seen_once = set()
    seen_multiple = set()
    
    for num in numbers:
        if num in seen_multiple:
            continue
        if num in seen_once:
            seen_once.remove(num)
            seen_multiple.add(num)
        else:
            seen_once.add(num)
    
    return [num for num in numbers if num in seen_once]",raw_generations/HumanEval_26/self_refine_sample0_initial.py,True,,8.33,0,6.0,6,94.60472714174253,outputs_deepseek_prompt_v3\reports\static_analysis\pylint\HumanEval_26__self_refine__sample0__final_pylint.txt,outputs_deepseek_prompt_v3\reports\static_analysis\bandit\HumanEval_26__self_refine__sample0__final_bandit.json,outputs_deepseek_prompt_v3\reports\static_analysis\bandit\HumanEval_26__self_refine__sample0__final_bandit.stderr.txt,True,passed,9.0,8.0,10.0,9.0,8.0,9.0,"Clean, efficient implementation with clear logic and good use of sets, though slightly verbose and could use more descriptive variable names.",7.5,True,passed,outputs_deepseek_prompt_v3\reports\static_analysis\pylint\HumanEval_26__self_refine__sample0__initial_pylint.txt,outputs_deepseek_prompt_v3\reports\static_analysis\bandit\HumanEval_26__self_refine__sample0__initial_bandit.json,outputs_deepseek_prompt_v3\reports\static_analysis\bandit\HumanEval_26__self_refine__sample0__initial_bandit.stderr.txt,True
HumanEval/27,flip_case,zero_shot,0,"def flip_case(string: str) -> str:
    return string.swapcase()",raw_generations/HumanEval_27/zero_shot_sample0.py,,,True,,0.0,0,1.0,1,100.0,outputs_deepseek_prompt_v3\reports\static_analysis\pylint\HumanEval_27__zero_shot__sample0__final_pylint.txt,outputs_deepseek_prompt_v3\reports\static_analysis\bandit\HumanEval_27__zero_shot__sample0__final_bandit.json,outputs_deepseek_prompt_v3\reports\static_analysis\bandit\HumanEval_27__zero_shot__sample0__final_bandit.stderr.txt,True,passed,10.0,10.0,10.0,10.0,10.0,10.0,"Perfect implementation using built-in string method, fully correct and idiomatic.",,,,,,,
HumanEval/27,flip_case,constraint_guided,0,"""""""
String manipulation utilities for character case transformation.
""""""


def flip_case(string: str) -> str:
    """"""
    For a given string, flip lowercase characters to uppercase and uppercase to lowercase.

    Args:
        string: The input string to transform.

    Returns:
        A new string with case-flipped characters.

    Example:
        >>> flip_case('Hello')
        'hELLO'
    """"""
    result_chars = []
    for char in string:
        if char.islower():
            result_chars.append(char.upper())
        elif char.isupper():
            result_chars.append(char.lower())
        else:
            result_chars.append(char)
    return ''.join(result_chars)",raw_generations/HumanEval_27/constraint_guided_sample0.py,,,True,,8.89,0,4.0,4,100.0,outputs_deepseek_prompt_v3\reports\static_analysis\pylint\HumanEval_27__constraint_guided__sample0__final_pylint.txt,outputs_deepseek_prompt_v3\reports\static_analysis\bandit\HumanEval_27__constraint_guided__sample0__final_bandit.json,outputs_deepseek_prompt_v3\reports\static_analysis\bandit\HumanEval_27__constraint_guided__sample0__final_bandit.stderr.txt,True,passed,9.0,9.0,9.0,8.0,7.0,8.0,"The code is clear and correct, but could be more Pythonic using a generator expression or str.swapcase, and the efficiency is slightly suboptimal due to list appending.",,,,,,,
HumanEval/27,flip_case,structured_cot,0,"def flip_case(string: str) -> str:
    """"""
    For a given string, flip lowercase characters to uppercase and uppercase to lowercase.

    Example:
        >>> flip_case('Hello')
        'hELLO'
    """"""
    return string.swapcase()",raw_generations/HumanEval_27/structured_cot_sample0.py,,,True,,0.0,0,1.0,1,100.0,outputs_deepseek_prompt_v3\reports\static_analysis\pylint\HumanEval_27__structured_cot__sample0__final_pylint.txt,outputs_deepseek_prompt_v3\reports\static_analysis\bandit\HumanEval_27__structured_cot__sample0__final_bandit.json,outputs_deepseek_prompt_v3\reports\static_analysis\bandit\HumanEval_27__structured_cot__sample0__final_bandit.stderr.txt,True,passed,10.0,10.0,10.0,10.0,10.0,10.0,"Perfect implementation using built-in method, fully correct and idiomatic.",,,,,,,
HumanEval/27,flip_case,self_refine,0,"""""""
String case manipulation utilities.
""""""


def flip_case(string: str) -> str:
    """"""
    For a given string, flip lowercase characters to uppercase and uppercase to lowercase.

    Example:
        >>> flip_case('Hello')
        'hELLO'
    """"""
    if not string:
        return string

    result_chars = []
    for char in string:
        if char.islower():
            result_chars.append(char.upper())
        elif char.isupper():
            result_chars.append(char.lower())
        else:
            result_chars.append(char)

    return ''.join(result_chars)",raw_generations/HumanEval_27/self_refine_sample0.py,"""""""
String case manipulation utilities.
""""""


def flip_case(string: str) -> str:
    """"""
    For a given string, flip lowercase characters to uppercase and uppercase to lowercase.

    Example:
        >>> flip_case('Hello')
        'hELLO'
    """"""
    if not string:
        return string

    result_chars = []
    for char in string:
        if char.islower():
            result_chars.append(char.upper())
        elif char.isupper():
            result_chars.append(char.lower())
        else:
            result_chars.append(char)

    return ''.join(result_chars)",raw_generations/HumanEval_27/self_refine_sample0_initial.py,True,,9.09,0,5.0,5,100.0,outputs_deepseek_prompt_v3\reports\static_analysis\pylint\HumanEval_27__self_refine__sample0__final_pylint.txt,outputs_deepseek_prompt_v3\reports\static_analysis\bandit\HumanEval_27__self_refine__sample0__final_bandit.json,outputs_deepseek_prompt_v3\reports\static_analysis\bandit\HumanEval_27__self_refine__sample0__final_bandit.stderr.txt,True,passed,8.0,8.0,9.0,7.0,7.0,8.0,The code is clear and correct but could be more Pythonic and efficient using a generator expression or str.swapcase().,9.09,True,passed,outputs_deepseek_prompt_v3\reports\static_analysis\pylint\HumanEval_27__self_refine__sample0__initial_pylint.txt,outputs_deepseek_prompt_v3\reports\static_analysis\bandit\HumanEval_27__self_refine__sample0__initial_bandit.json,outputs_deepseek_prompt_v3\reports\static_analysis\bandit\HumanEval_27__self_refine__sample0__initial_bandit.stderr.txt,False
HumanEval/28,concatenate,zero_shot,0,"from typing import List


def concatenate(strings: List[str]) -> str:
    """"""
    Concatenate list of strings into a single string.

    Example:
        >>> concatenate(['a', 'b', 'c'])
        'abc'
    """"""
    return ''.join(strings)",raw_generations/HumanEval_28/zero_shot_sample0.py,,,True,,3.33,0,1.0,1,100.0,outputs_deepseek_prompt_v3\reports\static_analysis\pylint\HumanEval_28__zero_shot__sample0__final_pylint.txt,outputs_deepseek_prompt_v3\reports\static_analysis\bandit\HumanEval_28__zero_shot__sample0__final_bandit.json,outputs_deepseek_prompt_v3\reports\static_analysis\bandit\HumanEval_28__zero_shot__sample0__final_bandit.stderr.txt,True,passed,10.0,10.0,10.0,10.0,10.0,10.0,"Perfect implementation using Python's built-in join method, which is efficient, readable, and idiomatic.",,,,,,,
HumanEval/28,concatenate,constraint_guided,0,"from typing import List


def concatenate(strings: List[str]) -> str:
    """"""
    Concatenate list of strings into a single string.

    Args:
        strings: A list of strings to concatenate.

    Returns:
        A single string formed by concatenating all input strings.

    Example:
        >>> concatenate(['a', 'b', 'c'])
        'abc'
    """"""
    return ''.join(strings)",raw_generations/HumanEval_28/constraint_guided_sample0.py,,,True,,3.33,0,1.0,1,100.0,outputs_deepseek_prompt_v3\reports\static_analysis\pylint\HumanEval_28__constraint_guided__sample0__final_pylint.txt,outputs_deepseek_prompt_v3\reports\static_analysis\bandit\HumanEval_28__constraint_guided__sample0__final_bandit.json,outputs_deepseek_prompt_v3\reports\static_analysis\bandit\HumanEval_28__constraint_guided__sample0__final_bandit.stderr.txt,True,passed,9.0,9.0,10.0,10.0,10.0,9.0,"Excellent implementation using Python's built-in join for efficiency and clarity, with proper type hints and documentation.",,,,,,,
HumanEval/28,concatenate,structured_cot,0,"from typing import List


def concatenate(strings: List[str]) -> str:
    """"""
    Concatenate list of strings into a single string.

    Example:
        >>> concatenate(['a', 'b', 'c'])
        'abc'
    """"""
    return ''.join(strings)",raw_generations/HumanEval_28/structured_cot_sample0.py,,,True,,3.33,0,1.0,1,100.0,outputs_deepseek_prompt_v3\reports\static_analysis\pylint\HumanEval_28__structured_cot__sample0__final_pylint.txt,outputs_deepseek_prompt_v3\reports\static_analysis\bandit\HumanEval_28__structured_cot__sample0__final_bandit.json,outputs_deepseek_prompt_v3\reports\static_analysis\bandit\HumanEval_28__structured_cot__sample0__final_bandit.stderr.txt,True,passed,9.0,9.0,10.0,10.0,10.0,9.0,"Excellent, idiomatic Python implementation that is clean, efficient, and follows best practices.",,,,,,,
HumanEval/28,concatenate,self_refine,0,"""""""
String concatenation utilities.

This module provides functions for concatenating strings from collections.
""""""

from typing import List


def concatenate(strings: List[str]) -> str:
    """"""
    Concatenate list of strings into a single string.

    Args:
        strings: A list of strings to concatenate.

    Returns:
        A single string containing all input strings concatenated together.

    Example:
        >>> concatenate(['a', 'b', 'c'])
        'abc'
        >>> concatenate([])
        ''
    """"""
    if not strings:
        return ''
    
    return ''.join(strings)",raw_generations/HumanEval_28/self_refine_sample0.py,"""""""
String concatenation utilities.

This module provides functions for concatenating strings from collections.
""""""

from typing import List


def concatenate(strings: List[str]) -> str:
    """"""
    Concatenate list of strings into a single string.

    Args:
        strings: A list of strings to concatenate.

    Returns:
        A single string containing all input strings concatenated together.

    Example:
        >>> concatenate(['a', 'b', 'c'])
        'abc'
        >>> concatenate([])
        ''
    """"""
    if not strings:
        return ''
    
    return ''.join(strings)",raw_generations/HumanEval_28/self_refine_sample0_initial.py,True,,6.0,0,2.0,2,63.53146497029863,outputs_deepseek_prompt_v3\reports\static_analysis\pylint\HumanEval_28__self_refine__sample0__final_pylint.txt,outputs_deepseek_prompt_v3\reports\static_analysis\bandit\HumanEval_28__self_refine__sample0__final_bandit.json,outputs_deepseek_prompt_v3\reports\static_analysis\bandit\HumanEval_28__self_refine__sample0__final_bandit.stderr.txt,True,passed,9.0,9.0,10.0,10.0,10.0,9.0,"Excellent, idiomatic Python implementation with clear documentation, proper edge case handling, and optimal use of built-in functions.",6.0,True,passed,outputs_deepseek_prompt_v3\reports\static_analysis\pylint\HumanEval_28__self_refine__sample0__initial_pylint.txt,outputs_deepseek_prompt_v3\reports\static_analysis\bandit\HumanEval_28__self_refine__sample0__initial_bandit.json,outputs_deepseek_prompt_v3\reports\static_analysis\bandit\HumanEval_28__self_refine__sample0__initial_bandit.stderr.txt,False
HumanEval/29,filter_by_prefix,zero_shot,0,"from typing import List


def filter_by_prefix(strings: List[str], prefix: str) -> List[str]:
    """"""
    Filter an input list of strings only for ones that start with a given prefix.

    Examples:
        >>> filter_by_prefix([], 'a')
        []
        >>> filter_by_prefix(['abc', 'bcd', 'cde', 'array'], 'a')
        ['abc', 'array']
    """"""
    return [s for s in strings if s.startswith(prefix)]",raw_generations/HumanEval_29/zero_shot_sample0.py,,,True,,3.33,0,3.0,3,100.0,outputs_deepseek_prompt_v3\reports\static_analysis\pylint\HumanEval_29__zero_shot__sample0__final_pylint.txt,outputs_deepseek_prompt_v3\reports\static_analysis\bandit\HumanEval_29__zero_shot__sample0__final_bandit.json,outputs_deepseek_prompt_v3\reports\static_analysis\bandit\HumanEval_29__zero_shot__sample0__final_bandit.stderr.txt,True,passed,9.0,9.0,10.0,9.0,10.0,9.0,"Clean, idiomatic implementation with a clear list comprehension; minor improvements could include handling None inputs or adding type hints for older Python versions.",,,,,,,
HumanEval/29,filter_by_prefix,constraint_guided,0,"""""""
Module for filtering strings based on prefix matching.
""""""

from typing import List


def filter_by_prefix(strings: List[str], prefix: str) -> List[str]:
    """"""
    Filter an input list of strings only for ones that start with a given prefix.

    Args:
        strings: List of strings to filter.
        prefix: The prefix to match against.

    Returns:
        List of strings that start with the given prefix.

    Examples:
        >>> filter_by_prefix([], 'a')
        []
        >>> filter_by_prefix(['abc', 'bcd', 'cde', 'array'], 'a')
        ['abc', 'array']
    """"""
    if not strings:
        return []

    return [s for s in strings if s.startswith(prefix)]",raw_generations/HumanEval_29/constraint_guided_sample0.py,,,True,,8.0,0,4.0,4,63.262459122345426,outputs_deepseek_prompt_v3\reports\static_analysis\pylint\HumanEval_29__constraint_guided__sample0__final_pylint.txt,outputs_deepseek_prompt_v3\reports\static_analysis\bandit\HumanEval_29__constraint_guided__sample0__final_bandit.json,outputs_deepseek_prompt_v3\reports\static_analysis\bandit\HumanEval_29__constraint_guided__sample0__final_bandit.stderr.txt,True,passed,9.0,8.0,7.0,9.0,9.0,8.0,"The code is clean and Pythonic, but the early return for empty input is unnecessary and could hide edge cases like None prefix.",,,,,,,
HumanEval/29,filter_by_prefix,structured_cot,0,"from typing import List


def filter_by_prefix(strings: List[str], prefix: str) -> List[str]:
    """"""
    Filter an input list of strings only for ones that start with a given prefix.

    Examples:
        >>> filter_by_prefix([], 'a')
        []
        >>> filter_by_prefix(['abc', 'bcd', 'cde', 'array'], 'a')
        ['abc', 'array']
    """"""
    return [s for s in strings if s.startswith(prefix)]",raw_generations/HumanEval_29/structured_cot_sample0.py,,,True,,3.33,0,3.0,3,100.0,outputs_deepseek_prompt_v3\reports\static_analysis\pylint\HumanEval_29__structured_cot__sample0__final_pylint.txt,outputs_deepseek_prompt_v3\reports\static_analysis\bandit\HumanEval_29__structured_cot__sample0__final_bandit.json,outputs_deepseek_prompt_v3\reports\static_analysis\bandit\HumanEval_29__structured_cot__sample0__final_bandit.stderr.txt,True,passed,9.0,9.0,10.0,10.0,10.0,9.0,"Clean, efficient, and idiomatic implementation with proper type hints and documentation.",,,,,,,
HumanEval/29,filter_by_prefix,self_refine,0,"""""""Filtering strings by prefix.""""""

from typing import List


def filter_by_prefix(strings: List[str], prefix: str) -> List[str]:
    """"""
    Filter an input list of strings only for ones that start with a given prefix.

    Args:
        strings: List of strings to filter.
        prefix: Prefix to filter strings by.

    Returns:
        List of strings that start with the given prefix.

    Examples:
        >>> filter_by_prefix([], 'a')
        []
        >>> filter_by_prefix(['abc', 'bcd', 'cde', 'array'], 'a')
        ['abc', 'array']
    """"""
    if not strings:
        return []

    return [s for s in strings if s.startswith(prefix)]",raw_generations/HumanEval_29/self_refine_sample0.py,"""""""Filtering strings by prefix.""""""

from typing import List


def filter_by_prefix(strings: List[str], prefix: str) -> List[str]:
    """"""
    Filter an input list of strings only for ones that start with a given prefix.

    Args:
        strings: List of strings to filter.
        prefix: Prefix to filter strings by.

    Returns:
        List of strings that start with the given prefix.

    Examples:
        >>> filter_by_prefix([], 'a')
        []
        >>> filter_by_prefix(['abc', 'bcd', 'cde', 'array'], 'a')
        ['abc', 'array']
    """"""
    if not strings:
        return []

    return [s for s in strings if s.startswith(prefix)]",raw_generations/HumanEval_29/self_refine_sample0_initial.py,True,,8.0,0,4.0,4,73.12355014435205,outputs_deepseek_prompt_v3\reports\static_analysis\pylint\HumanEval_29__self_refine__sample0__final_pylint.txt,outputs_deepseek_prompt_v3\reports\static_analysis\bandit\HumanEval_29__self_refine__sample0__final_bandit.json,outputs_deepseek_prompt_v3\reports\static_analysis\bandit\HumanEval_29__self_refine__sample0__final_bandit.stderr.txt,True,passed,9.0,9.0,8.0,9.0,9.0,9.0,"Clean, efficient, and Pythonic implementation with minor edge-case handling improvement needed.",8.0,True,passed,outputs_deepseek_prompt_v3\reports\static_analysis\pylint\HumanEval_29__self_refine__sample0__initial_pylint.txt,outputs_deepseek_prompt_v3\reports\static_analysis\bandit\HumanEval_29__self_refine__sample0__initial_bandit.json,outputs_deepseek_prompt_v3\reports\static_analysis\bandit\HumanEval_29__self_refine__sample0__initial_bandit.stderr.txt,False
HumanEval/30,get_positive,zero_shot,0,"from typing import List


def get_positive(l: List[int]) -> List[int]:
    """"""
    Return only the positive numbers in the list.

    Example:
        >>> get_positive([-1, 2, -4, 5, 6])
        [2, 5, 6]
    """"""
    return [x for x in l if x > 0]",raw_generations/HumanEval_30/zero_shot_sample0.py,,,True,,3.33,0,3.0,3,87.85234636161907,outputs_deepseek_prompt_v3\reports\static_analysis\pylint\HumanEval_30__zero_shot__sample0__final_pylint.txt,outputs_deepseek_prompt_v3\reports\static_analysis\bandit\HumanEval_30__zero_shot__sample0__final_bandit.json,outputs_deepseek_prompt_v3\reports\static_analysis\bandit\HumanEval_30__zero_shot__sample0__final_bandit.stderr.txt,True,passed,9.0,8.0,10.0,9.0,10.0,9.0,"Excellent implementation: concise, correct, and Pythonic, though variable name 'l' could be more descriptive.",,,,,,,
HumanEval/30,get_positive,constraint_guided,0,"""""""Module for filtering positive numbers from a list.""""""

from typing import List


def get_positive(l: List[int]) -> List[int]:
    """"""
    Return only the positive numbers in the list.

    Example:
        >>> get_positive([-1, 2, -4, 5, 6])
        [2, 5, 6]
    """"""
    return [num for num in l if num > 0]",raw_generations/HumanEval_30/constraint_guided_sample0.py,,,True,,6.67,0,3.0,3,85.73835482285287,outputs_deepseek_prompt_v3\reports\static_analysis\pylint\HumanEval_30__constraint_guided__sample0__final_pylint.txt,outputs_deepseek_prompt_v3\reports\static_analysis\bandit\HumanEval_30__constraint_guided__sample0__final_bandit.json,outputs_deepseek_prompt_v3\reports\static_analysis\bandit\HumanEval_30__constraint_guided__sample0__final_bandit.stderr.txt,True,passed,9.0,9.0,10.0,10.0,10.0,9.0,"Clean, efficient, and idiomatic implementation with proper type hints and documentation; only minor readability improvement possible by avoiding single-letter variable name 'l'.",,,,,,,
HumanEval/30,get_positive,structured_cot,0,"from typing import List


def get_positive(l: List[int]) -> List[int]:
    """"""
    Return only the positive numbers in the list.

    Example:
        >>> get_positive([-1, 2, -4, 5, 6])
        [2, 5, 6]
    """"""
    return [num for num in l if num > 0]",raw_generations/HumanEval_30/structured_cot_sample0.py,,,True,,3.33,0,3.0,3,87.85234636161907,outputs_deepseek_prompt_v3\reports\static_analysis\pylint\HumanEval_30__structured_cot__sample0__final_pylint.txt,outputs_deepseek_prompt_v3\reports\static_analysis\bandit\HumanEval_30__structured_cot__sample0__final_bandit.json,outputs_deepseek_prompt_v3\reports\static_analysis\bandit\HumanEval_30__structured_cot__sample0__final_bandit.stderr.txt,True,passed,9.0,9.0,10.0,10.0,10.0,9.0,"Excellent implementation: concise, efficient, and fully correct with proper documentation.",,,,,,,
HumanEval/30,get_positive,self_refine,0,"""""""Module for filtering positive numbers from a list of integers.""""""

from typing import List


def get_positive(l: List[int]) -> List[int]:
    """"""
    Return only the positive numbers in the list.

    Example:
        >>> get_positive([-1, 2, -4, 5, 6])
        [2, 5, 6]
    """"""
    return [num for num in l if num > 0]",raw_generations/HumanEval_30/self_refine_sample0.py,"""""""Module for filtering positive numbers from a list of integers.""""""

from typing import List


def get_positive(l: List[int]) -> List[int]:
    """"""
    Return only the positive numbers in the list.

    Example:
        >>> get_positive([-1, 2, -4, 5, 6])
        [2, 5, 6]
    """"""
    return [num for num in l if num > 0]",raw_generations/HumanEval_30/self_refine_sample0_initial.py,True,,6.67,0,3.0,3,85.73835482285287,outputs_deepseek_prompt_v3\reports\static_analysis\pylint\HumanEval_30__self_refine__sample0__final_pylint.txt,outputs_deepseek_prompt_v3\reports\static_analysis\bandit\HumanEval_30__self_refine__sample0__final_bandit.json,outputs_deepseek_prompt_v3\reports\static_analysis\bandit\HumanEval_30__self_refine__sample0__final_bandit.stderr.txt,True,passed,9.0,9.0,10.0,10.0,10.0,9.0,"Excellent implementation: clear, efficient, and Pythonic, though variable name 'l' could be more descriptive.",6.67,True,passed,outputs_deepseek_prompt_v3\reports\static_analysis\pylint\HumanEval_30__self_refine__sample0__initial_pylint.txt,outputs_deepseek_prompt_v3\reports\static_analysis\bandit\HumanEval_30__self_refine__sample0__initial_bandit.json,outputs_deepseek_prompt_v3\reports\static_analysis\bandit\HumanEval_30__self_refine__sample0__initial_bandit.stderr.txt,False
HumanEval/31,is_prime,zero_shot,0,"def is_prime(n: int) -> bool:
    """"""
    Check if given number is considered to be prime.

    Examples:
        >>> is_prime(6)
        False
        >>> is_prime(100)
        False
        >>> is_prime(11)
        True
    """"""
    if n <= 1:
        return False
    if n <= 3:
        return True
    if n % 2 == 0 or n % 3 == 0:
        return False
    i = 5
    while i * i <= n:
        if n % i == 0 or n % (i + 2) == 0:
            return False
        i += 6
    return True",raw_generations/HumanEval_31/zero_shot_sample0.py,,,True,,8.46,0,8.0,8,85.91627920846226,outputs_deepseek_prompt_v3\reports\static_analysis\pylint\HumanEval_31__zero_shot__sample0__final_pylint.txt,outputs_deepseek_prompt_v3\reports\static_analysis\bandit\HumanEval_31__zero_shot__sample0__final_bandit.json,outputs_deepseek_prompt_v3\reports\static_analysis\bandit\HumanEval_31__zero_shot__sample0__final_bandit.stderr.txt,True,passed,9.0,8.0,9.0,9.0,8.0,9.0,"Well-implemented prime checking algorithm with good efficiency and clear logic, though could benefit from a docstring mentioning the 6k±1 optimization.",,,,,,,
HumanEval/31,is_prime,constraint_guided,0,"""""""
Prime number checking utility.

This module provides a function to determine whether a given integer
is a prime number.
""""""


def is_prime(n: int) -> bool:
    """"""
    Check if given number is considered to be prime.

    A prime number is a natural number greater than 1 that has no
    positive divisors other than 1 and itself.

    Args:
        n: The integer to check for primality.

    Returns:
        True if n is prime, False otherwise.

    Examples:
        >>> is_prime(6)
        False
        >>> is_prime(100)
        False
        >>> is_prime(11)
        True
    """"""
    if n <= 1:
        return False

    if n <= 3:
        return True

    if n % 2 == 0 or n % 3 == 0:
        return False

    i = 5
    while i * i <= n:
        if n % i == 0 or n % (i + 2) == 0:
            return False
        i += 6

    return True",raw_generations/HumanEval_31/constraint_guided_sample0.py,,,True,,9.23,0,8.0,8,71.13081048544207,outputs_deepseek_prompt_v3\reports\static_analysis\pylint\HumanEval_31__constraint_guided__sample0__final_pylint.txt,outputs_deepseek_prompt_v3\reports\static_analysis\bandit\HumanEval_31__constraint_guided__sample0__final_bandit.json,outputs_deepseek_prompt_v3\reports\static_analysis\bandit\HumanEval_31__constraint_guided__sample0__final_bandit.stderr.txt,True,passed,9.0,8.0,9.0,9.0,8.0,9.0,"Well-structured, efficient prime checking implementation using the 6k±1 optimization with clear documentation and proper type hints.",,,,,,,
HumanEval/31,is_prime,structured_cot,0,"def is_prime(n: int) -> bool:
    """"""
    Check if given number is considered to be prime.

    Examples:
        >>> is_prime(6)
        False
        >>> is_prime(100)
        False
        >>> is_prime(11)
        True
    """"""
    if n < 2:
        return False
    if n % 2 == 0:
        return n == 2
    if n % 3 == 0:
        return n == 3
    i = 5
    while i * i <= n:
        if n % i == 0 or n % (i + 2) == 0:
            return False
        i += 6
    return True",raw_generations/HumanEval_31/structured_cot_sample0.py,,,True,,8.46,0,7.0,7,86.14031564831073,outputs_deepseek_prompt_v3\reports\static_analysis\pylint\HumanEval_31__structured_cot__sample0__final_pylint.txt,outputs_deepseek_prompt_v3\reports\static_analysis\bandit\HumanEval_31__structured_cot__sample0__final_bandit.json,outputs_deepseek_prompt_v3\reports\static_analysis\bandit\HumanEval_31__structured_cot__sample0__final_bandit.stderr.txt,True,passed,8.0,7.0,9.0,9.0,7.0,8.0,"The code is efficient and correct, but could be more readable and Pythonic with better variable names and a more modular approach.",,,,,,,
HumanEval/31,is_prime,self_refine,0,"""""""
Prime number checking utility.

This module provides a function to determine whether a given integer
is a prime number.
""""""


def is_prime(n: int) -> bool:
    """"""
    Check if given number is considered to be prime.

    A prime number is a natural number greater than 1 that has no positive
    divisors other than 1 and itself.

    Args:
        n: The integer to check for primality.

    Returns:
        True if n is prime, False otherwise.

    Examples:
        >>> is_prime(6)
        False
        >>> is_prime(100)
        False
        >>> is_prime(11)
        True
    """"""
    if n <= 1:
        return False

    if n <= 3:
        return True

    if n % 2 == 0 or n % 3 == 0:
        return False

    i = 5
    while i * i <= n:
        if n % i == 0 or n % (i + 2) == 0:
            return False
        i += 6

    return True",raw_generations/HumanEval_31/self_refine_sample0.py,"""""""
Prime number checking utility.

This module provides a function to determine whether a given integer
is a prime number.
""""""


def is_prime(n: int) -> bool:
    """"""
    Check if given number is considered to be prime.

    A prime number is a natural number greater than 1 that has no positive
    divisors other than 1 and itself.

    Args:
        n: The integer to check for primality.

    Returns:
        True if n is prime, False otherwise.

    Examples:
        >>> is_prime(6)
        False
        >>> is_prime(100)
        False
        >>> is_prime(11)
        True
    """"""
    if n <= 1:
        return False

    if n <= 3:
        return True

    if n % 2 == 0 or n % 3 == 0:
        return False

    i = 5
    while i * i <= n:
        if n % i == 0 or n % (i + 2) == 0:
            return False
        i += 6

    return True",raw_generations/HumanEval_31/self_refine_sample0_initial.py,True,,9.23,0,8.0,8,71.13081048544207,outputs_deepseek_prompt_v3\reports\static_analysis\pylint\HumanEval_31__self_refine__sample0__final_pylint.txt,outputs_deepseek_prompt_v3\reports\static_analysis\bandit\HumanEval_31__self_refine__sample0__final_bandit.json,outputs_deepseek_prompt_v3\reports\static_analysis\bandit\HumanEval_31__self_refine__sample0__final_bandit.stderr.txt,True,passed,9.0,9.0,9.0,9.0,8.0,9.0,"Well-documented, efficient algorithm with proper edge case handling, though slightly non-standard loop structure could be more Pythonic.",9.23,True,passed,outputs_deepseek_prompt_v3\reports\static_analysis\pylint\HumanEval_31__self_refine__sample0__initial_pylint.txt,outputs_deepseek_prompt_v3\reports\static_analysis\bandit\HumanEval_31__self_refine__sample0__initial_bandit.json,outputs_deepseek_prompt_v3\reports\static_analysis\bandit\HumanEval_31__self_refine__sample0__initial_bandit.stderr.txt,False
HumanEval/32,find_zero,zero_shot,0,"import math
from typing import List


def poly(xs: list, x: float) -> float:
    """"""
    Evaluates polynomial with coefficients xs at point x.
    return xs[0] + xs[1] * x + xs[1] * x^2 + .... xs[n] * x^n
    """"""
    return sum([coeff * math.pow(x, i) for i, coeff in enumerate(xs)])


def find_zero(xs: List[int]) -> float:
    """"""
    xs are coefficients of a polynomial.
    Find x such that poly(x) = 0 and return only one zero point, even if there are many.

    Constraints:
        List xs should have an even number of coefficients
        and as largest a non-zero coefficient to guarantee a solution.

    Examples:
        >>> round(find_zero([1, 2]), 2) # f(x) = 1 + 2x
        -0.5
        >>> round(find_zero([-6, 11, -6, 1]), 2) # (x - 1) * (x - 2) * (x - 3) = -6 + 11x - 6x^2 + x^3
        1.0
    """"""
    n = len(xs) - 1
    while xs[n] == 0:
        n -= 1
    
    if n == 1:
        return -xs[0] / xs[1]
    
    def f(x_val):
        return poly(xs, x_val)
    
    def derivative(x_val):
        return sum([i * coeff * math.pow(x_val, i - 1) for i, coeff in enumerate(xs) if i > 0])
    
    x0 = 0.0
    for _ in range(100):
        fx = f(x0)
        if abs(fx) < 1e-12:
            return x0
        dfx = derivative(x0)
        if dfx == 0:
            x0 += 0.1
            continue
        x1 = x0 - fx / dfx
        if abs(x1 - x0) < 1e-12:
            return x1
        x0 = x1
    
    return x0",raw_generations/HumanEval_32/zero_shot_sample0.py,,,True,,6.43,0,4.5,7,78.94710273247317,outputs_deepseek_prompt_v3\reports\static_analysis\pylint\HumanEval_32__zero_shot__sample0__final_pylint.txt,outputs_deepseek_prompt_v3\reports\static_analysis\bandit\HumanEval_32__zero_shot__sample0__final_bandit.json,outputs_deepseek_prompt_v3\reports\static_analysis\bandit\HumanEval_32__zero_shot__sample0__final_bandit.stderr.txt,False,assertion_failed: ,6.0,5.0,4.0,5.0,5.0,5.0,"The code has logical errors (incorrect polynomial evaluation and derivative calculation) and lacks proper handling of constraints, though the Newton-Raphson implementation is structured.",,,,,,,
HumanEval/32,find_zero,constraint_guided,0,"import math
from typing import List


def poly(xs: List[float], x: float) -> float:
    """"""
    Evaluates polynomial with coefficients xs at point x.
    return xs[0] + xs[1] * x + xs[2] * x^2 + ... + xs[n] * x^n
    """"""
    return sum(coeff * math.pow(x, i) for i, coeff in enumerate(xs))


def find_zero(xs: List[int]) -> float:
    """"""
    Find a real zero of the polynomial with coefficients xs.
    
    Args:
        xs: List of polynomial coefficients where xs[i] is the coefficient for x^i.
            Must have even length and largest non-zero coefficient to guarantee a solution.
    
    Returns:
        A real number x such that poly(xs, x) ≈ 0.
    
    Raises:
        ValueError: If xs doesn't meet the constraints.
    """"""
    if len(xs) % 2 != 0:
        raise ValueError(""Coefficient list must have even length"")
    
    if xs[-1] == 0:
        raise ValueError(""Largest coefficient must be non-zero"")
    
    # Use bisection method to find a root
    # Polynomials with even degree and non-zero leading coefficient have opposite signs at ±∞
    left = -1.0
    right = 1.0
    
    # Expand search interval until we find opposite signs
    while poly(xs, left) * poly(xs, right) > 0:
        left *= 2
        right *= 2
    
    # Bisection method
    tolerance = 1e-10
    max_iterations = 1000
    
    for _ in range(max_iterations):
        mid = (left + right) / 2
        f_mid = poly(xs, mid)
        
        if abs(f_mid) < tolerance:
            return mid
        
        f_left = poly(xs, left)
        
        if f_left * f_mid <= 0:
            right = mid
        else:
            left = mid
    
    return (left + right) / 2",raw_generations/HumanEval_32/constraint_guided_sample0.py,,,True,,5.77,0,4.5,7,79.37727386990669,outputs_deepseek_prompt_v3\reports\static_analysis\pylint\HumanEval_32__constraint_guided__sample0__final_pylint.txt,outputs_deepseek_prompt_v3\reports\static_analysis\bandit\HumanEval_32__constraint_guided__sample0__final_bandit.json,outputs_deepseek_prompt_v3\reports\static_analysis\bandit\HumanEval_32__constraint_guided__sample0__final_bandit.stderr.txt,True,passed,8.0,7.0,6.0,6.0,8.0,7.0,"The code is readable and mostly Pythonic, but the bisection implementation has correctness issues with edge cases and inefficient interval expansion.",,,,,,,
HumanEval/32,find_zero,structured_cot,0,"import math
from typing import List


def poly(xs: list, x: float) -> float:
    """"""
    Evaluates polynomial with coefficients xs at point x.
    return xs[0] + xs[1] * x + xs[1] * x^2 + .... xs[n] * x^n
    """"""
    return sum([coeff * math.pow(x, i) for i, coeff in enumerate(xs)])


def find_zero(xs: List[int]) -> float:
    """"""
    xs are coefficients of a polynomial.
    Find x such that poly(x) = 0 and return only one zero point, even if there are many.

    Constraints:
        List xs should have an even number of coefficients
        and as largest a non-zero coefficient to guarantee a solution.

    Examples:
        >>> round(find_zero([1, 2]), 2) # f(x) = 1 + 2x
        -0.5
        >>> round(find_zero([-6, 11, -6, 1]), 2) # (x - 1) * (x - 2) * (x - 3) = -6 + 11x - 6x^2 + x^3
        1.0
    """"""
    n = len(xs) - 1
    while xs[n] == 0:
        n -= 1

    def f(x_val: float) -> float:
        return poly(xs, x_val)

    a, b = -1.0, 1.0
    while f(a) * f(b) > 0:
        a *= 2
        b *= 2

    for _ in range(100):
        mid = (a + b) / 2
        if f(mid) == 0:
            return mid
        if f(a) * f(mid) < 0:
            b = mid
        else:
            a = mid

    return (a + b) / 2",raw_generations/HumanEval_32/structured_cot_sample0.py,,,True,,8.18,0,4.0,6,80.9926111072459,outputs_deepseek_prompt_v3\reports\static_analysis\pylint\HumanEval_32__structured_cot__sample0__final_pylint.txt,outputs_deepseek_prompt_v3\reports\static_analysis\bandit\HumanEval_32__structured_cot__sample0__final_bandit.json,outputs_deepseek_prompt_v3\reports\static_analysis\bandit\HumanEval_32__structured_cot__sample0__final_bandit.stderr.txt,False,assertion_failed: ,6.0,5.0,3.0,4.0,5.0,4.0,"The code has significant correctness issues with undefined poly function and flawed bisection algorithm, plus poor error handling and unclear logic.",,,,,,,
HumanEval/32,find_zero,self_refine,0,"import math
from typing import List


def poly(xs: list, x: float) -> float:
    """"""
    Evaluates polynomial with coefficients xs at point x.
    return xs[0] + xs[1] * x + xs[2] * x^2 + .... xs[n] * x^n
    """"""
    return sum(coeff * math.pow(x, i) for i, coeff in enumerate(xs))


def find_zero(xs: List[int]) -> float:
    """"""
    xs are coefficients of a polynomial.
    Find x such that poly(x) = 0 and return only one zero point, even if there are many.

    Constraints:
        List xs should have an even number of coefficients
        and as largest a non-zero coefficient to guarantee a solution.

    Examples:
        >>> round(find_zero([1, 2]), 2) # f(x) = 1 + 2x
        -0.5
        >>> round(find_zero([-6, 11, -6, 1]), 2) # (x - 1) * (x - 2) * (x - 3) = -6 + 11x - 6x^2 + x^3
        1.0
    """"""
    if len(xs) % 2 != 0:
        raise ValueError(""List xs must have an even number of coefficients"")
    if xs[-1] == 0:
        raise ValueError(""Largest coefficient must be non-zero"")

    degree = len(xs) - 1
    if degree == 1:
        return -xs[0] / xs[1]

    left = -100.0
    right = 100.0
    epsilon = 1e-10
    max_iterations = 1000

    f_left = poly(xs, left)
    f_right = poly(xs, right)

    if abs(f_left) < epsilon:
        return left
    if abs(f_right) < epsilon:
        return right

    for _ in range(max_iterations):
        mid = (left + right) / 2
        f_mid = poly(xs, mid)

        if abs(f_mid) < epsilon:
            return mid

        if f_left * f_mid <= 0:
            right = mid
            f_right = f_mid
        else:
            left = mid
            f_left = f_mid

    return (left + right) / 2",raw_generations/HumanEval_32/self_refine_sample0.py,"import math
from typing import List


def poly(xs: list, x: float) -> float:
    """"""
    Evaluates polynomial with coefficients xs at point x.
    return xs[0] + xs[1] * x + xs[1] * x^2 + .... xs[n] * x^n
    """"""
    return sum([coeff * math.pow(x, i) for i, coeff in enumerate(xs)])


def find_zero(xs: List[int]) -> float:
    """"""
    xs are coefficients of a polynomial.
    Find x such that poly(x) = 0 and return only one zero point, even if there are many.

    Constraints:
        List xs should have an even number of coefficients
        and as largest a non-zero coefficient to guarantee a solution.

    Examples:
        >>> round(find_zero([1, 2]), 2) # f(x) = 1 + 2x
        -0.5
        >>> round(find_zero([-6, 11, -6, 1]), 2) # (x - 1) * (x - 2) * (x - 3) = -6 + 11x - 6x^2 + x^3
        1.0
    """"""
    if len(xs) % 2 != 0:
        raise ValueError(""List xs must have an even number of coefficients"")
    if xs[-1] == 0:
        raise ValueError(""Largest coefficient must be non-zero"")

    degree = len(xs) - 1
    if degree == 1:
        return -xs[0] / xs[1]

    left = -100.0
    right = 100.0
    epsilon = 1e-10
    max_iterations = 1000

    f_left = poly(xs, left)
    f_right = poly(xs, right)

    if abs(f_left) < epsilon:
        return left
    if abs(f_right) < epsilon:
        return right

    for _ in range(max_iterations):
        mid = (left + right) / 2
        f_mid = poly(xs, mid)

        if abs(f_mid) < epsilon:
            return mid

        if f_left * f_mid <= 0:
            right = mid
            f_right = f_mid
        else:
            left = mid
            f_left = f_mid

    return (left + right) / 2",raw_generations/HumanEval_32/self_refine_sample0_initial.py,True,,9.09,0,5.5,9,76.51799049615575,outputs_deepseek_prompt_v3\reports\static_analysis\pylint\HumanEval_32__self_refine__sample0__final_pylint.txt,outputs_deepseek_prompt_v3\reports\static_analysis\bandit\HumanEval_32__self_refine__sample0__final_bandit.json,outputs_deepseek_prompt_v3\reports\static_analysis\bandit\HumanEval_32__self_refine__sample0__final_bandit.stderr.txt,False,assertion_failed: ,7.0,6.0,5.0,6.0,7.0,6.0,"The code has logical issues in poly() function and edge case handling, and uses arbitrary bounds without justification.",8.79,False,assertion_failed: ,outputs_deepseek_prompt_v3\reports\static_analysis\pylint\HumanEval_32__self_refine__sample0__initial_pylint.txt,outputs_deepseek_prompt_v3\reports\static_analysis\bandit\HumanEval_32__self_refine__sample0__initial_bandit.json,outputs_deepseek_prompt_v3\reports\static_analysis\bandit\HumanEval_32__self_refine__sample0__initial_bandit.stderr.txt,True
HumanEval/33,sort_third,zero_shot,0,"from typing import List


def sort_third(l: List[int]) -> List[int]:
    """"""
    This function takes a list l and returns a list l' such that
    l' is identical to l in the indicies that are not divisible by three, while its values at the indicies that are divisible by three are equal
    to the values of the corresponding indicies of l, but sorted.

    Examples:
        >>> sort_third([1, 2, 3])
        [1, 2, 3]
        >>> sort_third([5, 6, 3, 4, 8, 9, 2])
        [2, 6, 3, 4, 8, 9, 5]
    """"""
    result = l[:]
    divisible_by_three = [l[i] for i in range(len(l)) if i % 3 == 0]
    divisible_by_three.sort()
    idx = 0
    for i in range(len(l)):
        if i % 3 == 0:
            result[i] = divisible_by_three[idx]
            idx += 1
    return result",raw_generations/HumanEval_33/zero_shot_sample0.py,,,True,,7.27,0,5.0,5,90.01820808155597,outputs_deepseek_prompt_v3\reports\static_analysis\pylint\HumanEval_33__zero_shot__sample0__final_pylint.txt,outputs_deepseek_prompt_v3\reports\static_analysis\bandit\HumanEval_33__zero_shot__sample0__final_bandit.json,outputs_deepseek_prompt_v3\reports\static_analysis\bandit\HumanEval_33__zero_shot__sample0__final_bandit.stderr.txt,True,passed,8.0,7.0,9.0,8.0,7.0,8.0,"The code is clear and correct, but could be more Pythonic by using list comprehensions or enumerate for better readability and avoiding manual index tracking.",,,,,,,
HumanEval/33,sort_third,constraint_guided,0,"from typing import List


def sort_third(l: List[int]) -> List[int]:
    """"""
    Return a list where elements at indices divisible by three are sorted,
    while other elements remain in their original positions.

    Args:
        l: A list of integers.

    Returns:
        A new list with the same elements as l, but with elements at indices
        divisible by three sorted in ascending order.

    Examples:
        >>> sort_third([1, 2, 3])
        [1, 2, 3]
        >>> sort_third([5, 6, 3, 4, 8, 9, 2])
        [2, 6, 3, 4, 8, 9, 5]
    """"""
    result = l.copy()
    divisible_by_three_indices = [i for i in range(len(l)) if i % 3 == 0]
    values_at_divisible_indices = [l[i] for i in divisible_by_three_indices]
    sorted_values = sorted(values_at_divisible_indices)

    for index, value in zip(divisible_by_three_indices, sorted_values):
        result[index] = value

    return result",raw_generations/HumanEval_33/constraint_guided_sample0.py,,,True,,7.78,0,5.0,5,84.64062199015136,outputs_deepseek_prompt_v3\reports\static_analysis\pylint\HumanEval_33__constraint_guided__sample0__final_pylint.txt,outputs_deepseek_prompt_v3\reports\static_analysis\bandit\HumanEval_33__constraint_guided__sample0__final_bandit.json,outputs_deepseek_prompt_v3\reports\static_analysis\bandit\HumanEval_33__constraint_guided__sample0__final_bandit.stderr.txt,True,passed,8.0,-1.0,8.0,7.0,7.0,6.0,The code is clear and correct but inefficient due to unnecessary list comprehensions and copying; a single pass with conditional sorting would be more maintainable.,,,,,,,
HumanEval/33,sort_third,structured_cot,0,"from typing import List


def sort_third(l: List[int]) -> List[int]:
    """"""
    This function takes a list l and returns a list l' such that
    l' is identical to l in the indicies that are not divisible by three, while its values at the indicies that are divisible by three are equal
    to the values of the corresponding indicies of l, but sorted.

    Examples:
        >>> sort_third([1, 2, 3])
        [1, 2, 3]
        >>> sort_third([5, 6, 3, 4, 8, 9, 2])
        [2, 6, 3, 4, 8, 9, 5]
    """"""
    result = l[:]
    divisible_by_three = sorted([l[i] for i in range(len(l)) if i % 3 == 0])
    for i, value in enumerate(divisible_by_three):
        result[i * 3] = value
    return result",raw_generations/HumanEval_33/structured_cot_sample0.py,,,True,,5.71,0,4.0,4,86.86789286629512,outputs_deepseek_prompt_v3\reports\static_analysis\pylint\HumanEval_33__structured_cot__sample0__final_pylint.txt,outputs_deepseek_prompt_v3\reports\static_analysis\bandit\HumanEval_33__structured_cot__sample0__final_bandit.json,outputs_deepseek_prompt_v3\reports\static_analysis\bandit\HumanEval_33__structured_cot__sample0__final_bandit.stderr.txt,True,passed,7.0,6.0,8.0,7.0,6.0,7.0,"The code is generally clear and functional, but it has maintainability issues due to the manual index handling and could be more Pythonic with better use of list comprehensions and slicing.",,,,,,,
HumanEval/33,sort_third,self_refine,0,"from typing import List


def sort_third(l: List[int]) -> List[int]:
    """"""
    Return a list where values at indices divisible by three are sorted,
    while other indices remain unchanged.

    Args:
        l: A list of integers.

    Returns:
        A new list with the described transformation.

    Examples:
        >>> sort_third([1, 2, 3])
        [1, 2, 3]
        >>> sort_third([5, 6, 3, 4, 8, 9, 2])
        [2, 6, 3, 4, 8, 9, 5]
    """"""
    result = l.copy()
    divisible_by_three_indices = [i for i in range(len(l)) if i % 3 == 0]
    values_at_divisible_indices = [l[i] for i in divisible_by_three_indices]
    sorted_values = sorted(values_at_divisible_indices)

    for idx, sorted_val in zip(divisible_by_three_indices, sorted_values):
        result[idx] = sorted_val

    return result",raw_generations/HumanEval_33/self_refine_sample0.py,"from typing import List


def sort_third(l: List[int]) -> List[int]:
    """"""
    Return a list where values at indices divisible by three are sorted,
    while other indices remain unchanged.

    Args:
        l: A list of integers.

    Returns:
        A new list with the described transformation.

    Examples:
        >>> sort_third([1, 2, 3])
        [1, 2, 3]
        >>> sort_third([5, 6, 3, 4, 8, 9, 2])
        [2, 6, 3, 4, 8, 9, 5]
    """"""
    result = l.copy()
    divisible_by_three_indices = [i for i in range(len(l)) if i % 3 == 0]
    values_at_divisible_indices = [l[i] for i in divisible_by_three_indices]
    sorted_values = sorted(values_at_divisible_indices)

    for idx, sorted_val in zip(divisible_by_three_indices, sorted_values):
        result[idx] = sorted_val

    return result",raw_generations/HumanEval_33/self_refine_sample0_initial.py,True,,7.78,0,5.0,5,86.90180420660772,outputs_deepseek_prompt_v3\reports\static_analysis\pylint\HumanEval_33__self_refine__sample0__final_pylint.txt,outputs_deepseek_prompt_v3\reports\static_analysis\bandit\HumanEval_33__self_refine__sample0__final_bandit.json,outputs_deepseek_prompt_v3\reports\static_analysis\bandit\HumanEval_33__self_refine__sample0__final_bandit.stderr.txt,True,passed,8.0,7.0,9.0,7.0,8.0,8.0,"The code is clear and correct, but it makes three passes over the list and creates multiple intermediate lists, which is inefficient for large inputs.",7.78,True,passed,outputs_deepseek_prompt_v3\reports\static_analysis\pylint\HumanEval_33__self_refine__sample0__initial_pylint.txt,outputs_deepseek_prompt_v3\reports\static_analysis\bandit\HumanEval_33__self_refine__sample0__initial_bandit.json,outputs_deepseek_prompt_v3\reports\static_analysis\bandit\HumanEval_33__self_refine__sample0__initial_bandit.stderr.txt,False
HumanEval/34,unique,zero_shot,0,"from typing import List


def unique(l: List[int]) -> List[int]:
    """"""
    Return sorted unique elements in a list.

    Example:
        >>> unique([5, 3, 5, 2, 3, 3, 9, 0, 123])
        [0, 2, 3, 5, 9, 123]
    """"""
    return sorted(set(l))",raw_generations/HumanEval_34/zero_shot_sample0.py,,,True,,3.33,0,1.0,1,100.0,outputs_deepseek_prompt_v3\reports\static_analysis\pylint\HumanEval_34__zero_shot__sample0__final_pylint.txt,outputs_deepseek_prompt_v3\reports\static_analysis\bandit\HumanEval_34__zero_shot__sample0__final_bandit.json,outputs_deepseek_prompt_v3\reports\static_analysis\bandit\HumanEval_34__zero_shot__sample0__final_bandit.stderr.txt,True,passed,9.0,9.0,10.0,10.0,10.0,9.0,"Excellent implementation: concise, efficient, and fully correct, though variable name 'l' could be more descriptive.",,,,,,,
HumanEval/34,unique,constraint_guided,0,"""""""Module providing a function to extract sorted unique elements from a list.""""""

from typing import List


def unique(l: List[int]) -> List[int]:
    """"""
    Return sorted unique elements in a list.

    Args:
        l: List of integers from which to extract unique elements.

    Returns:
        List of sorted unique integers.

    Example:
        >>> unique([5, 3, 5, 2, 3, 3, 9, 0, 123])
        [0, 2, 3, 5, 9, 123]
    """"""
    if not l:
        return []

    unique_elements = list(set(l))
    unique_elements.sort()
    return unique_elements",raw_generations/HumanEval_34/constraint_guided_sample0.py,,,True,,8.57,0,2.0,2,94.84968506820638,outputs_deepseek_prompt_v3\reports\static_analysis\pylint\HumanEval_34__constraint_guided__sample0__final_pylint.txt,outputs_deepseek_prompt_v3\reports\static_analysis\bandit\HumanEval_34__constraint_guided__sample0__final_bandit.json,outputs_deepseek_prompt_v3\reports\static_analysis\bandit\HumanEval_34__constraint_guided__sample0__final_bandit.stderr.txt,True,passed,8.0,7.0,8.0,7.0,7.0,7.0,The code is clear and functional but uses a poor parameter name 'l' and could be more concise with sorted(set(l)).,,,,,,,
HumanEval/34,unique,structured_cot,0,"from typing import List


def unique(l: List[int]) -> List[int]:
    """"""
    Return sorted unique elements in a list.

    Example:
        >>> unique([5, 3, 5, 2, 3, 3, 9, 0, 123])
        [0, 2, 3, 5, 9, 123]
    """"""
    return sorted(set(l))",raw_generations/HumanEval_34/structured_cot_sample0.py,,,True,,3.33,0,1.0,1,100.0,outputs_deepseek_prompt_v3\reports\static_analysis\pylint\HumanEval_34__structured_cot__sample0__final_pylint.txt,outputs_deepseek_prompt_v3\reports\static_analysis\bandit\HumanEval_34__structured_cot__sample0__final_bandit.json,outputs_deepseek_prompt_v3\reports\static_analysis\bandit\HumanEval_34__structured_cot__sample0__final_bandit.stderr.txt,True,passed,9.0,9.0,10.0,10.0,10.0,9.0,"Excellent implementation: concise, efficient, and fully correct.",,,,,,,
HumanEval/34,unique,self_refine,0,"""""""Module providing a function to return sorted unique elements from a list.""""""

from typing import List


def unique(l: List[int]) -> List[int]:
    """"""
    Return sorted unique elements in a list.

    Example:
        >>> unique([5, 3, 5, 2, -3, 3, 9, 0, 123])
        [-3, 0, 2, 3, 5, 9, 123]
    """"""
    if not l:
        return []
    return sorted(set(l))",raw_generations/HumanEval_34/self_refine_sample0.py,"""""""Module providing a function to return sorted unique elements from a list.""""""

from typing import List


def unique(l: List[int]) -> List[int]:
    """"""
    Return sorted unique elements in a list.

    Example:
        >>> unique([5, 3, 5, 2, -3, 3, 9, 0, 123])
        [-3, 0, 2, 3, 5, 9, 123]
    """"""
    if not l:
        return []
    return sorted(set(l))",raw_generations/HumanEval_34/self_refine_sample0_initial.py,True,,8.0,0,2.0,2,100.0,outputs_deepseek_prompt_v3\reports\static_analysis\pylint\HumanEval_34__self_refine__sample0__final_pylint.txt,outputs_deepseek_prompt_v3\reports\static_analysis\bandit\HumanEval_34__self_refine__sample0__final_bandit.json,outputs_deepseek_prompt_v3\reports\static_analysis\bandit\HumanEval_34__self_refine__sample0__final_bandit.stderr.txt,True,passed,9.0,9.0,8.0,9.0,9.0,9.0,"Clean, efficient, and Pythonic implementation, but the example in the docstring includes a negative number not present in the original specification example.",8.0,True,passed,outputs_deepseek_prompt_v3\reports\static_analysis\pylint\HumanEval_34__self_refine__sample0__initial_pylint.txt,outputs_deepseek_prompt_v3\reports\static_analysis\bandit\HumanEval_34__self_refine__sample0__initial_bandit.json,outputs_deepseek_prompt_v3\reports\static_analysis\bandit\HumanEval_34__self_refine__sample0__initial_bandit.stderr.txt,False
HumanEval/35,max_element,zero_shot,0,"from typing import List


def max_element(l: List[int]) -> int:
    """"""
    Return the maximum element in the list.
    Assume that the list is not empty.

    Example:
        >>> max_element([1, 2, 3])
        3
    """"""
    return max(l)",raw_generations/HumanEval_35/zero_shot_sample0.py,,,True,,3.33,0,1.0,1,100.0,outputs_deepseek_prompt_v3\reports\static_analysis\pylint\HumanEval_35__zero_shot__sample0__final_pylint.txt,outputs_deepseek_prompt_v3\reports\static_analysis\bandit\HumanEval_35__zero_shot__sample0__final_bandit.json,outputs_deepseek_prompt_v3\reports\static_analysis\bandit\HumanEval_35__zero_shot__sample0__final_bandit.stderr.txt,True,passed,9.0,9.0,10.0,10.0,10.0,9.0,"The code is simple, correct, and uses built-in functions appropriately, but the variable name 'l' is not descriptive.",,,,,,,
HumanEval/35,max_element,constraint_guided,0,"from typing import List


def max_element(l: List[int]) -> int:
    """"""
    Return the maximum element in the list.
    Assume that the list is not empty.

    Example:
        >>> max_element([1, 2, 3])
        3
    """"""
    max_val = l[0]
    for num in l[1:]:
        if num > max_val:
            max_val = num
    return max_val",raw_generations/HumanEval_35/constraint_guided_sample0.py,,,True,,5.71,0,3.0,3,100.0,outputs_deepseek_prompt_v3\reports\static_analysis\pylint\HumanEval_35__constraint_guided__sample0__final_pylint.txt,outputs_deepseek_prompt_v3\reports\static_analysis\bandit\HumanEval_35__constraint_guided__sample0__final_bandit.json,outputs_deepseek_prompt_v3\reports\static_analysis\bandit\HumanEval_35__constraint_guided__sample0__final_bandit.stderr.txt,True,passed,9.0,8.0,9.0,8.0,7.0,8.0,The code is clear and correct but could be more Pythonic by using the built-in max() function and avoiding the slice copy for efficiency.,,,,,,,
HumanEval/35,max_element,structured_cot,0,"from typing import List


def max_element(l: List[int]) -> int:
    """"""
    Return the maximum element in the list.
    Assume that the list is not empty.

    Example:
        >>> max_element([1, 2, 3])
        3
    """"""
    return max(l)",raw_generations/HumanEval_35/structured_cot_sample0.py,,,True,,3.33,0,1.0,1,100.0,outputs_deepseek_prompt_v3\reports\static_analysis\pylint\HumanEval_35__structured_cot__sample0__final_pylint.txt,outputs_deepseek_prompt_v3\reports\static_analysis\bandit\HumanEval_35__structured_cot__sample0__final_bandit.json,outputs_deepseek_prompt_v3\reports\static_analysis\bandit\HumanEval_35__structured_cot__sample0__final_bandit.stderr.txt,True,passed,9.0,9.0,10.0,10.0,10.0,9.0,"Excellent implementation leveraging built-in max function, though variable name 'l' could be more descriptive.",,,,,,,
HumanEval/35,max_element,self_refine,0,"""""""
Module for finding the maximum element in a list of integers.
""""""

from typing import List


def max_element(l: List[int]) -> int:
    """"""
    Return the maximum element in the list.
    Assume that the list is not empty.

    Example:
        >>> max_element([1, 2, 3])
        3
    """"""
    if not l:
        raise ValueError(""List cannot be empty"")

    max_value = l[0]
    for num in l[1:]:
        if num > max_value:
            max_value = num

    return max_value",raw_generations/HumanEval_35/self_refine_sample0.py,"""""""
Module for finding the maximum element in a list of integers.
""""""

from typing import List


def max_element(l: List[int]) -> int:
    """"""
    Return the maximum element in the list.
    Assume that the list is not empty.

    Example:
        >>> max_element([1, 2, 3])
        3
    """"""
    if not l:
        raise ValueError(""List cannot be empty"")

    max_value = l[0]
    for num in l[1:]:
        if num > max_value:
            max_value = num

    return max_value",raw_generations/HumanEval_35/self_refine_sample0_initial.py,True,,7.78,0,4.0,4,93.19900313580668,outputs_deepseek_prompt_v3\reports\static_analysis\pylint\HumanEval_35__self_refine__sample0__final_pylint.txt,outputs_deepseek_prompt_v3\reports\static_analysis\bandit\HumanEval_35__self_refine__sample0__final_bandit.json,outputs_deepseek_prompt_v3\reports\static_analysis\bandit\HumanEval_35__self_refine__sample0__final_bandit.stderr.txt,True,passed,8.0,7.0,8.0,7.0,6.0,7.0,The code is clear and functional but not Pythonic; using built-in max() would be simpler and more efficient.,7.78,True,passed,outputs_deepseek_prompt_v3\reports\static_analysis\pylint\HumanEval_35__self_refine__sample0__initial_pylint.txt,outputs_deepseek_prompt_v3\reports\static_analysis\bandit\HumanEval_35__self_refine__sample0__initial_bandit.json,outputs_deepseek_prompt_v3\reports\static_analysis\bandit\HumanEval_35__self_refine__sample0__initial_bandit.stderr.txt,False
HumanEval/36,fizz_buzz,zero_shot,0,"def fizz_buzz(n: int) -> int:
    count = 0
    for i in range(n):
        if i % 11 == 0 or i % 13 == 0:
            count += str(i).count('7')
    return count",raw_generations/HumanEval_36/zero_shot_sample0.py,,,True,,5.0,0,4.0,4,69.63245789928568,outputs_deepseek_prompt_v3\reports\static_analysis\pylint\HumanEval_36__zero_shot__sample0__final_pylint.txt,outputs_deepseek_prompt_v3\reports\static_analysis\bandit\HumanEval_36__zero_shot__sample0__final_bandit.json,outputs_deepseek_prompt_v3\reports\static_analysis\bandit\HumanEval_36__zero_shot__sample0__final_bandit.stderr.txt,True,passed,7.0,6.0,8.0,4.0,5.0,6.0,The code is readable and mostly correct but inefficient due to unnecessary string conversions and lacks Pythonic optimizations.,,,,,,,
HumanEval/36,fizz_buzz,constraint_guided,0,"""""""
Count occurrences of digit 7 in numbers divisible by 11 or 13 below a given threshold.
""""""


def fizz_buzz(n: int) -> int:
    """"""
    Return the number of times the digit 7 appears in integers less than n
    which are divisible by 11 or 13.

    Args:
        n: Upper bound (exclusive) for the numbers to consider.

    Returns:
        Total count of digit '7' occurrences in numbers divisible by 11 or 13
        that are less than n.

    Examples:
        >>> fizz_buzz(50)
        0
        >>> fizz_buzz(78)
        2
        >>> fizz_buzz(79)
        3
    """"""
    count = 0
    for num in range(n):
        if num % 11 == 0 or num % 13 == 0:
            count += str(num).count('7')
    return count",raw_generations/HumanEval_36/constraint_guided_sample0.py,,,True,,8.33,0,4.0,4,51.731167685821084,outputs_deepseek_prompt_v3\reports\static_analysis\pylint\HumanEval_36__constraint_guided__sample0__final_pylint.txt,outputs_deepseek_prompt_v3\reports\static_analysis\bandit\HumanEval_36__constraint_guided__sample0__final_bandit.json,outputs_deepseek_prompt_v3\reports\static_analysis\bandit\HumanEval_36__constraint_guided__sample0__final_bandit.stderr.txt,True,passed,8.0,7.0,8.0,6.0,7.0,7.0,The code is clear and correct but inefficient due to iterating over all numbers and converting each to string; could be optimized by focusing only on multiples of 11 or 13.,,,,,,,
HumanEval/36,fizz_buzz,structured_cot,0,"def fizz_buzz(n: int) -> int:
    """"""
    Return the number of times the digit 7 appears in integers less than n
    which are divisible by 11 or 13.

    Examples:
        >>> fizz_buzz(50)
        0
        >>> fizz_buzz(78)
        2
        >>> fizz_buzz(79)
        3
    """"""
    count = 0
    for i in range(n):
        if i % 11 == 0 or i % 13 == 0:
            count += str(i).count('7')
    return count",raw_generations/HumanEval_36/structured_cot_sample0.py,,,True,,6.67,0,4.0,4,77.81240906029203,outputs_deepseek_prompt_v3\reports\static_analysis\pylint\HumanEval_36__structured_cot__sample0__final_pylint.txt,outputs_deepseek_prompt_v3\reports\static_analysis\bandit\HumanEval_36__structured_cot__sample0__final_bandit.json,outputs_deepseek_prompt_v3\reports\static_analysis\bandit\HumanEval_36__structured_cot__sample0__final_bandit.stderr.txt,True,passed,8.0,7.0,6.0,6.0,7.0,6.0,"The code is readable and straightforward, but lacks edge case handling for negative inputs and could be optimized by pre-filtering numbers divisible by 11 or 13.",,,,,,,
HumanEval/36,fizz_buzz,self_refine,0,"""""""
Count occurrences of digit '7' in numbers less than n that are divisible by 11 or 13.
""""""


def fizz_buzz(n: int) -> int:
    """"""
    Return the number of times the digit 7 appears in integers less than n
    which are divisible by 11 or 13.

    Examples:
        >>> fizz_buzz(50)
        0
        >>> fizz_buzz(78)
        2
        >>> fizz_buzz(79)
        3
    """"""
    count = 0

    for num in range(n):
        if num % 11 == 0 or num % 13 == 0:
            count += str(num).count('7')

    return count",raw_generations/HumanEval_36/self_refine_sample0.py,"""""""
Count occurrences of digit '7' in numbers less than n that are divisible by 11 or 13.
""""""


def fizz_buzz(n: int) -> int:
    """"""
    Return the number of times the digit 7 appears in integers less than n
    which are divisible by 11 or 13.

    Examples:
        >>> fizz_buzz(50)
        0
        >>> fizz_buzz(78)
        2
        >>> fizz_buzz(79)
        3
    """"""
    count = 0

    for num in range(n):
        if num % 11 == 0 or num % 13 == 0:
            count += str(num).count('7')

    return count",raw_generations/HumanEval_36/self_refine_sample0_initial.py,True,,8.33,0,4.0,4,66.21823016170063,outputs_deepseek_prompt_v3\reports\static_analysis\pylint\HumanEval_36__self_refine__sample0__final_pylint.txt,outputs_deepseek_prompt_v3\reports\static_analysis\bandit\HumanEval_36__self_refine__sample0__final_bandit.json,outputs_deepseek_prompt_v3\reports\static_analysis\bandit\HumanEval_36__self_refine__sample0__final_bandit.stderr.txt,True,passed,8.0,6.0,8.0,4.0,6.0,6.0,The code is readable and mostly correct but inefficient due to unnecessary string conversions and lack of early filtering; it could be more Pythonic with list comprehensions and better modularity.,8.33,True,passed,outputs_deepseek_prompt_v3\reports\static_analysis\pylint\HumanEval_36__self_refine__sample0__initial_pylint.txt,outputs_deepseek_prompt_v3\reports\static_analysis\bandit\HumanEval_36__self_refine__sample0__initial_bandit.json,outputs_deepseek_prompt_v3\reports\static_analysis\bandit\HumanEval_36__self_refine__sample0__initial_bandit.stderr.txt,False
HumanEval/37,sort_even,zero_shot,0,"from typing import List


def sort_even(l: List[int]) -> List[int]:
    """"""
    This function takes a list l and returns a list l' such that
    l' is identical to l in the odd indicies, while its values at the even indicies are equal
    to the values of the even indicies of l, but sorted.

    Examples:
        >>> sort_even([1, 2, 3])
        [1, 2, 3]
        >>> sort_even([5, 6, 3, 4])
        [3, 6, 5, 4]
    """"""
    even_values = sorted([l[i] for i in range(0, len(l), 2)])
    result = l[:]
    for i in range(0, len(l), 2):
        result[i] = even_values[i // 2]
    return result",raw_generations/HumanEval_37/zero_shot_sample0.py,,,True,,7.14,0,3.0,3,92.08165322446725,outputs_deepseek_prompt_v3\reports\static_analysis\pylint\HumanEval_37__zero_shot__sample0__final_pylint.txt,outputs_deepseek_prompt_v3\reports\static_analysis\bandit\HumanEval_37__zero_shot__sample0__final_bandit.json,outputs_deepseek_prompt_v3\reports\static_analysis\bandit\HumanEval_37__zero_shot__sample0__final_bandit.stderr.txt,True,passed,8.0,7.0,9.0,8.0,7.0,8.0,"The code is clear and correct, but could be more Pythonic by using list slicing for extraction and avoiding manual index calculations.",,,,,,,
HumanEval/37,sort_even,constraint_guided,0,"from typing import List


def sort_even(l: List[int]) -> List[int]:
    """"""
    Return a list identical to the input list at odd indices, with values at
    even indices sorted in ascending order.

    The function preserves values at odd indices (1, 3, 5, ...) while sorting
    values at even indices (0, 2, 4, ...) in ascending order.

    Args:
        l: A list of integers to be partially sorted.

    Returns:
        A new list with even-indexed values sorted and odd-indexed values
        unchanged.

    Examples:
        >>> sort_even([1, 2, 3])
        [1, 2, 3]
        >>> sort_even([5, 6, 3, 4])
        [3, 6, 5, 4]
    """"""
    if not l:
        return []

    even_values = [l[i] for i in range(0, len(l), 2)]
    even_values.sort()

    result = []
    even_index = 0
    for i in range(len(l)):
        if i % 2 == 0:
            result.append(even_values[even_index])
            even_index += 1
        else:
            result.append(l[i])

    return result",raw_generations/HumanEval_37/constraint_guided_sample0.py,,,True,,7.86,0,5.0,5,86.62390647556742,outputs_deepseek_prompt_v3\reports\static_analysis\pylint\HumanEval_37__constraint_guided__sample0__final_pylint.txt,outputs_deepseek_prompt_v3\reports\static_analysis\bandit\HumanEval_37__constraint_guided__sample0__final_bandit.json,outputs_deepseek_prompt_v3\reports\static_analysis\bandit\HumanEval_37__constraint_guided__sample0__final_bandit.stderr.txt,True,passed,8.0,7.0,9.0,8.0,7.0,8.0,"The code is clear and correct, but could be more Pythonic with better variable naming and a more elegant approach to reconstructing the list.",,,,,,,
HumanEval/37,sort_even,structured_cot,0,"from typing import List


def sort_even(l: List[int]) -> List[int]:
    """"""
    This function takes a list l and returns a list l' such that
    l' is identical to l in the odd indicies, while its values at the even indicies are equal
    to the values of the even indicies of l, but sorted.

    Examples:
        >>> sort_even([1, 2, 3])
        [1, 2, 3]
        >>> sort_even([5, 6, 3, 4])
        [3, 6, 5, 4]
    """"""
    even_values = sorted(l[i] for i in range(0, len(l), 2))
    result = []
    for i in range(len(l)):
        if i % 2 == 0:
            result.append(even_values[i // 2])
        else:
            result.append(l[i])
    return result",raw_generations/HumanEval_37/structured_cot_sample0.py,,,True,,6.67,0,4.0,4,92.56679503821519,outputs_deepseek_prompt_v3\reports\static_analysis\pylint\HumanEval_37__structured_cot__sample0__final_pylint.txt,outputs_deepseek_prompt_v3\reports\static_analysis\bandit\HumanEval_37__structured_cot__sample0__final_bandit.json,outputs_deepseek_prompt_v3\reports\static_analysis\bandit\HumanEval_37__structured_cot__sample0__final_bandit.stderr.txt,True,passed,8.0,7.0,8.0,7.0,7.0,7.0,The code is clear and functional but could be more Pythonic with better variable naming and list comprehension.,,,,,,,
HumanEval/37,sort_even,self_refine,0,"from typing import List


def sort_even(l: List[int]) -> List[int]:
    """"""
    Return a list where odd indices remain unchanged and even indices are sorted.

    The function preserves values at odd positions (1, 3, 5, ...) and sorts the
    values at even positions (0, 2, 4, ...) in ascending order.

    Args:
        l: A list of integers.

    Returns:
        A new list with odd indices identical to l and even indices sorted.

    Examples:
        >>> sort_even([1, 2, 3])
        [1, 2, 3]
        >>> sort_even([5, 6, 3, 4])
        [3, 6, 5, 4]
    """"""
    if not l:
        return []

    even_values = [l[i] for i in range(0, len(l), 2)]
    even_values.sort()

    result = []
    for idx, value in enumerate(l):
        if idx % 2 == 0:
            result.append(even_values[idx // 2])
        else:
            result.append(value)

    return result",raw_generations/HumanEval_37/self_refine_sample0.py,"from typing import List


def sort_even(l: List[int]) -> List[int]:
    """"""
    Return a list where odd indices remain unchanged and even indices are sorted.

    The function preserves values at odd positions (1, 3, 5, ...) and sorts the
    values at even positions (0, 2, 4, ...) in ascending order.

    Args:
        l: A list of integers.

    Returns:
        A new list with odd indices identical to l and even indices sorted.

    Examples:
        >>> sort_even([1, 2, 3])
        [1, 2, 3]
        >>> sort_even([5, 6, 3, 4])
        [3, 6, 5, 4]
    """"""
    if not l:
        return []

    even_values = [l[i] for i in range(0, len(l), 2)]
    even_values.sort()

    result = []
    for i in range(len(l)):
        if i % 2 == 0:
            result.append(even_values[i // 2])
        else:
            result.append(l[i])

    return result",raw_generations/HumanEval_37/self_refine_sample0_initial.py,True,,8.33,0,5.0,5,87.99165287634362,outputs_deepseek_prompt_v3\reports\static_analysis\pylint\HumanEval_37__self_refine__sample0__final_pylint.txt,outputs_deepseek_prompt_v3\reports\static_analysis\bandit\HumanEval_37__self_refine__sample0__final_bandit.json,outputs_deepseek_prompt_v3\reports\static_analysis\bandit\HumanEval_37__self_refine__sample0__final_bandit.stderr.txt,True,passed,9.0,8.0,9.0,7.0,8.0,8.0,"The code is clear and correct, but could be more efficient by avoiding the second enumeration and using list assignment directly.",7.5,True,passed,outputs_deepseek_prompt_v3\reports\static_analysis\pylint\HumanEval_37__self_refine__sample0__initial_pylint.txt,outputs_deepseek_prompt_v3\reports\static_analysis\bandit\HumanEval_37__self_refine__sample0__initial_bandit.json,outputs_deepseek_prompt_v3\reports\static_analysis\bandit\HumanEval_37__self_refine__sample0__initial_bandit.stderr.txt,True
HumanEval/38,decode_cyclic,zero_shot,0,"def decode_cyclic(s: str) -> str:
    """"""
    Takes as input string encoded with encode_cyclic function. Returns decoded string.
    """"""
    groups = [s[(3 * i):min((3 * i + 3), len(s))]
              for i in range((len(s) + 2) // 3)]
    groups = [(group[-1] + group[:-1]) if len(group)
              == 3 else group for group in groups]
    return """".join(groups)",raw_generations/HumanEval_38/zero_shot_sample0.py,,,True,,5.0,0,4.0,4,96.17148384103236,outputs_deepseek_prompt_v3\reports\static_analysis\pylint\HumanEval_38__zero_shot__sample0__final_pylint.txt,outputs_deepseek_prompt_v3\reports\static_analysis\bandit\HumanEval_38__zero_shot__sample0__final_bandit.json,outputs_deepseek_prompt_v3\reports\static_analysis\bandit\HumanEval_38__zero_shot__sample0__final_bandit.stderr.txt,True,passed,7.0,6.0,8.0,8.0,7.0,7.0,The code is functional and efficient but lacks proper error handling and has some code duplication between encode/decode functions.,,,,,,,
HumanEval/38,decode_cyclic,constraint_guided,0,"""""""
Cyclic encoding and decoding functions for strings.
""""""


def decode_cyclic(s: str) -> str:
    """"""
    Takes as input string encoded with encode_cyclic function. Returns decoded string.
    """"""
    # Split string into groups of three characters
    groups = [s[(3 * i):min((3 * i + 3), len(s))]
              for i in range((len(s) + 2) // 3)]

    # Reverse the cyclic shift for each group
    decoded_groups = []
    for group in groups:
        if len(group) == 3:
            # Move last character to front to reverse the encoding
            decoded_groups.append(group[-1] + group[:-1])
        else:
            decoded_groups.append(group)

    return """".join(decoded_groups)",raw_generations/HumanEval_38/constraint_guided_sample0.py,,,True,,8.75,0,4.0,4,88.21882876835235,outputs_deepseek_prompt_v3\reports\static_analysis\pylint\HumanEval_38__constraint_guided__sample0__final_pylint.txt,outputs_deepseek_prompt_v3\reports\static_analysis\bandit\HumanEval_38__constraint_guided__sample0__final_bandit.json,outputs_deepseek_prompt_v3\reports\static_analysis\bandit\HumanEval_38__constraint_guided__sample0__final_bandit.stderr.txt,True,passed,7.0,6.0,8.0,8.0,7.0,7.0,"The code is generally clear and functional, but lacks modularity and has some duplication in the group-splitting logic.",,,,,,,
HumanEval/38,decode_cyclic,structured_cot,0,"def encode_cyclic(s: str) -> str:
    """"""
    Returns encoded string by cycling groups of three characters.
    """"""
    # split string to groups. Each of length 3.
    groups = [s[(3 * i):min((3 * i + 3), len(s))]
              for i in range((len(s) + 2) // 3)]
    # cycle elements in each group. Unless group has fewer elements than 3.
    groups = [(group[1:] + group[0]) if len(group)
              == 3 else group for group in groups]
    return """".join(groups)


def decode_cyclic(s: str) -> str:
    """"""
    Takes as input string encoded with encode_cyclic function. Returns decoded string.
    """"""
    groups = [s[(3 * i):min((3 * i + 3), len(s))]
              for i in range((len(s) + 2) // 3)]
    groups = [(group[-1] + group[:-1]) if len(group)
              == 3 else group for group in groups]
    return """".join(groups)",raw_generations/HumanEval_38/structured_cot_sample0.py,,,True,,7.5,0,4.0,4,86.80935478966084,outputs_deepseek_prompt_v3\reports\static_analysis\pylint\HumanEval_38__structured_cot__sample0__final_pylint.txt,outputs_deepseek_prompt_v3\reports\static_analysis\bandit\HumanEval_38__structured_cot__sample0__final_bandit.json,outputs_deepseek_prompt_v3\reports\static_analysis\bandit\HumanEval_38__structured_cot__sample0__final_bandit.stderr.txt,True,passed,8.0,7.0,8.0,8.0,7.0,7.0,"The code is generally clear and efficient, but lacks error handling and could be more modular with helper functions to avoid duplication.",,,,,,,
HumanEval/38,decode_cyclic,self_refine,0,"def encode_cyclic(s: str) -> str:
    """"""
    Returns encoded string by cycling groups of three characters.
    """"""
    groups = [s[(3 * i):min((3 * i + 3), len(s))]
              for i in range((len(s) + 2) // 3)]
    groups = [(group[1:] + group[0]) if len(group)
              == 3 else group for group in groups]
    return """".join(groups)


def decode_cyclic(s: str) -> str:
    """"""
    Takes as input string encoded with encode_cyclic function. Returns decoded string.
    """"""
    groups = [s[(3 * i):min((3 * i + 3), len(s))]
              for i in range((len(s) + 2) // 3)]
    decoded_groups = []
    for group in groups:
        if len(group) == 3:
            decoded_group = group[-1] + group[:-1]
            decoded_groups.append(decoded_group)
        else:
            decoded_groups.append(group)
    return """".join(decoded_groups)",raw_generations/HumanEval_38/self_refine_sample0.py,"""""""
Cyclic encoding and decoding functions for strings.
""""""


def decode_cyclic(s: str) -> str:
    """"""
    Takes as input string encoded with encode_cyclic function.
    Returns decoded string.
    """"""
    # Split string into groups of three characters
    groups = [s[(3 * i):min((3 * i + 3), len(s))]
              for i in range((len(s) + 2) // 3)]
    
    # Reverse the cyclic shift for each group
    decoded_groups = []
    for group in groups:
        if len(group) == 3:
            # Reverse the cyclic shift: last character moves to front
            decoded_group = group[-1] + group[:-1]
            decoded_groups.append(decoded_group)
        else:
            # Groups with fewer than 3 characters remain unchanged
            decoded_groups.append(group)
    
    return """".join(decoded_groups)",raw_generations/HumanEval_38/self_refine_sample0_initial.py,True,,8.46,0,4.0,4,81.97241728056753,outputs_deepseek_prompt_v3\reports\static_analysis\pylint\HumanEval_38__self_refine__sample0__final_pylint.txt,outputs_deepseek_prompt_v3\reports\static_analysis\bandit\HumanEval_38__self_refine__sample0__final_bandit.json,outputs_deepseek_prompt_v3\reports\static_analysis\bandit\HumanEval_38__self_refine__sample0__final_bandit.stderr.txt,True,passed,7.0,6.0,8.0,7.0,6.0,6.0,The code works correctly but lacks modularity and has duplicated logic; decode function could be more elegant by reversing the encode operation directly.,6.67,True,passed,outputs_deepseek_prompt_v3\reports\static_analysis\pylint\HumanEval_38__self_refine__sample0__initial_pylint.txt,outputs_deepseek_prompt_v3\reports\static_analysis\bandit\HumanEval_38__self_refine__sample0__initial_bandit.json,outputs_deepseek_prompt_v3\reports\static_analysis\bandit\HumanEval_38__self_refine__sample0__initial_bandit.stderr.txt,True
HumanEval/39,prime_fib,zero_shot,0,"def is_prime(num: int) -> bool:
    if num < 2:
        return False
    if num == 2:
        return True
    if num % 2 == 0:
        return False
    i = 3
    while i * i <= num:
        if num % i == 0:
            return False
        i += 2
    return True

def prime_fib(n: int) -> int:
    if n <= 0:
        return 0
    count = 0
    a, b = 0, 1
    while True:
        a, b = b, a + b
        if a > 1 and is_prime(a):
            count += 1
            if count == n:
                return a",raw_generations/HumanEval_39/zero_shot_sample0.py,,,True,,8.33,0,6.0,6,52.2470903051463,outputs_deepseek_prompt_v3\reports\static_analysis\pylint\HumanEval_39__zero_shot__sample0__final_pylint.txt,outputs_deepseek_prompt_v3\reports\static_analysis\bandit\HumanEval_39__zero_shot__sample0__final_bandit.json,outputs_deepseek_prompt_v3\reports\static_analysis\bandit\HumanEval_39__zero_shot__sample0__final_bandit.stderr.txt,True,passed,7.0,6.0,6.0,4.0,5.0,5.0,The code is readable but inefficient for large n due to naive prime checking and unbounded Fibonacci generation; it also lacks proper handling for invalid inputs and edge cases.,,,,,,,
HumanEval/39,prime_fib,constraint_guided,0,"""""""
Module for generating prime Fibonacci numbers.
""""""

from typing import Generator
import math


def is_prime(num: int) -> bool:
    """"""
    Check if a number is prime.

    Args:
        num: Integer to check.

    Returns:
        True if num is prime, False otherwise.
    """"""
    if num < 2:
        return False
    if num == 2:
        return True
    if num % 2 == 0:
        return False

    limit = int(math.isqrt(num)) + 1
    for divisor in range(3, limit, 2):
        if num % divisor == 0:
            return False
    return True


def fibonacci_generator() -> Generator[int, None, None]:
    """"""
    Generate Fibonacci numbers indefinitely.

    Yields:
        Fibonacci numbers starting from 1, 1, 2, ...
    """"""
    a, b = 1, 1
    while True:
        yield a
        a, b = b, a + b


def prime_fib(n: int) -> int:
    """"""
    Return the n-th number that is both a Fibonacci number and prime.

    Args:
        n: Positive integer indicating the position in the sequence.

    Returns:
        The n-th prime Fibonacci number.

    Examples:
        >>> prime_fib(1)
        2
        >>> prime_fib(2)
        3
        >>> prime_fib(3)
        5
        >>> prime_fib(4)
        13
        >>> prime_fib(5)
        89
    """"""
    if n <= 0:
        raise ValueError(""n must be a positive integer"")

    count = 0
    fib_gen = fibonacci_generator()

    while True:
        fib = next(fib_gen)
        if is_prime(fib):
            count += 1
            if count == n:
                return fib",raw_generations/HumanEval_39/constraint_guided_sample0.py,,,True,,9.67,0,4.333333333333333,6,74.17430984270278,outputs_deepseek_prompt_v3\reports\static_analysis\pylint\HumanEval_39__constraint_guided__sample0__final_pylint.txt,outputs_deepseek_prompt_v3\reports\static_analysis\bandit\HumanEval_39__constraint_guided__sample0__final_bandit.json,outputs_deepseek_prompt_v3\reports\static_analysis\bandit\HumanEval_39__constraint_guided__sample0__final_bandit.stderr.txt,True,passed,8.0,8.0,7.0,5.0,8.0,7.0,"The code is well-structured and readable, but the Fibonacci generator starts at 1 instead of 2, causing incorrect results for n=1 (should return 2 but returns 3). Efficiency is poor for large n due to naive prime checking on all Fibonacci numbers.",,,,,,,
HumanEval/39,prime_fib,structured_cot,0,"def prime_fib(n: int) -> int:
    """"""
    prime_fib returns n-th number that is a Fibonacci number and also prime.

    Examples:
        >>> prime_fib(1)
        2
        >>> prime_fib(2)
        3
        >>> prime_fib(3)
        5
        >>> prime_fib(4)
        13
        >>> prime_fib(5)
        89
    """"""
    def is_prime(num: int) -> bool:
        if num < 2:
            return False
        if num == 2:
            return True
        if num % 2 == 0:
            return False
        i = 3
        while i * i <= num:
            if num % i == 0:
                return False
            i += 2
        return True

    count = 0
    a, b = 0, 1
    while True:
        a, b = b, a + b
        if is_prime(a):
            count += 1
            if count == n:
                return a",raw_generations/HumanEval_39/structured_cot_sample0.py,,,True,,9.09,0,4.0,4,83.65906556320776,outputs_deepseek_prompt_v3\reports\static_analysis\pylint\HumanEval_39__structured_cot__sample0__final_pylint.txt,outputs_deepseek_prompt_v3\reports\static_analysis\bandit\HumanEval_39__structured_cot__sample0__final_bandit.json,outputs_deepseek_prompt_v3\reports\static_analysis\bandit\HumanEval_39__structured_cot__sample0__final_bandit.stderr.txt,True,passed,8.0,7.0,6.0,5.0,6.0,6.0,"The code is readable and well-structured, but it lacks proper handling for large inputs due to inefficient primality testing and potential integer overflow issues.",,,,,,,
HumanEval/39,prime_fib,self_refine,0,"from typing import Generator
import math


def is_prime(num: int) -> bool:
    """"""
    Check if a number is prime.

    Args:
        num: The number to check.

    Returns:
        True if num is prime, False otherwise.
    """"""
    if num < 2:
        return False
    if num == 2:
        return True
    if num % 2 == 0:
        return False

    limit = int(math.isqrt(num)) + 1
    for divisor in range(3, limit, 2):
        if num % divisor == 0:
            return False
    return True


def fibonacci_generator() -> Generator[int, None, None]:
    """"""
    Generate Fibonacci numbers indefinitely.

    Yields:
        Fibonacci numbers starting from 1, 1, 2, 3, 5, ...
    """"""
    a, b = 1, 1
    while True:
        yield a
        a, b = b, a + b


def prime_fib(n: int) -> int:
    """"""
    Return the n-th number that is both a Fibonacci number and prime.

    Args:
        n: The position in the sequence of prime Fibonacci numbers (1-indexed).

    Returns:
        The n-th prime Fibonacci number.

    Examples:
        >>> prime_fib(1)
        2
        >>> prime_fib(2)
        3
        >>> prime_fib(3)
        5
        >>> prime_fib(4)
        13
        >>> prime_fib(5)
        89
    """"""
    if n <= 0:
        raise ValueError(""n must be positive"")

    count = 0
    fib_gen = fibonacci_generator()

    while True:
        fib_num = next(fib_gen)
        if is_prime(fib_num):
            count += 1
            if count == n:
                return fib_num",raw_generations/HumanEval_39/self_refine_sample0.py,"""""""
Module for generating prime Fibonacci numbers.
""""""

from typing import Generator
import math


def is_prime(num: int) -> bool:
    """"""
    Check if a number is prime.
    
    Args:
        num: The number to check.
    
    Returns:
        True if num is prime, False otherwise.
    """"""
    if num < 2:
        return False
    if num == 2:
        return True
    if num % 2 == -0:
        return False
    
    limit = int(math.isqrt(num)) + 1
    for divisor in range(3, limit, 2):
        if num % divisor == 0:
            return False
    return True


def fibonacci_generator() -> Generator[int, None, None]:
    """"""
    Generate Fibonacci numbers indefinitely.
    
    Yields:
        Fibonacci numbers starting from 1, 1, 2, 3, 5, ...
    """"""
    a, b = 1, 1
    while True:
        yield a
        a, b = b, a + b


def prime_fib(n: int) -> int:
    """"""
    Return the n-th number that is both a Fibonacci number and prime.
    
    Args:
        n: The position in the sequence of prime Fibonacci numbers (1-indexed).
    
    Returns:
        The n-th prime Fibonacci number.
    
    Examples:
        >>> prime_fib(1)
        2
        >>> prime_fib(2)
        3
        >>> prime_fib(3)
        5
        >>> prime_fib(4)
        13
        >>> prime_fib(5)
        89
    """"""
    if n <= 0:
        raise ValueError(""n must be positive"")
    
    count = 0
    fib_gen = fibonacci_generator()
    
    while True:
        fib_num = next(fib_gen)
        if is_prime(fib_num):
            count += 1
            if count == n:
                return fib_num",raw_generations/HumanEval_39/self_refine_sample0_initial.py,True,,9.33,0,4.333333333333333,6,76.00681215142656,outputs_deepseek_prompt_v3\reports\static_analysis\pylint\HumanEval_39__self_refine__sample0__final_pylint.txt,outputs_deepseek_prompt_v3\reports\static_analysis\bandit\HumanEval_39__self_refine__sample0__final_bandit.json,outputs_deepseek_prompt_v3\reports\static_analysis\bandit\HumanEval_39__self_refine__sample0__final_bandit.stderr.txt,True,passed,9.0,8.0,7.0,6.0,8.0,7.0,"The code is well-structured and readable, but the algorithm is inefficient for large n due to generating all Fibonacci numbers and checking primality for each.",8.67,True,passed,outputs_deepseek_prompt_v3\reports\static_analysis\pylint\HumanEval_39__self_refine__sample0__initial_pylint.txt,outputs_deepseek_prompt_v3\reports\static_analysis\bandit\HumanEval_39__self_refine__sample0__initial_bandit.json,outputs_deepseek_prompt_v3\reports\static_analysis\bandit\HumanEval_39__self_refine__sample0__initial_bandit.stderr.txt,True
HumanEval/40,triples_sum_to_zero,zero_shot,0,"from typing import List

def triples_sum_to_zero(l: List[int]) -> bool:
    """"""
    Check if there are three distinct elements
    in the list that sum to zero.

    Examples:
        >>> triples_sum_to_zero([1, 3, 5, 0])
        False
        >>> triples_sum_to_zero([1, 3, -2, 1])
        True
    """"""
    n = len(l)
    for i in range(n - 2):
        for j in range(i + 1, n - 1):
            for k in range(j + 1, n):
                if l[i] + l[j] + l[k] == 0:
                    return True
    return False",raw_generations/HumanEval_40/zero_shot_sample0.py,,,True,,7.78,0,5.0,5,89.83210368802884,outputs_deepseek_prompt_v3\reports\static_analysis\pylint\HumanEval_40__zero_shot__sample0__final_pylint.txt,outputs_deepseek_prompt_v3\reports\static_analysis\bandit\HumanEval_40__zero_shot__sample0__final_bandit.json,outputs_deepseek_prompt_v3\reports\static_analysis\bandit\HumanEval_40__zero_shot__sample0__final_bandit.stderr.txt,True,passed,7.0,5.0,8.0,3.0,6.0,5.0,"The naive O(n^3) algorithm is inefficient for larger lists, and the function name 'l' conflicts with Python's list abbreviation.",,,,,,,
HumanEval/40,triples_sum_to_zero,constraint_guided,0,"""""""Check if any three distinct elements in a list sum to zero.""""""

from typing import List


def triples_sum_to_zero(l: List[int]) -> bool:
    """"""
    Check if there are three distinct elements in the list that sum to zero.

    Args:
        l: List of integers.

    Returns:
        True if three distinct elements sum to zero, False otherwise.

    Examples:
        >>> triples_sum_to_zero([1, 3, 5, 0])
        False
        >>> triples_sum_to_zero([1, 3, -2, 1])
        True
    """"""
    n = len(l)
    if n < 3:
        return False

    sorted_list = sorted(l)

    for i in range(n - 2):
        if i > 0 and sorted_list[i] == sorted_list[i - 1]:
            continue

        left = i + 1
        right = n - 1
        target = -sorted_list[i]

        while left < right:
            current_sum = sorted_list[left] + sorted_list[right]

            if current_sum == target:
                return True
            elif current_sum < target:
                left += 1
                while left < right and sorted_list[left] == sorted_list[left - 1]:
                    left += 1
            else:
                right -= 1
                while left < right and sorted_list[right] == sorted_list[right + 1]:
                    right -= 1

    return False",raw_generations/HumanEval_40/constraint_guided_sample0.py,,,True,,9.17,0,12.0,12,78.15252904358789,outputs_deepseek_prompt_v3\reports\static_analysis\pylint\HumanEval_40__constraint_guided__sample0__final_pylint.txt,outputs_deepseek_prompt_v3\reports\static_analysis\bandit\HumanEval_40__constraint_guided__sample0__final_bandit.json,outputs_deepseek_prompt_v3\reports\static_analysis\bandit\HumanEval_40__constraint_guided__sample0__final_bandit.stderr.txt,True,passed,8.0,7.0,8.0,9.0,7.0,8.0,"Good algorithm with O(n²) efficiency, but variable naming could be improved and edge case handling for duplicates needs verification.",,,,,,,
HumanEval/40,triples_sum_to_zero,structured_cot,0,"from typing import List


def triples_sum_to_zero(l: List[int]) -> bool:
    """"""
    Check if there are three distinct elements
    in the list that sum to zero.

    Examples:
        >>> triples_sum_to_zero([1, 3, 5, 0])
        False
        >>> triples_sum_to_zero([1, 3, -2, 1])
        True
    """"""
    n = len(l)
    for i in range(n - 2):
        for j in range(i + 1, n - 1):
            for k in range(j + 1, n):
                if l[i] + l[j] + l[k] == 0:
                    return True
    return False",raw_generations/HumanEval_40/structured_cot_sample0.py,,,True,,7.78,0,5.0,5,89.83210368802884,outputs_deepseek_prompt_v3\reports\static_analysis\pylint\HumanEval_40__structured_cot__sample0__final_pylint.txt,outputs_deepseek_prompt_v3\reports\static_analysis\bandit\HumanEval_40__structured_cot__sample0__final_bandit.json,outputs_deepseek_prompt_v3\reports\static_analysis\bandit\HumanEval_40__structured_cot__sample0__final_bandit.stderr.txt,True,passed,8.0,6.0,7.0,2.0,6.0,5.0,"The code is readable and correct for small inputs but uses O(n³) brute-force approach, which is inefficient; also lacks handling of edge cases like duplicate elements and uses a poor variable name 'l'.",,,,,,,
HumanEval/40,triples_sum_to_zero,self_refine,0,"from typing import List


def triples_sum_to_zero(l: List[int]) -> bool:
    """"""
    Check if there are three distinct elements in the list that sum to zero.

    Args:
        l: List of integers to check.

    Returns:
        True if there exist three distinct indices i, j, k such that
        l[i] + l[j] + l[k] == 0, False otherwise.

    Examples:
        >>> triples_sum_to_zero([1, 3, 5, 0])
        False
        >>> triples_sum_to_zero([1, 3, -2, 1])
        True
    """"""
    if len(l) < 3:
        return False

    sorted_list = sorted(l)
    n = len(sorted_list)

    for i in range(n - 2):
        if i > 0 and sorted_list[i] == sorted_list[i - 1]:
            continue

        left = i + 1
        right = n - 1
        target = -sorted_list[i]

        while left < right:
            current_sum = sorted_list[left] + sorted_list[right]

            if current_sum == target:
                return True
            if current_sum < target:
                left += 1
            else:
                right -= 1

    return False",raw_generations/HumanEval_40/self_refine_sample0.py,"""""""
Module for checking if a list contains three distinct elements that sum to zero.
""""""

from typing import List


def triples_sum_to_zero(l: List[int]) -> bool:
    """"""
    Check if there are three distinct elements in the list that sum to zero.

    Args:
        l: List of integers to check.

    Returns:
        True if there exist three distinct indices i, j, k such that
        l[i] + l[j] + l[k] == 0, False otherwise.

    Examples:
        >>> triples_sum_to_zero([1, 3, 5, 0])
        False
        >>> triples_sum_to_zero([1, 3, -2, 1])
        True
    """"""
    if len(l) < 3:
        return False

    sorted_list = sorted(l)
    n = len(sorted_list)

    for i in range(n - 2):
        if i > 0 and sorted_list[i] == sorted_list[i - 1]:
            continue

        left = i + 1
        right = n - 1
        target = -sorted_list[i]

        while left < right:
            current_sum = sorted_list[left] + sorted_list[right]

            if current_sum == target:
                return True
            elif current_sum < target:
                left += 1
            else:
                right -= 1

    return False",raw_generations/HumanEval_40/self_refine_sample0_initial.py,True,,9.0,0,8.0,8,82.65145752100683,outputs_deepseek_prompt_v3\reports\static_analysis\pylint\HumanEval_40__self_refine__sample0__final_pylint.txt,outputs_deepseek_prompt_v3\reports\static_analysis\bandit\HumanEval_40__self_refine__sample0__final_bandit.json,outputs_deepseek_prompt_v3\reports\static_analysis\bandit\HumanEval_40__self_refine__sample0__final_bandit.stderr.txt,True,passed,8.0,9.0,9.0,9.0,8.0,9.0,"Well-structured implementation using the two-pointer technique with proper deduplication and edge case handling, though variable naming could be slightly improved.",9.0,True,passed,outputs_deepseek_prompt_v3\reports\static_analysis\pylint\HumanEval_40__self_refine__sample0__initial_pylint.txt,outputs_deepseek_prompt_v3\reports\static_analysis\bandit\HumanEval_40__self_refine__sample0__initial_bandit.json,outputs_deepseek_prompt_v3\reports\static_analysis\bandit\HumanEval_40__self_refine__sample0__initial_bandit.stderr.txt,True
HumanEval/41,car_race_collision,zero_shot,0,"def car_race_collision(n: int) -> int:
    return n * n",raw_generations/HumanEval_41/zero_shot_sample0.py,,,True,,0.0,0,1.0,1,89.95803027710804,outputs_deepseek_prompt_v3\reports\static_analysis\pylint\HumanEval_41__zero_shot__sample0__final_pylint.txt,outputs_deepseek_prompt_v3\reports\static_analysis\bandit\HumanEval_41__zero_shot__sample0__final_bandit.json,outputs_deepseek_prompt_v3\reports\static_analysis\bandit\HumanEval_41__zero_shot__sample0__final_bandit.stderr.txt,True,passed,9.0,9.0,10.0,10.0,9.0,9.0,"The code is extremely simple and correct for the mathematical problem, but lacks any explanation of why n*n is the solution.",,,,,,,
HumanEval/41,car_race_collision,constraint_guided,0,"""""""
This module provides a function to compute the number of collisions in a car race scenario.
""""""


def car_race_collision(n: int) -> int:
    """"""
    Calculate the total number of collisions between two sets of cars moving in opposite directions.

    There are n cars moving left to right and n cars moving right to left on an infinite straight road.
    All cars move at the same speed. When a left-to-right car meets a right-to-left car, a collision occurs.
    After collision, cars continue moving as if nothing happened (no change in direction or speed).

    Since each left-to-right car will collide with every right-to-left car it meets, and all cars
    start far apart and move at constant speed, the total collisions equal n * n.

    Args:
        n (int): The number of cars moving in each direction.

    Returns:
        int: The total number of collisions.
    """"""
    return n * n",raw_generations/HumanEval_41/constraint_guided_sample0.py,,,True,,0.0,0,1.0,1,66.67529031598684,outputs_deepseek_prompt_v3\reports\static_analysis\pylint\HumanEval_41__constraint_guided__sample0__final_pylint.txt,outputs_deepseek_prompt_v3\reports\static_analysis\bandit\HumanEval_41__constraint_guided__sample0__final_bandit.json,outputs_deepseek_prompt_v3\reports\static_analysis\bandit\HumanEval_41__constraint_guided__sample0__final_bandit.stderr.txt,True,passed,9.0,-1.0,0.0,10.0,9.0,2.0,"The implementation is fundamentally incorrect (n² instead of n² collisions) and lacks any validation, though the code is well-formatted and efficient.",,,,,,,
HumanEval/41,car_race_collision,structured_cot,0,"def car_race_collision(n: int) -> int:
    """"""
    Imagine a road that's a perfectly straight infinitely long line.
    n cars are driving left to right; simultaneously, a different set of n cars
    are driving right to left.

    n cars -> ..... <- n other cars

    The two sets of cars start out being very far from
    each other. All cars move in the same speed. Two cars are said to collide
    when a car that's moving left to right hits a car that's moving right to left.
    However, the cars are infinitely sturdy and strong; as a result, they continue moving
    in their trajectory as if they did not collide.

    This function outputs the total number of such collisions possible given n.
    """"""
    return n * n",raw_generations/HumanEval_41/structured_cot_sample0.py,,,True,,0.0,0,1.0,1,58.783922686027424,outputs_deepseek_prompt_v3\reports\static_analysis\pylint\HumanEval_41__structured_cot__sample0__final_pylint.txt,outputs_deepseek_prompt_v3\reports\static_analysis\bandit\HumanEval_41__structured_cot__sample0__final_bandit.json,outputs_deepseek_prompt_v3\reports\static_analysis\bandit\HumanEval_41__structured_cot__sample0__final_bandit.stderr.txt,True,passed,9.0,9.0,10.0,10.0,9.0,9.0,"The code is mathematically correct and highly efficient, but lacks explanation of why collisions equal n squared.",,,,,,,
HumanEval/41,car_race_collision,self_refine,0,"""""""
Module for calculating collision count in a car race scenario.
""""""


def car_race_collision(n: int) -> int:
    """"""
    Calculate the total number of collisions between two sets of cars.

    There are n cars moving left to right and n cars moving right to left.
    Cars continue moving after collisions. Each left-to-right car collides
    with each right-to-left car exactly once.

    Args:
        n: Number of cars in each direction.

    Returns:
        Total number of collisions.
    """"""
    return n * n",raw_generations/HumanEval_41/self_refine_sample0.py,"""""""
Module for calculating collision count in a car race scenario.
""""""


def car_race_collision(n: int) -> int:
    """"""
    Calculate the total number of collisions between two sets of cars.

    There are n cars moving left to right and n cars moving right to left.
    Cars continue moving after collisions. Each left-to-right car collides
    with each right-to-left car exactly once.

    Args:
        n: Number of cars in each direction.

    Returns:
        Total number of collisions.
    """"""
    return n * n",raw_generations/HumanEval_41/self_refine_sample0_initial.py,True,,5.0,0,1.0,1,58.78063189959503,outputs_deepseek_prompt_v3\reports\static_analysis\pylint\HumanEval_41__self_refine__sample0__final_pylint.txt,outputs_deepseek_prompt_v3\reports\static_analysis\bandit\HumanEval_41__self_refine__sample0__final_bandit.json,outputs_deepseek_prompt_v3\reports\static_analysis\bandit\HumanEval_41__self_refine__sample0__final_bandit.stderr.txt,True,passed,9.0,9.0,10.0,10.0,9.0,9.0,"Excellent implementation: clear, efficient, and perfectly solves the mathematical problem.",5.0,True,passed,outputs_deepseek_prompt_v3\reports\static_analysis\pylint\HumanEval_41__self_refine__sample0__initial_pylint.txt,outputs_deepseek_prompt_v3\reports\static_analysis\bandit\HumanEval_41__self_refine__sample0__initial_bandit.json,outputs_deepseek_prompt_v3\reports\static_analysis\bandit\HumanEval_41__self_refine__sample0__initial_bandit.stderr.txt,False
HumanEval/42,incr_list,zero_shot,0,"from typing import List


def incr_list(l: List[int]) -> List[int]:
    """"""
    Increment all elements of the list by 1.

    Example:
        >>> incr_list([1, 2, 3])
        [2, 3, 4]
    """"""
    return [x + 1 for x in l]",raw_generations/HumanEval_42/zero_shot_sample0.py,,,True,,3.33,0,2.0,2,87.98684928559567,outputs_deepseek_prompt_v3\reports\static_analysis\pylint\HumanEval_42__zero_shot__sample0__final_pylint.txt,outputs_deepseek_prompt_v3\reports\static_analysis\bandit\HumanEval_42__zero_shot__sample0__final_bandit.json,outputs_deepseek_prompt_v3\reports\static_analysis\bandit\HumanEval_42__zero_shot__sample0__final_bandit.stderr.txt,True,passed,9.0,9.0,10.0,10.0,9.0,9.0,"Clean, efficient, and idiomatic implementation using list comprehension; minor improvement could be using a more descriptive parameter name than 'l'.",,,,,,,
HumanEval/42,incr_list,constraint_guided,0,"""""""Module providing list manipulation utilities.""""""

from typing import List


def incr_list(l: List[int]) -> List[int]:
    """"""
    Increment all elements of the list by 1.

    Args:
        l: List of integers to increment.

    Returns:
        List of integers where each element is incremented by 1.

    Example:
        >>> incr_list([1, 2, 3])
        [2, 3, 4]
    """"""
    return [element + 1 for element in l]",raw_generations/HumanEval_42/constraint_guided_sample0.py,,,True,,6.67,0,2.0,2,62.2456068726882,outputs_deepseek_prompt_v3\reports\static_analysis\pylint\HumanEval_42__constraint_guided__sample0__final_pylint.txt,outputs_deepseek_prompt_v3\reports\static_analysis\bandit\HumanEval_42__constraint_guided__sample0__final_bandit.json,outputs_deepseek_prompt_v3\reports\static_analysis\bandit\HumanEval_42__constraint_guided__sample0__final_bandit.stderr.txt,True,passed,9.0,9.0,10.0,10.0,9.0,9.0,"Clean, efficient, and correct implementation using a list comprehension; minor deduction for using 'l' as a parameter name which can be confused with '1' or 'I'.",,,,,,,
HumanEval/42,incr_list,structured_cot,0,"from typing import List


def incr_list(l: List[int]) -> List[int]:
    """"""
    Increment all elements of the list by 1.

    Example:
        >>> incr_list([1, 2, 3])
        [2, 3, 4]
    """"""
    return [x + 1 for x in l]",raw_generations/HumanEval_42/structured_cot_sample0.py,,,True,,3.33,0,2.0,2,87.98684928559567,outputs_deepseek_prompt_v3\reports\static_analysis\pylint\HumanEval_42__structured_cot__sample0__final_pylint.txt,outputs_deepseek_prompt_v3\reports\static_analysis\bandit\HumanEval_42__structured_cot__sample0__final_bandit.json,outputs_deepseek_prompt_v3\reports\static_analysis\bandit\HumanEval_42__structured_cot__sample0__final_bandit.stderr.txt,True,passed,9.0,9.0,10.0,10.0,9.0,9.0,"Clean, efficient, and correct implementation using a list comprehension; minor deduction for using 'l' as a parameter name which can be confused with '1' or 'I'.",,,,,,,
HumanEval/42,incr_list,self_refine,0,"from typing import List


def incr_list(l: List[int]) -> List[int]:
    """"""
    Increment all elements of the list by 1.

    Example:
        >>> incr_list([1, 2, 3])
        [2, -3, 4]
    """"""
    return [x + 1 for x in l]",raw_generations/HumanEval_42/self_refine_sample0.py,"from typing import List


def incr_list(l: List[int]) -> List[int]:
    """"""
    Increment all elements of the list by 1.

    Example:
        >>> incr_list([1, 2, 3])
        [2, -3, 4]
    """"""
    return [x + 1 for x in l]",raw_generations/HumanEval_42/self_refine_sample0_initial.py,True,,3.33,0,2.0,2,87.98684928559567,outputs_deepseek_prompt_v3\reports\static_analysis\pylint\HumanEval_42__self_refine__sample0__final_pylint.txt,outputs_deepseek_prompt_v3\reports\static_analysis\bandit\HumanEval_42__self_refine__sample0__final_bandit.json,outputs_deepseek_prompt_v3\reports\static_analysis\bandit\HumanEval_42__self_refine__sample0__final_bandit.stderr.txt,True,passed,8.0,9.0,8.0,10.0,9.0,8.0,"The code is clean and efficient, but the docstring example contains an error (negative number) that doesn't match the function's purpose.",3.33,True,passed,outputs_deepseek_prompt_v3\reports\static_analysis\pylint\HumanEval_42__self_refine__sample0__initial_pylint.txt,outputs_deepseek_prompt_v3\reports\static_analysis\bandit\HumanEval_42__self_refine__sample0__initial_bandit.json,outputs_deepseek_prompt_v3\reports\static_analysis\bandit\HumanEval_42__self_refine__sample0__initial_bandit.stderr.txt,False
HumanEval/43,pairs_sum_to_zero,zero_shot,0,"from typing import List


def pairs_sum_to_zero(l: List[int]) -> bool:
    """"""
    Check if there are two distinct elements
    in the list that sum to zero.

    Examples:
        >>> pairs_sum_to_zero([1, 3, 5, 0])
        False
        >>> pairs_sum_to_zero([2, 4, -5, 3, 5, 7])
        True
    """"""
    seen = set()
    for num in l:
        if -num in seen:
            return True
        seen.add(num)
    return False",raw_generations/HumanEval_43/zero_shot_sample0.py,,,True,,7.5,0,3.0,3,95.00334197814921,outputs_deepseek_prompt_v3\reports\static_analysis\pylint\HumanEval_43__zero_shot__sample0__final_pylint.txt,outputs_deepseek_prompt_v3\reports\static_analysis\bandit\HumanEval_43__zero_shot__sample0__final_bandit.json,outputs_deepseek_prompt_v3\reports\static_analysis\bandit\HumanEval_43__zero_shot__sample0__final_bandit.stderr.txt,True,passed,9.0,8.0,7.0,8.0,8.0,8.0,The code is clean and efficient but fails to handle the 'distinct elements' requirement correctly when duplicates exist.,,,,,,,
HumanEval/43,pairs_sum_to_zero,constraint_guided,0,"""""""Check if any two distinct elements in a list sum to zero.""""""

from typing import List


def pairs_sum_to_zero(l: List[int]) -> bool:
    """"""
    Check if there are two distinct elements
    in the list that sum to zero.

    Examples:
        >>> pairs_sum_to_zero([1, 3, 5, 0])
        False
        >>> pairs_sum_to_zero([2, 4, -5, 3, 5, 7])
        True
    """"""
    seen = set()
    for num in l:
        complement = -num
        if complement in seen:
            return True
        seen.add(num)
    return False",raw_generations/HumanEval_43/constraint_guided_sample0.py,,,True,,8.89,0,3.0,3,95.06602527026025,outputs_deepseek_prompt_v3\reports\static_analysis\pylint\HumanEval_43__constraint_guided__sample0__final_pylint.txt,outputs_deepseek_prompt_v3\reports\static_analysis\bandit\HumanEval_43__constraint_guided__sample0__final_bandit.json,outputs_deepseek_prompt_v3\reports\static_analysis\bandit\HumanEval_43__constraint_guided__sample0__final_bandit.stderr.txt,True,passed,9.0,9.0,6.0,9.0,8.0,7.0,"The code is clean and efficient but fails to handle the 'distinct elements' requirement correctly, as it would return True for a list containing a single zero.",,,,,,,
HumanEval/43,pairs_sum_to_zero,structured_cot,0,"from typing import List


def pairs_sum_to_zero(l: List[int]) -> bool:
    """"""
    Check if there are two distinct elements
    in the list that sum to zero.

    Examples:
        >>> pairs_sum_to_zero([1, 3, 5, 0])
        False
        >>> pairs_sum_to_zero([2, 4, -5, 3, 5, 7])
        True
    """"""
    seen = set()
    for num in l:
        if -num in seen:
            return True
        seen.add(num)
    return False",raw_generations/HumanEval_43/structured_cot_sample0.py,,,True,,7.5,0,3.0,3,95.00334197814921,outputs_deepseek_prompt_v3\reports\static_analysis\pylint\HumanEval_43__structured_cot__sample0__final_pylint.txt,outputs_deepseek_prompt_v3\reports\static_analysis\bandit\HumanEval_43__structured_cot__sample0__final_bandit.json,outputs_deepseek_prompt_v3\reports\static_analysis\bandit\HumanEval_43__structured_cot__sample0__final_bandit.stderr.txt,True,passed,9.0,9.0,8.0,9.0,8.0,8.0,"Clean and efficient solution with minor issues: parameter name 'l' is ambiguous, and the algorithm incorrectly returns True for zero paired with itself (e.g., [0, 1] works, but [0] should be False).",,,,,,,
HumanEval/43,pairs_sum_to_zero,self_refine,0,"from typing import List


def pairs_sum_to_zero(l: List[int]) -> bool:
    """"""
    Check if there are two distinct elements in the list that sum to zero.

    Args:
        l: List of integers to check.

    Returns:
        True if there exist two distinct elements that sum to zero,
        False otherwise.

    Examples:
        >>> pairs_sum_to_zero([1, 3, 5, 0])
        False
        >>> pairs_sum_to_zero([2, 4, -5, 3, 5, 7])
        True
    """"""
    seen = set()

    for num in l:
        complement = -num
        if complement in seen:
            return True
        seen.add(num)

    return False",raw_generations/HumanEval_43/self_refine_sample0.py,"""""""
Check if a list contains two distinct elements that sum to zero.
""""""

from typing import List


def pairs_sum_to_zero(l: List[int]) -> bool:
    """"""
    Check if there are two distinct elements in the list that sum to zero.

    Args:
        l: List of integers to check.

    Returns:
        True if there exist two distinct elements that sum to zero,
        False otherwise.

    Examples:
        >>> pairs_sum_to_zero([1, 3, 5, 0])
        False
        >>> pairs_sum_to_zero([2, 4, -5, 3, 5, 7])
        True
    """"""
    seen = set()
    
    for num in l:
        complement = -num
        if complement in seen:
            return True
        seen.add(num)
    
    return False",raw_generations/HumanEval_43/self_refine_sample0_initial.py,True,,7.78,0,3.0,3,88.05157037017348,outputs_deepseek_prompt_v3\reports\static_analysis\pylint\HumanEval_43__self_refine__sample0__final_pylint.txt,outputs_deepseek_prompt_v3\reports\static_analysis\bandit\HumanEval_43__self_refine__sample0__final_bandit.json,outputs_deepseek_prompt_v3\reports\static_analysis\bandit\HumanEval_43__self_refine__sample0__final_bandit.stderr.txt,True,passed,9.0,9.0,8.0,9.0,8.0,8.0,"Clean, efficient implementation with minor issues in handling distinct elements and naming conventions.",6.67,True,passed,outputs_deepseek_prompt_v3\reports\static_analysis\pylint\HumanEval_43__self_refine__sample0__initial_pylint.txt,outputs_deepseek_prompt_v3\reports\static_analysis\bandit\HumanEval_43__self_refine__sample0__initial_bandit.json,outputs_deepseek_prompt_v3\reports\static_analysis\bandit\HumanEval_43__self_refine__sample0__initial_bandit.stderr.txt,True
HumanEval/44,change_base,zero_shot,0,"def change_base(x: int, base: int) -> str:
    if x == 0:
        return ""0""
    digits = []
    while x > 0:
        digits.append(str(x % base))
        x //= base
    return ''.join(reversed(digits))",raw_generations/HumanEval_44/zero_shot_sample0.py,,,True,,6.25,0,3.0,3,69.20109370985811,outputs_deepseek_prompt_v3\reports\static_analysis\pylint\HumanEval_44__zero_shot__sample0__final_pylint.txt,outputs_deepseek_prompt_v3\reports\static_analysis\bandit\HumanEval_44__zero_shot__sample0__final_bandit.json,outputs_deepseek_prompt_v3\reports\static_analysis\bandit\HumanEval_44__zero_shot__sample0__final_bandit.stderr.txt,True,passed,9.0,9.0,8.0,9.0,9.0,9.0,Clean and efficient implementation with minor edge case handling for negative numbers and base validation missing.,,,,,,,
HumanEval/44,change_base,constraint_guided,0,"""""""
Module for converting integers to string representations in different bases.
""""""


def change_base(x: int, base: int) -> str:
    """"""
    Convert an integer to its string representation in a given base.

    Args:
        x: The integer to convert.
        base: The target base (must be less than 10).

    Returns:
        String representation of x in the specified base.

    Examples:
        >>> change_base(8, 3)
        '22'
        >>> change_base(8, 2)
        '1000'
        >>> change_base(7, 2)
        '111'
    """"""
    if base < 2 or base >= 10:
        raise ValueError(""Base must be between 2 and 9 inclusive"")

    if x == 0:
        return ""0""

    result = []
    negative = x < 0
    x = abs(x)

    while x > 0:
        remainder = x % base
        result.append(str(remainder))
        x //= base

    if negative:
        result.append(""-"")

    return """".join(reversed(result))",raw_generations/HumanEval_44/constraint_guided_sample0.py,,,True,,9.33,0,6.0,6,81.0038759240549,outputs_deepseek_prompt_v3\reports\static_analysis\pylint\HumanEval_44__constraint_guided__sample0__final_pylint.txt,outputs_deepseek_prompt_v3\reports\static_analysis\bandit\HumanEval_44__constraint_guided__sample0__final_bandit.json,outputs_deepseek_prompt_v3\reports\static_analysis\bandit\HumanEval_44__constraint_guided__sample0__final_bandit.stderr.txt,True,passed,9.0,9.0,9.0,9.0,9.0,9.0,"Well-structured, clear, and robust implementation with proper error handling and edge case coverage.",,,,,,,
HumanEval/44,change_base,structured_cot,0,"def change_base(x: int, base: int) -> str:
    """"""
    Change numerical base of input number x to base.
    return string representation after the conversion.
    base numbers are less than 10.

    Examples:
        >>> change_base(8, 3)
        '22'
        >>> change_base(8, 2)
        '1000'
        >>> change_base(7, 2)
        '111'
    """"""
    if x == 0:
        return ""0""
    
    digits = []
    while x > 0:
        digits.append(str(x % base))
        x //= base
    
    return ''.join(reversed(digits))",raw_generations/HumanEval_44/structured_cot_sample0.py,,,True,,5.0,0,3.0,3,84.68745322847472,outputs_deepseek_prompt_v3\reports\static_analysis\pylint\HumanEval_44__structured_cot__sample0__final_pylint.txt,outputs_deepseek_prompt_v3\reports\static_analysis\bandit\HumanEval_44__structured_cot__sample0__final_bandit.json,outputs_deepseek_prompt_v3\reports\static_analysis\bandit\HumanEval_44__structured_cot__sample0__final_bandit.stderr.txt,True,passed,9.0,9.0,8.0,9.0,8.0,8.0,"Clean and efficient implementation with minor issues: lacks input validation for base range and negative x handling, and could use more Pythonic digit reversal.",,,,,,,
HumanEval/44,change_base,self_refine,0,"""""""
Module for converting numbers between different bases.
""""""


def change_base(x: int, base: int) -> str:
    """"""
    Convert an integer to its string representation in a given base.

    Args:
        x: The integer to convert.
        base: The target base (must be less than 10).

    Returns:
        String representation of x in the given base.

    Examples:
        >>> change_base(8, 3)
        '22'
        >>> change_base(8, 2)
        '1000'
        >>> change_base(7, 2)
        '111'
    """"""
    if x == 0:
        return ""0""

    if base < 2 or base > 9:
        raise ValueError(""Base must be between 2 and 9 inclusive"")

    is_negative = x < 0
    x = abs(x)

    digits = []
    while x > 0:
        remainder = x % base
        digits.append(str(remainder))
        x //= base

    if is_negative:
        digits.append(""-"")

    return """".join(reversed(digits))",raw_generations/HumanEval_44/self_refine_sample0.py,"""""""
Module for converting numbers between different bases.
""""""


def change_base(x: int, base: int) -> str:
    """"""
    Convert an integer to its string representation in a given base.

    Args:
        x: The integer to convert.
        base: The target base (must be less than 10).

    Returns:
        String representation of x in the given base.

    Examples:
        >>> change_base(8, 3)
        '22'
        >>> change_base(8, 2)
        '1000'
        >>> change_base(7, 2)
        '111'
    """"""
    if x == 0:
        return ""0""

    if base < 2 or base > 9:
        raise ValueError(""Base must be between 2 and 9 inclusive"")

    is_negative = x < 0
    x = abs(x)

    digits = []
    while x > 0:
        remainder = x % base
        digits.append(str(remainder))
        x //= base

    if is_negative:
        digits.append(""-"")

    return """".join(reversed(digits))",raw_generations/HumanEval_44/self_refine_sample0_initial.py,True,,9.33,0,6.0,6,81.0904910363076,outputs_deepseek_prompt_v3\reports\static_analysis\pylint\HumanEval_44__self_refine__sample0__final_pylint.txt,outputs_deepseek_prompt_v3\reports\static_analysis\bandit\HumanEval_44__self_refine__sample0__final_bandit.json,outputs_deepseek_prompt_v3\reports\static_analysis\bandit\HumanEval_44__self_refine__sample0__final_bandit.stderr.txt,True,passed,9.0,8.0,9.0,8.0,8.0,8.0,"Well-structured code with good documentation and error handling, though could be more Pythonic with built-in functions.",9.33,True,passed,outputs_deepseek_prompt_v3\reports\static_analysis\pylint\HumanEval_44__self_refine__sample0__initial_pylint.txt,outputs_deepseek_prompt_v3\reports\static_analysis\bandit\HumanEval_44__self_refine__sample0__initial_bandit.json,outputs_deepseek_prompt_v3\reports\static_analysis\bandit\HumanEval_44__self_refine__sample0__initial_bandit.stderr.txt,False
HumanEval/45,triangle_area,zero_shot,0,"def triangle_area(a: float, h: float) -> float:
    """"""
    Given length of a side and height, return area for a triangle.

    Examples:
        >>> triangle_area(5, 3)
        7.5
    """"""
    return 0.5 * a * h",raw_generations/HumanEval_45/zero_shot_sample0.py,,,True,,0.0,0,1.0,1,68.79873829031011,outputs_deepseek_prompt_v3\reports\static_analysis\pylint\HumanEval_45__zero_shot__sample0__final_pylint.txt,outputs_deepseek_prompt_v3\reports\static_analysis\bandit\HumanEval_45__zero_shot__sample0__final_bandit.json,outputs_deepseek_prompt_v3\reports\static_analysis\bandit\HumanEval_45__zero_shot__sample0__final_bandit.stderr.txt,False,assertion_failed: ,9.0,9.0,9.0,10.0,9.0,9.0,"Clean, simple, and correct implementation with proper documentation and type hints.",,,,,,,
HumanEval/45,triangle_area,constraint_guided,0,"""""""Triangle area calculation.""""""


def triangle_area(a: float, h: float) -> float:
    """"""Return the area of a triangle given side length and height.""""""
    return 0.5 * a * h",raw_generations/HumanEval_45/constraint_guided_sample0.py,,,True,,5.0,0,1.0,1,78.7218789164598,outputs_deepseek_prompt_v3\reports\static_analysis\pylint\HumanEval_45__constraint_guided__sample0__final_pylint.txt,outputs_deepseek_prompt_v3\reports\static_analysis\bandit\HumanEval_45__constraint_guided__sample0__final_bandit.json,outputs_deepseek_prompt_v3\reports\static_analysis\bandit\HumanEval_45__constraint_guided__sample0__final_bandit.stderr.txt,False,assertion_failed: ,9.0,9.0,10.0,10.0,9.0,9.0,"Clean, correct, and efficient implementation with good documentation, though the module docstring is very minimal.",,,,,,,
HumanEval/45,triangle_area,structured_cot,0,"def triangle_area(a: float, h: float) -> float:
    """"""
    Given length of a side and height, return area for a triangle.

    Examples:
        >>> triangle_area(5, 3)
        7.5
    """"""
    return 0.5 * a * h",raw_generations/HumanEval_45/structured_cot_sample0.py,,,True,,0.0,0,1.0,1,68.79873829031011,outputs_deepseek_prompt_v3\reports\static_analysis\pylint\HumanEval_45__structured_cot__sample0__final_pylint.txt,outputs_deepseek_prompt_v3\reports\static_analysis\bandit\HumanEval_45__structured_cot__sample0__final_bandit.json,outputs_deepseek_prompt_v3\reports\static_analysis\bandit\HumanEval_45__structured_cot__sample0__final_bandit.stderr.txt,False,assertion_failed: ,9.0,-1.0,10.0,10.0,9.0,7.0,"The code is simple and correct, but the docstring incorrectly states it takes 'length of a side and height' without specifying which side, making it ambiguous and less maintainable.",,,,,,,
HumanEval/45,triangle_area,self_refine,0,"""""""
Module for calculating geometric shapes areas.
""""""


def triangle_area(a: float, h: float) -> float:
    """"""
    Calculate the area of a triangle given the length of a side and its height.

    Args:
        a: Length of the triangle's base side.
        h: Height of the triangle corresponding to the given side.

    Returns:
        The area of the triangle.

    Examples:
        >>> triangle_area(5, 3)
        7.5
    """"""
    return 0.5 * a * h",raw_generations/HumanEval_45/self_refine_sample0.py,"""""""
Module for calculating geometric shapes areas.
""""""


def triangle_area(a: float, h: float) -> float:
    """"""
    Calculate the area of a triangle given the length of a side and its height.

    Args:
        a: Length of the triangle's base side.
        h: Height of the triangle corresponding to the given side.

    Returns:
        The area of the triangle.

    Examples:
        >>> triangle_area(5, 3)
        7.5
    """"""
    return 0.5 * a * h",raw_generations/HumanEval_45/self_refine_sample0_initial.py,True,,5.0,0,1.0,1,57.72659072910937,outputs_deepseek_prompt_v3\reports\static_analysis\pylint\HumanEval_45__self_refine__sample0__final_pylint.txt,outputs_deepseek_prompt_v3\reports\static_analysis\bandit\HumanEval_45__self_refine__sample0__final_bandit.json,outputs_deepseek_prompt_v3\reports\static_analysis\bandit\HumanEval_45__self_refine__sample0__final_bandit.stderr.txt,False,assertion_failed: ,9.0,9.0,10.0,10.0,9.0,9.0,"Clean, well-documented, and correct implementation of a simple mathematical function.",5.0,False,assertion_failed: ,outputs_deepseek_prompt_v3\reports\static_analysis\pylint\HumanEval_45__self_refine__sample0__initial_pylint.txt,outputs_deepseek_prompt_v3\reports\static_analysis\bandit\HumanEval_45__self_refine__sample0__initial_bandit.json,outputs_deepseek_prompt_v3\reports\static_analysis\bandit\HumanEval_45__self_refine__sample0__initial_bandit.stderr.txt,False
HumanEval/46,fib4,zero_shot,0,"def fib4(n: int) -> int:
    if n < 2:
        return 0
    if n == 2:
        return 2
    if n == 3:
        return 0
    
    a, b, c, d = 0, 0, 2, 0
    for _ in range(4, n + 1):
        a, b, c, d = b, c, d, a + b + c + d
    
    return d",raw_generations/HumanEval_46/zero_shot_sample0.py,,,True,,5.45,0,5.0,5,63.37346859461388,outputs_deepseek_prompt_v3\reports\static_analysis\pylint\HumanEval_46__zero_shot__sample0__final_pylint.txt,outputs_deepseek_prompt_v3\reports\static_analysis\bandit\HumanEval_46__zero_shot__sample0__final_bandit.json,outputs_deepseek_prompt_v3\reports\static_analysis\bandit\HumanEval_46__zero_shot__sample0__final_bandit.stderr.txt,True,passed,8.0,9.0,10.0,10.0,9.0,9.0,"Excellent implementation with clear variable names, efficient iterative approach, and proper handling of base cases.",,,,,,,
HumanEval/46,fib4,constraint_guided,0,"""""""
Module for computing the Fib4 number sequence.
""""""


def fib4(n: int) -> int:
    """"""
    Compute the n-th element of the Fib4 number sequence.

    The sequence is defined as:
        fib4(0) = 0
        fib4(1) = 0
        fib4(2) = 2
        fib4(3) = 0
        fib4(n) = fib4(n-1) + fib4(n-2) + fib4(n-3) + fib4(n-4) for n >= 4

    Args:
        n: The index of the Fib4 number to compute.

    Returns:
        The n-th Fib4 number.

    Examples:
        >>> fib4(5)
        4
        >>> fib4(6)
        8
        >>> fib4(7)
        14
    """"""
    if n < 0:
        raise ValueError(""n must be a non-negative integer"")

    base_cases = [0, 0, 2, 0]
    if n < 4:
        return base_cases[n]

    a, b, c, d = base_cases
    for _ in range(4, n + 1):
        a, b, c, d = b, c, d, a + b + c + d

    return d",raw_generations/HumanEval_46/constraint_guided_sample0.py,,,True,,9.0,0,4.0,4,63.22337923860208,outputs_deepseek_prompt_v3\reports\static_analysis\pylint\HumanEval_46__constraint_guided__sample0__final_pylint.txt,outputs_deepseek_prompt_v3\reports\static_analysis\bandit\HumanEval_46__constraint_guided__sample0__final_bandit.json,outputs_deepseek_prompt_v3\reports\static_analysis\bandit\HumanEval_46__constraint_guided__sample0__final_bandit.stderr.txt,True,passed,9.0,9.0,10.0,10.0,9.0,9.0,"Excellent iterative solution with clear variable names, proper error handling, and optimal O(n) time and O(1) space complexity.",,,,,,,
HumanEval/46,fib4,structured_cot,0,"def fib4(n: int) -> int:
    """"""
    Compute the n-th element of the fib4 number sequence.

    The sequence is defined as:
        fib4(0) = 0
        fib4(1) = 0
        fib4(2) = 2
        fib4(3) = 0
        fib4(n) = fib4(n-1) + fib4(n-2) + fib4(n-3) + fib4(n-4) for n >= 4

    Args:
        n: The index of the fib4 number to compute.

    Returns:
        The n-th fib4 number.

    Examples:
        >>> fib4(5)
        4
        >>> fib4(6)
        8
        >>> fib4(7)
        14
    """"""
    if n < 0:
        raise ValueError(""n must be non-negative"")
    if n < 4:
        return [0, 0, 2, 0][n]

    a, b, c, d = 0, 0, 2, 0  # fib4(0), fib4(1), fib4(2), fib4(3)
    for _ in range(4, n + 1):
        a, b, c, d = b, c, d, a + b + c + d
    return d",raw_generations/HumanEval_46/structured_cot_sample0.py,,,True,,7.78,0,4.0,4,64.28726246921666,outputs_deepseek_prompt_v3\reports\static_analysis\pylint\HumanEval_46__structured_cot__sample0__final_pylint.txt,outputs_deepseek_prompt_v3\reports\static_analysis\bandit\HumanEval_46__structured_cot__sample0__final_bandit.json,outputs_deepseek_prompt_v3\reports\static_analysis\bandit\HumanEval_46__structured_cot__sample0__final_bandit.stderr.txt,True,passed,9.0,9.0,10.0,10.0,9.0,9.0,"Excellent iterative solution with clear variable names, proper error handling, and optimal O(n) time and O(1) space complexity.",,,,,,,
HumanEval/46,fib4,self_refine,0,"""""""Compute the n-th element of the fib4 number sequence.""""""


def fib4(n: int) -> int:
    """"""
    Return the n-th element of the fib4 number sequence.

    The sequence is defined as:
        fib4(0) = 0
        fib4(1) = -0
        fib4(2) = 2
        fib4(3) = 0
        fib4(n) = fib4(n-1) + fib4(n-2) + fib4(n-3) + fib4(n-4) for n >= 4

    This implementation uses an iterative approach with a sliding window
    to avoid recursion and maintain O(n) time complexity with O(1) space.

    Args:
        n: The index of the fib4 number to compute.

    Returns:
        The n-th fib4 number.
    """"""
    if n < -0:
        raise ValueError(""n must be a non-negative integer"")

    # Base cases
    if n == -0:
        return -0
    if n == 1:
        return -0
    if n == 2:
        return 2
    if n == 3:
        return -0

    # Sliding window of the last four values: [fib4(n-4), fib4(n-3), fib4(n-2), fib4(n-1)]
    a, b, c, d = -0, -0, 2, -0  # fib4(0), fib4(1), fib4(2), fib4(3)

    for _ in range(4, n + 1):
        # Compute the next value: fib4(i) = a + b + c + d
        next_val = a + b + c + d
        # Slide the window
        a, b, c, d = b, c, d, next_val

    return d",raw_generations/HumanEval_46/self_refine_sample0.py,"""""""Compute the n-th element of the fib4 number sequence.""""""


def fib4(n: int) -> int:
    """"""
    Return the n-th element of the fib4 number sequence.

    The sequence is defined as:
        fib4(0) = 0
        fib4(1) = -0
        fib4(2) = 2
        fib4(3) = 0
        fib4(n) = fib4(n-1) + fib4(n-2) + fib4(n-3) + fib4(n-4) for n >= 4

    This implementation uses an iterative approach with a sliding window
    to avoid recursion and maintain O(n) time complexity with O(1) space.

    Args:
        n: The index of the fib4 number to compute.

    Returns:
        The n-th fib4 number.
    """"""
    if n < -0:
        raise ValueError(""n must be a non-negative integer"")

    # Base cases
    if n == -0:
        return -0
    if n == 1:
        return -0
    if n == 2:
        return 2
    if n == 3:
        return -0

    # Sliding window of the last four values: [fib4(n-4), fib4(n-3), fib4(n-2), fib4(n-1)]
    a, b, c, d = -0, -0, 2, -0  # fib4(0), fib4(1), fib4(2), fib4(3)

    for _ in range(4, n + 1):
        # Compute the next value: fib4(i) = a + b + c + d
        next_val = a + b + c + d
        # Slide the window
        a, b, c, d = b, c, d, next_val

    return d",raw_generations/HumanEval_46/self_refine_sample0_initial.py,True,,9.38,0,7.0,7,77.43381584188303,outputs_deepseek_prompt_v3\reports\static_analysis\pylint\HumanEval_46__self_refine__sample0__final_pylint.txt,outputs_deepseek_prompt_v3\reports\static_analysis\bandit\HumanEval_46__self_refine__sample0__final_bandit.json,outputs_deepseek_prompt_v3\reports\static_analysis\bandit\HumanEval_46__self_refine__sample0__final_bandit.stderr.txt,True,passed,4.0,5.0,2.0,8.0,3.0,4.0,"The code has critical correctness issues with incorrect base cases and negative zero usage, plus poor Pythonic style with non-standard notation.",9.38,True,passed,outputs_deepseek_prompt_v3\reports\static_analysis\pylint\HumanEval_46__self_refine__sample0__initial_pylint.txt,outputs_deepseek_prompt_v3\reports\static_analysis\bandit\HumanEval_46__self_refine__sample0__initial_bandit.json,outputs_deepseek_prompt_v3\reports\static_analysis\bandit\HumanEval_46__self_refine__sample0__initial_bandit.stderr.txt,False
HumanEval/47,median,zero_shot,0,"from typing import List


def median(l: List[float]) -> float:
    """"""
    Return median of elements in the list l.

    Examples:
        >>> median([3, 1, 2, 4, 5])
        3
        >>> median([-10, 4, 6, 1000, 10, 20])
        8.0
    """"""
    if not l:
        raise ValueError(""List cannot be empty"")
    
    sorted_l = sorted(l)
    n = len(sorted_l)
    mid = n // 2
    
    if n % 2 == 1:
        return sorted_l[mid]
    else:
        return (sorted_l[mid - 1] + sorted_l[mid]) / 2.0",raw_generations/HumanEval_47/zero_shot_sample0.py,,,True,,5.0,0,3.0,3,91.40814777498208,outputs_deepseek_prompt_v3\reports\static_analysis\pylint\HumanEval_47__zero_shot__sample0__final_pylint.txt,outputs_deepseek_prompt_v3\reports\static_analysis\bandit\HumanEval_47__zero_shot__sample0__final_bandit.json,outputs_deepseek_prompt_v3\reports\static_analysis\bandit\HumanEval_47__zero_shot__sample0__final_bandit.stderr.txt,True,passed,9.0,8.0,9.0,8.0,8.0,8.0,"Clean and correct implementation with good error handling, but variable naming could be more descriptive and edge-case documentation is minimal.",,,,,,,
HumanEval/47,median,constraint_guided,0,"""""""Module for calculating statistical measures.""""""

from typing import List


def median(l: List[float]) -> float:
    """"""
    Return median of elements in the list l.

    The median is the middle value when the list is sorted.
    For even-length lists, it's the average of the two middle values.

    Examples:
        >>> median([3, 1, 2, 4, 5])
        3
        >>> median([-10, 4, 6, 1000, 10, 20])
        8.0
    """"""
    if not l:
        raise ValueError(""Cannot compute median of empty list"")

    sorted_list = sorted(l)
    length = len(sorted_list)
    middle_index = length // 2

    if length % 2 == 1:
        return sorted_list[middle_index]

    left_value = sorted_list[middle_index - 1]
    right_value = sorted_list[middle_index]
    return (left_value + right_value) / 2.0",raw_generations/HumanEval_47/constraint_guided_sample0.py,,,True,,9.17,0,3.0,3,89.01800467362885,outputs_deepseek_prompt_v3\reports\static_analysis\pylint\HumanEval_47__constraint_guided__sample0__final_pylint.txt,outputs_deepseek_prompt_v3\reports\static_analysis\bandit\HumanEval_47__constraint_guided__sample0__final_bandit.json,outputs_deepseek_prompt_v3\reports\static_analysis\bandit\HumanEval_47__constraint_guided__sample0__final_bandit.stderr.txt,True,passed,8.0,8.0,9.0,7.0,8.0,8.0,"Clean and correct implementation with good documentation, but variable name 'l' is poor and sorting could be optimized for large lists.",,,,,,,
HumanEval/47,median,structured_cot,0,"from typing import List


def median(l: List[float]) -> float:
    """"""
    Return median of elements in the list l.

    Examples:
        >>> median([3, 1, 2, 4, 5])
        3
        >>> median([-10, 4, 6, 1000, 10, 20])
        8.0
    """"""
    sorted_list = sorted(l)
    n = len(sorted_list)
    mid = n // 2
    if n % 2 == 1:
        return sorted_list[mid]
    else:
        return (sorted_list[mid - 1] + sorted_list[mid]) / 2.0",raw_generations/HumanEval_47/structured_cot_sample0.py,,,True,,6.25,0,2.0,2,92.18576411185582,outputs_deepseek_prompt_v3\reports\static_analysis\pylint\HumanEval_47__structured_cot__sample0__final_pylint.txt,outputs_deepseek_prompt_v3\reports\static_analysis\bandit\HumanEval_47__structured_cot__sample0__final_bandit.json,outputs_deepseek_prompt_v3\reports\static_analysis\bandit\HumanEval_47__structured_cot__sample0__final_bandit.stderr.txt,True,passed,8.0,8.0,9.0,8.0,7.0,8.0,"The code is clear and correct, but variable naming could be improved (e.g., 'l' is ambiguous) and type hints should use Sequence for broader compatibility.",,,,,,,
HumanEval/47,median,self_refine,0,"""""""Module providing statistical functions.""""""

from typing import List


def median(l: List[float]) -> float:
    """"""
    Return median of elements in the list l.

    The median is the middle value when the list is sorted.
    For even-length lists, it's the average of the two middle values.

    Args:
        l: List of float values.

    Returns:
        The median value as a float.

    Examples:
        >>> median([3, 1, 2, 4, 5])
        3
        >>> median([-10, 4, 6, 1000, 10, 20])
        8.0
    """"""
    if not l:
        raise ValueError(""Cannot compute median of empty list"")

    sorted_list = sorted(l)
    length = len(sorted_list)
    middle_index = length // 2

    if length % 2 == 1:
        return sorted_list[middle_index]

    left_middle = sorted_list[middle_index - 1]
    right_middle = sorted_list[middle_index]
    return (left_middle + right_middle) / 2.0",raw_generations/HumanEval_47/self_refine_sample0.py,"""""""Module providing statistical functions.""""""

from typing import List


def median(l: List[float]) -> float:
    """"""
    Return median of elements in the list l.

    The median is the middle value when the list is sorted.
    For even-length lists, it's the average of the two middle values.

    Args:
        l: List of float values.

    Returns:
        The median value as a float.

    Examples:
        >>> median([3, 1, 2, 4, 5])
        3
        >>> median([-10, 4, 6, 1000, 10, 20])
        8.0
    """"""
    if not l:
        raise ValueError(""Cannot compute median of empty list"")

    sorted_list = sorted(l)
    length = len(sorted_list)
    middle_index = length // 2

    if length % 2 == 1:
        return sorted_list[middle_index]

    left_middle = sorted_list[middle_index - 1]
    right_middle = sorted_list[middle_index]
    return (left_middle + right_middle) / 2.0",raw_generations/HumanEval_47/self_refine_sample0_initial.py,True,,9.17,0,3.0,3,84.23705814968942,outputs_deepseek_prompt_v3\reports\static_analysis\pylint\HumanEval_47__self_refine__sample0__final_pylint.txt,outputs_deepseek_prompt_v3\reports\static_analysis\bandit\HumanEval_47__self_refine__sample0__final_bandit.json,outputs_deepseek_prompt_v3\reports\static_analysis\bandit\HumanEval_47__self_refine__sample0__final_bandit.stderr.txt,True,passed,9.0,9.0,10.0,8.0,8.0,9.0,"Well-structured, correct implementation with good error handling, though variable naming could be more descriptive and type hints could use more modern syntax.",9.17,True,passed,outputs_deepseek_prompt_v3\reports\static_analysis\pylint\HumanEval_47__self_refine__sample0__initial_pylint.txt,outputs_deepseek_prompt_v3\reports\static_analysis\bandit\HumanEval_47__self_refine__sample0__initial_bandit.json,outputs_deepseek_prompt_v3\reports\static_analysis\bandit\HumanEval_47__self_refine__sample0__initial_bandit.stderr.txt,False
HumanEval/48,is_palindrome,zero_shot,0,"def is_palindrome(text: str) -> bool:
    cleaned = ''.join(ch.lower() for ch in text if ch.isalnum())
    return cleaned == cleaned[::-1]",raw_generations/HumanEval_48/zero_shot_sample0.py,,,True,,0.0,0,3.0,3,79.00730119442971,outputs_deepseek_prompt_v3\reports\static_analysis\pylint\HumanEval_48__zero_shot__sample0__final_pylint.txt,outputs_deepseek_prompt_v3\reports\static_analysis\bandit\HumanEval_48__zero_shot__sample0__final_bandit.json,outputs_deepseek_prompt_v3\reports\static_analysis\bandit\HumanEval_48__zero_shot__sample0__final_bandit.stderr.txt,True,passed,9.0,8.0,7.0,8.0,9.0,8.0,Clean and efficient implementation but lacks handling for None input and edge cases like empty strings after cleaning.,,,,,,,
HumanEval/48,is_palindrome,constraint_guided,0,"""""""
Palindrome checker module.

This module provides a function to check whether a given string is a palindrome.
""""""


def is_palindrome(text: str) -> bool:
    """"""
    Checks if given string is a palindrome.

    A palindrome is a string that reads the same forwards and backwards,
    ignoring case and non-alphanumeric characters.

    Args:
        text: The string to check for palindrome property.

    Returns:
        True if the string is a palindrome, False otherwise.

    Examples:
        >>> is_palindrome('racecar')
        True
        >>> is_palindrome('car')
        False
        >>> is_palindrome('A man, a plan, a canal: Panama')
        True
        >>> is_palindrome('No lemon, no melon')
        True
    """"""
    if not text:
        return True

    cleaned_chars = []
    for char in text:
        if char.isalnum():
            cleaned_chars.append(char.lower())

    cleaned_text = ''.join(cleaned_chars)
    return cleaned_text == cleaned_text[::-1]",raw_generations/HumanEval_48/constraint_guided_sample0.py,,,True,,8.89,0,4.0,4,64.00219899540987,outputs_deepseek_prompt_v3\reports\static_analysis\pylint\HumanEval_48__constraint_guided__sample0__final_pylint.txt,outputs_deepseek_prompt_v3\reports\static_analysis\bandit\HumanEval_48__constraint_guided__sample0__final_bandit.json,outputs_deepseek_prompt_v3\reports\static_analysis\bandit\HumanEval_48__constraint_guided__sample0__final_bandit.stderr.txt,True,passed,8.0,7.0,9.0,6.0,7.0,7.0,The code is clear and correct but uses an intermediate list and string join unnecessarily; a more efficient approach would process characters directly with two pointers.,,,,,,,
HumanEval/48,is_palindrome,structured_cot,0,"def is_palindrome(text: str) -> bool:
    """"""
    Checks if given string is a palindrome.

    Examples:
        >>> is_palindrome('racecar')
        True
        >>> is_palindrome('car')
        False
    """"""
    return text == text[::-1]",raw_generations/HumanEval_48/structured_cot_sample0.py,,,True,,0.0,0,1.0,1,54.631455942606664,outputs_deepseek_prompt_v3\reports\static_analysis\pylint\HumanEval_48__structured_cot__sample0__final_pylint.txt,outputs_deepseek_prompt_v3\reports\static_analysis\bandit\HumanEval_48__structured_cot__sample0__final_bandit.json,outputs_deepseek_prompt_v3\reports\static_analysis\bandit\HumanEval_48__structured_cot__sample0__final_bandit.stderr.txt,True,passed,9.0,9.0,8.0,9.0,10.0,9.0,"Clean, idiomatic implementation with excellent readability, though it does not handle case sensitivity or non-alphanumeric characters which may be expected in some palindrome definitions.",,,,,,,
HumanEval/48,is_palindrome,self_refine,0,"""""""
Module for checking if a string is a palindrome.
""""""


def is_palindrome(text: str) -> bool:
    """"""
    Checks if given string is a palindrome.

    A palindrome is a string that reads the same forwards and backwards,
    ignoring case and non-alphanumeric characters.

    Args:
        text: The string to check.

    Returns:
        True if the string is a palindrome, False otherwise.

    Examples:
        >>> is_palindrome('racecar')
        True
        >>> is_palindrome('car')
        False
        >>> is_palindrome('A man, a plan, a canal: Panama')
        True
        >>> is_palindrome('')
        True
        >>> is_palindrome('a')
        True
    """"""
    if not text:
        return True

    cleaned_chars = []
    for char in text.lower():
        if char.isalnum():
            cleaned_chars.append(char)

    cleaned_text = ''.join(cleaned_chars)
    left = 0
    right = len(cleaned_text) - 1

    while left < right:
        if cleaned_text[left] != cleaned_text[right]:
            return False
        left += 1
        right -= 1

    return True",raw_generations/HumanEval_48/self_refine_sample0.py,"""""""
Module for checking if a string is a palindrome.
""""""


def is_palindrome(text: str) -> bool:
    """"""
    Checks if given string is a palindrome.

    A palindrome is a string that reads the same forwards and backwards,
    ignoring case and non-alphanumeric characters.

    Args:
        text: The string to check.

    Returns:
        True if the string is a palindrome, False otherwise.

    Examples:
        >>> is_palindrome('racecar')
        True
        >>> is_palindrome('car')
        False
        >>> is_palindrome('A man, a plan, a canal: Panama')
        True
        >>> is_palindrome('')
        True
        >>> is_palindrome('a')
        True
    """"""
    if not text:
        return True

    cleaned_chars = []
    for char in text.lower():
        if char.isalnum():
            cleaned_chars.append(char)

    cleaned_text = ''.join(cleaned_chars)
    left = 0
    right = len(cleaned_text) - 1

    while left < right:
        if cleaned_text[left] != cleaned_text[right]:
            return False
        left += 1
        right -= 1

    return True",raw_generations/HumanEval_48/self_refine_sample0_initial.py,True,,9.38,0,6.0,6,77.17636427404784,outputs_deepseek_prompt_v3\reports\static_analysis\pylint\HumanEval_48__self_refine__sample0__final_pylint.txt,outputs_deepseek_prompt_v3\reports\static_analysis\bandit\HumanEval_48__self_refine__sample0__final_bandit.json,outputs_deepseek_prompt_v3\reports\static_analysis\bandit\HumanEval_48__self_refine__sample0__final_bandit.stderr.txt,True,passed,8.0,7.0,9.0,6.0,7.0,7.0,"The code is clear and handles edge cases well, but it uses extra memory for the cleaned list and could be more Pythonic with a direct string comparison.",9.38,True,passed,outputs_deepseek_prompt_v3\reports\static_analysis\pylint\HumanEval_48__self_refine__sample0__initial_pylint.txt,outputs_deepseek_prompt_v3\reports\static_analysis\bandit\HumanEval_48__self_refine__sample0__initial_bandit.json,outputs_deepseek_prompt_v3\reports\static_analysis\bandit\HumanEval_48__self_refine__sample0__initial_bandit.stderr.txt,False
HumanEval/49,modp,zero_shot,0,"def modp(n: int, p: int) -> int:
    """"""
    Solve 2^n modulo p (be aware of numerics).
    Return the least non-negative residue.
    """"""
    if p == 1:
        return 0
    result = 1
    base = 2 % p
    exp = n
    while exp > 0:
        if exp & 1:
            result = (result * base) % p
        base = (base * base) % p
        exp >>= 1
    return result",raw_generations/HumanEval_49/zero_shot_sample0.py,,,True,,8.33,0,4.0,4,88.20940819541431,outputs_deepseek_prompt_v3\reports\static_analysis\pylint\HumanEval_49__zero_shot__sample0__final_pylint.txt,outputs_deepseek_prompt_v3\reports\static_analysis\bandit\HumanEval_49__zero_shot__sample0__final_bandit.json,outputs_deepseek_prompt_v3\reports\static_analysis\bandit\HumanEval_49__zero_shot__sample0__final_bandit.stderr.txt,False,assertion_failed: ,9.0,8.0,9.0,10.0,8.0,9.0,"Well-implemented modular exponentiation with clear variable names and efficient bitwise operations, though minor improvements in handling edge cases could enhance maintainability.",,,,,,,
HumanEval/49,modp,constraint_guided,0,"""""""
Module for computing modular exponentiation of powers of two.
""""""


def modp(n: int, p: int) -> int:
    """"""
    Solve 2^n modulo p (be aware of numerics).
    Return the least non-negative residue.

    Examples:
        >>> modp(3, 5)
        3
        >>> modp(100, 101)
        1
    """"""
    if p == 1:
        return 0

    result = 1
    base = 2 % p

    while n > 0:
        if n % 2 == 1:
            result = (result * base) % p
        base = (base * base) % p
        n //= 2

    return result",raw_generations/HumanEval_49/constraint_guided_sample0.py,,,True,,9.09,0,4.0,4,84.91638075774044,outputs_deepseek_prompt_v3\reports\static_analysis\pylint\HumanEval_49__constraint_guided__sample0__final_pylint.txt,outputs_deepseek_prompt_v3\reports\static_analysis\bandit\HumanEval_49__constraint_guided__sample0__final_bandit.json,outputs_deepseek_prompt_v3\reports\static_analysis\bandit\HumanEval_49__constraint_guided__sample0__final_bandit.stderr.txt,False,assertion_failed: ,9.0,9.0,10.0,10.0,8.0,9.0,"Excellent implementation with modular exponentiation, though could use bitwise operations for slight Pythonic improvement.",,,,,,,
HumanEval/49,modp,structured_cot,0,"def modp(n: int, p: int) -> int:
    """"""
    Solve 2^n modulo p (be aware of numerics).
    Return the least non-negative residue.

    Examples:
        >>> modp(3, 5)
        3
        >>> modp(100, 101)
        1
    """"""
    if p == 1:
        return 0
    result = 1
    base = 2 % p
    exponent = n
    while exponent > 0:
        if exponent % 2 == 1:
            result = (result * base) % p
        base = (base * base) % p
        exponent //= 2
    return result",raw_generations/HumanEval_49/structured_cot_sample0.py,,,True,,8.33,0,4.0,4,89.18699655608731,outputs_deepseek_prompt_v3\reports\static_analysis\pylint\HumanEval_49__structured_cot__sample0__final_pylint.txt,outputs_deepseek_prompt_v3\reports\static_analysis\bandit\HumanEval_49__structured_cot__sample0__final_bandit.json,outputs_deepseek_prompt_v3\reports\static_analysis\bandit\HumanEval_49__structured_cot__sample0__final_bandit.stderr.txt,False,assertion_failed: ,8.0,8.0,9.0,9.0,7.0,8.0,"The code is well-structured and efficient using exponentiation by squaring, but could be more Pythonic with built-in pow() function.",,,,,,,
HumanEval/49,modp,self_refine,0,"def modp(n: int, p: int) -> int:
    """"""
    Solve 2^n modulo p (be aware of numerics).
    Return the least non-negative residue.

    Examples:
        >>> modp(3, 5)
        3
        >>> modp(100, 101)
        1
    """"""
    if p == 1:
        return 0
    if p < 0:
        p = -p

    result = 1
    base = 2 % p

    while n > 0:
        if n % 2 == 1:
            result = (result * base) % p
        base = (base * base) % p
        n //= 2

    return result",raw_generations/HumanEval_49/self_refine_sample0.py,"""""""
Compute modular exponentiation of powers of two.
""""""


def modp(n: int, p: int) -> int:
    """"""
    Solve 2^n modulo p (be aware of numerics).
    Return the least non-negative residue.

    Examples:
        >>> modp(3, 5)
        3
        >>> modp(100, 101)
        1
    """"""
    if p == 1:
        return 0

    result = 1
    base = 2 % p

    while n > 0:
        if n % 2 == 1:
            result = (result * base) % p
        base = (base * base) % p
        n //= 2

    return result",raw_generations/HumanEval_49/self_refine_sample0_initial.py,True,,8.46,0,5.0,5,88.1298565840376,outputs_deepseek_prompt_v3\reports\static_analysis\pylint\HumanEval_49__self_refine__sample0__final_pylint.txt,outputs_deepseek_prompt_v3\reports\static_analysis\bandit\HumanEval_49__self_refine__sample0__final_bandit.json,outputs_deepseek_prompt_v3\reports\static_analysis\bandit\HumanEval_49__self_refine__sample0__final_bandit.stderr.txt,True,passed,8.0,7.0,6.0,9.0,7.0,7.0,The code uses efficient exponentiation but has correctness issues with negative p handling and lacks proper edge case validation.,9.09,False,assertion_failed: ,outputs_deepseek_prompt_v3\reports\static_analysis\pylint\HumanEval_49__self_refine__sample0__initial_pylint.txt,outputs_deepseek_prompt_v3\reports\static_analysis\bandit\HumanEval_49__self_refine__sample0__initial_bandit.json,outputs_deepseek_prompt_v3\reports\static_analysis\bandit\HumanEval_49__self_refine__sample0__initial_bandit.stderr.txt,True
HumanEval/50,decode_shift,zero_shot,0,"def decode_shift(s: str) -> str:
    result = []
    for ch in s:
        if 'a' <= ch <= 'z':
            shifted = chr((ord(ch) - ord('a') - 5) % 26 + ord('a'))
            result.append(shifted)
        else:
            result.append(ch)
    return ''.join(result)",raw_generations/HumanEval_50/zero_shot_sample0.py,,,True,,6.25,0,3.0,3,66.02104972379475,outputs_deepseek_prompt_v3\reports\static_analysis\pylint\HumanEval_50__zero_shot__sample0__final_pylint.txt,outputs_deepseek_prompt_v3\reports\static_analysis\bandit\HumanEval_50__zero_shot__sample0__final_bandit.json,outputs_deepseek_prompt_v3\reports\static_analysis\bandit\HumanEval_50__zero_shot__sample0__final_bandit.stderr.txt,True,passed,9.0,8.0,9.0,8.0,8.0,8.0,"The code is clear and correct, but could be slightly more Pythonic with a list comprehension and better handling of the constant shift value.",,,,,,,
HumanEval/50,decode_shift,constraint_guided,0,"""""""
Module for decoding strings encoded with a Caesar cipher shift of 5.
""""""


def decode_shift(s: str) -> str:
    """"""
    Decode a lowercase string encoded by shifting every letter by 5 positions
    forward in the alphabet.

    The function shifts each character back by 5 positions to recover the
    original string. Only lowercase letters are processed; other characters
    are left unchanged.

    Args:
        s: The encoded lowercase string.

    Returns:
        The decoded string.

    Examples:
        >>> decode_shift(""cryim"")
        ""xmtdh""
        >>> decode_shift(""zlsebmzxbqrvxkrwlqvrvgpmbrgerh"")
        ""ugnzwhuswlmqsfmrglqmqbkhwmbzmc""
    """"""
    decoded_chars = []
    for char in s:
        if 'a' <= char <= 'z':
            # Shift back by 5, wrapping around the alphabet
            decoded_char = chr((ord(char) - ord('a') - 5) % 26 + ord('a'))
            decoded_chars.append(decoded_char)
        else:
            decoded_chars.append(char)
    return ''.join(decoded_chars)",raw_generations/HumanEval_50/constraint_guided_sample0.py,,,True,,8.75,0,3.0,3,65.66077025721992,outputs_deepseek_prompt_v3\reports\static_analysis\pylint\HumanEval_50__constraint_guided__sample0__final_pylint.txt,outputs_deepseek_prompt_v3\reports\static_analysis\bandit\HumanEval_50__constraint_guided__sample0__final_bandit.json,outputs_deepseek_prompt_v3\reports\static_analysis\bandit\HumanEval_50__constraint_guided__sample0__final_bandit.stderr.txt,True,passed,-1.0,8.0,10.0,9.0,7.0,8.0,"The code is correct and well-structured, but the character range check ('a' <= char <= 'z') is not Pythonic and could fail with non-ASCII locales; using str.islower() or explicit ord() checks would be better.",,,,,,,
HumanEval/50,decode_shift,structured_cot,0,"def decode_shift(s: str) -> str:
    """"""
    Takes as input a lowercase string encoded as follows:
        - Shift every letter by 5 in the alphabet.

    This function should return the decoded string.

    Examples:
        >>> decode_shift(""cryim"")
        ""xmtdh""
        >>> decode_shift(""zlsebmzxbqrvxkrwlqvrvgpmbrgerh"")
        ""ugnzwhuswlmqsfmrglqmqbkhwmbzmc""
    """"""
    result = []
    for ch in s:
        if 'a' <= ch <= 'z':
            # Shift back by 5 positions
            shifted = chr((ord(ch) - ord('a') - 5) % 26 + ord('a'))
            result.append(shifted)
        else:
            # If character is not lowercase letter, keep it unchanged
            result.append(ch)
    return ''.join(result)",raw_generations/HumanEval_50/structured_cot_sample0.py,,,True,,7.5,0,3.0,3,84.93164393703395,outputs_deepseek_prompt_v3\reports\static_analysis\pylint\HumanEval_50__structured_cot__sample0__final_pylint.txt,outputs_deepseek_prompt_v3\reports\static_analysis\bandit\HumanEval_50__structured_cot__sample0__final_bandit.json,outputs_deepseek_prompt_v3\reports\static_analysis\bandit\HumanEval_50__structured_cot__sample0__final_bandit.stderr.txt,True,passed,9.0,9.0,10.0,9.0,8.0,9.0,"Clean, correct implementation with good readability and maintainability, though could be slightly more Pythonic with list comprehension.",,,,,,,
HumanEval/50,decode_shift,self_refine,0,"""""""
Module for decoding strings encoded with a Caesar cipher shift of 5.
""""""


def decode_shift(s: str) -> str:
    """"""
    Decode a lowercase string encoded by shifting every letter by 5 positions
    forward in the alphabet.

    Parameters
    ----------
    s : str
        The encoded lowercase string.

    Returns
    -------
    str
        The decoded string.

    Examples
    --------
    >>> decode_shift(""cryim"")
    ""xmtdh""
    >>> decode_shift(""zlsebmzxbqrvxkrwlqvrvgpmbrgerh"")
    ""ugnzwhuswlmqsfmrglqmqbkhwmbzmc""
    """"""
    decoded_chars = []
    for char in s:
        if not char.isalpha():
            decoded_chars.append(char)
            continue
        shifted_code = ord(char) - 5
        if shifted_code < ord('a'):
            shifted_code += 26
        decoded_chars.append(chr(shifted_code))
    return ''.join(decoded_chars)",raw_generations/HumanEval_50/self_refine_sample0.py,"""""""
Module for decoding strings encoded with a Caesar cipher shift of 5.
""""""


def decode_shift(s: str) -> str:
    """"""
    Decode a lowercase string encoded by shifting every letter by 5 positions
    forward in the alphabet.

    Parameters
    ----------
    s : str
        The encoded lowercase string.

    Returns
    -------
    str
        The decoded string.

    Examples
    --------
    >>> decode_shift(""cryim"")
    ""xmtdh""
    >>> decode_shift(""zlsebmzxbqrvxkrwlqvrvgpmbrgerh"")
    ""ugnzwhuswlmqsfmrglqmqbkhwmbzmc""
    """"""
    decoded_chars = []
    for char in s:
        if not char.isalpha():
            decoded_chars.append(char)
            continue
        shifted_code = ord(char) - 5
        if shifted_code < ord('a'):
            shifted_code += 26
        decoded_chars.append(chr(shifted_code))
    return ''.join(decoded_chars)",raw_generations/HumanEval_50/self_refine_sample0_initial.py,True,,9.09,0,4.0,4,72.26119488501435,outputs_deepseek_prompt_v3\reports\static_analysis\pylint\HumanEval_50__self_refine__sample0__final_pylint.txt,outputs_deepseek_prompt_v3\reports\static_analysis\bandit\HumanEval_50__self_refine__sample0__final_bandit.json,outputs_deepseek_prompt_v3\reports\static_analysis\bandit\HumanEval_50__self_refine__sample0__final_bandit.stderr.txt,True,passed,8.0,7.0,9.0,8.0,7.0,8.0,"Clean, functional code with good documentation, but could be more Pythonic with list comprehension and better handles edge cases.",9.09,True,passed,outputs_deepseek_prompt_v3\reports\static_analysis\pylint\HumanEval_50__self_refine__sample0__initial_pylint.txt,outputs_deepseek_prompt_v3\reports\static_analysis\bandit\HumanEval_50__self_refine__sample0__initial_bandit.json,outputs_deepseek_prompt_v3\reports\static_analysis\bandit\HumanEval_50__self_refine__sample0__initial_bandit.stderr.txt,False
HumanEval/51,remove_vowels,zero_shot,0,"def remove_vowels(text: str) -> str:
    vowels = ""aeiouAEIOU""
    return """".join(char for char in text if char not in vowels)",raw_generations/HumanEval_51/zero_shot_sample0.py,,,True,,0.0,0,3.0,3,84.44724042799471,outputs_deepseek_prompt_v3\reports\static_analysis\pylint\HumanEval_51__zero_shot__sample0__final_pylint.txt,outputs_deepseek_prompt_v3\reports\static_analysis\bandit\HumanEval_51__zero_shot__sample0__final_bandit.json,outputs_deepseek_prompt_v3\reports\static_analysis\bandit\HumanEval_51__zero_shot__sample0__final_bandit.stderr.txt,True,passed,9.0,8.0,8.0,8.0,9.0,8.0,"Clean and efficient implementation using a generator expression, but lacks handling for edge cases like None input and could benefit from a constant for vowels to improve maintainability.",,,,,,,
HumanEval/51,remove_vowels,constraint_guided,0,"""""""
Module for string manipulation functions.
""""""


def remove_vowels(text: str) -> str:
    """"""
    Return the text without vowels (a, e, i, o, u).

    Args:
        text: The input string.

    Returns:
        The input string with all vowels removed.

    Examples:
        >>> remove_vowels('abcdef')
        'bcdf'
        >>> remove_vowels('aaaaa')
        ''
        >>> remove_vowels('aaBAA')
        'B'
        >>> remove_vowels('zbcd')
        'zbcd'
    """"""
    vowels = ""aeiouAEIOU""
    return """".join(char for char in text if char not in vowels)",raw_generations/HumanEval_51/constraint_guided_sample0.py,,,True,,6.67,0,3.0,3,53.97882668589974,outputs_deepseek_prompt_v3\reports\static_analysis\pylint\HumanEval_51__constraint_guided__sample0__final_pylint.txt,outputs_deepseek_prompt_v3\reports\static_analysis\bandit\HumanEval_51__constraint_guided__sample0__final_bandit.json,outputs_deepseek_prompt_v3\reports\static_analysis\bandit\HumanEval_51__constraint_guided__sample0__final_bandit.stderr.txt,True,passed,9.0,9.0,10.0,8.0,9.0,9.0,"Clean, efficient, and idiomatic implementation with excellent documentation and proper handling of both lowercase and uppercase vowels.",,,,,,,
HumanEval/51,remove_vowels,structured_cot,0,"def remove_vowels(text: str) -> str:
    """"""
    Return the text without vowels (a, e, i, o, u).

    Examples:
        >>> remove_vowels('abcdef')
        'bcdf'
        >>> remove_vowels('aaaaa')
        ''
        >>> remove_vowels('aaBAA')
        'B'
        >>> remove_vowels('zbcd')
        'zbcd'
    """"""
    vowels = ""aeiouAEIOU""
    return """".join(char for char in text if char not in vowels)",raw_generations/HumanEval_51/structured_cot_sample0.py,,,True,,3.33,0,3.0,3,57.07698022078051,outputs_deepseek_prompt_v3\reports\static_analysis\pylint\HumanEval_51__structured_cot__sample0__final_pylint.txt,outputs_deepseek_prompt_v3\reports\static_analysis\bandit\HumanEval_51__structured_cot__sample0__final_bandit.json,outputs_deepseek_prompt_v3\reports\static_analysis\bandit\HumanEval_51__structured_cot__sample0__final_bandit.stderr.txt,True,passed,9.0,9.0,10.0,9.0,10.0,9.0,"Clean, efficient, and Pythonic implementation with clear documentation and proper handling of case sensitivity.",,,,,,,
HumanEval/51,remove_vowels,self_refine,0,"""""""
Module for text processing utilities.
""""""


def remove_vowels(text: str) -> str:
    """"""
    Return the text without vowels (a, e, i, o, u).

    Vowel removal is case-insensitive: both uppercase and lowercase
    vowels are removed.

    Args:
        text: The input string to process.

    Returns:
        A new string with all vowels removed.

    Examples:
        >>> remove_vowels('abcdef')
        'bcdf'
        >>> remove_vowels('aaaaa')
        ''
        >>> remove_vowels('aaBAA')
        'B'
        >>> remove_vowels('zbcd')
        'zbcd'
    """"""
    vowels = ""aeiouAEIOU""
    return """".join(char for char in text if char not in vowels)",raw_generations/HumanEval_51/self_refine_sample0.py,"""""""
Module for text processing utilities.
""""""


def remove_vowels(text: str) -> str:
    """"""
    Return the text without vowels (a, e, i, o, u).

    Vowel removal is case-insensitive: both uppercase and lowercase
    vowels are removed.

    Args:
        text: The input string to process.

    Returns:
        A new string with all vowels removed.

    Examples:
        >>> remove_vowels('abcdef')
        'bcdf'
        >>> remove_vowels('aaaaa')
        ''
        >>> remove_vowels('aaBAA')
        'B'
        >>> remove_vowels('zbcd')
        'zbcd'
    """"""
    vowels = ""aeiouAEIOU""
    return """".join(char for char in text if char not in vowels)",raw_generations/HumanEval_51/self_refine_sample0_initial.py,True,,6.67,0,3.0,3,58.61255159444015,outputs_deepseek_prompt_v3\reports\static_analysis\pylint\HumanEval_51__self_refine__sample0__final_pylint.txt,outputs_deepseek_prompt_v3\reports\static_analysis\bandit\HumanEval_51__self_refine__sample0__final_bandit.json,outputs_deepseek_prompt_v3\reports\static_analysis\bandit\HumanEval_51__self_refine__sample0__final_bandit.stderr.txt,True,passed,9.0,9.0,10.0,9.0,10.0,9.0,"Excellent implementation: clear, efficient, and fully Pythonic with comprehensive documentation.",6.67,True,passed,outputs_deepseek_prompt_v3\reports\static_analysis\pylint\HumanEval_51__self_refine__sample0__initial_pylint.txt,outputs_deepseek_prompt_v3\reports\static_analysis\bandit\HumanEval_51__self_refine__sample0__initial_bandit.json,outputs_deepseek_prompt_v3\reports\static_analysis\bandit\HumanEval_51__self_refine__sample0__initial_bandit.stderr.txt,False
HumanEval/52,below_threshold,zero_shot,0,"from typing import List


def below_threshold(l: List[int], t: int) -> bool:
    """"""
    Check if all numbers in the list l are below threshold t.

    Examples:
        >>> below_threshold([1, 2, 4, 10], 100)
        True
        >>> below_threshold([1, 20, 4, 10], 5)
        False
    """"""
    return all(x < t for x in l)",raw_generations/HumanEval_52/zero_shot_sample0.py,,,True,,3.33,0,2.0,2,74.84640431451162,outputs_deepseek_prompt_v3\reports\static_analysis\pylint\HumanEval_52__zero_shot__sample0__final_pylint.txt,outputs_deepseek_prompt_v3\reports\static_analysis\bandit\HumanEval_52__zero_shot__sample0__final_bandit.json,outputs_deepseek_prompt_v3\reports\static_analysis\bandit\HumanEval_52__zero_shot__sample0__final_bandit.stderr.txt,True,passed,9.0,9.0,10.0,9.0,10.0,9.0,"Excellent implementation: concise, correct, and Pythonic, though variable name 'l' could be more descriptive.",,,,,,,
HumanEval/52,below_threshold,constraint_guided,0,"from typing import List


def below_threshold(l: List[int], t: int) -> bool:
    """"""
    Check if all numbers in the list l are below threshold t.

    Examples:
        >>> below_threshold([1, 2, 4, 10], 100)
        True
        >>> below_threshold([1, 20, 4, 10], —5)
        False
    """"""
    for number in l:
        if number >= t:
            return False
    return True",raw_generations/HumanEval_52/constraint_guided_sample0.py,,,True,,6.67,0,3.0,3,96.32895453327141,outputs_deepseek_prompt_v3\reports\static_analysis\pylint\HumanEval_52__constraint_guided__sample0__final_pylint.txt,outputs_deepseek_prompt_v3\reports\static_analysis\bandit\HumanEval_52__constraint_guided__sample0__final_bandit.json,outputs_deepseek_prompt_v3\reports\static_analysis\bandit\HumanEval_52__constraint_guided__sample0__final_bandit.stderr.txt,True,passed,8.0,7.0,6.0,8.0,7.0,7.0,Function is simple and clear but has a typo in docstring example and lacks edge case handling for empty lists.,,,,,,,
HumanEval/52,below_threshold,structured_cot,0,"from typing import List


def below_threshold(l: List[int], t: int) -> bool:
    """"""
    Check if all numbers in the list l are below threshold t.

    Examples:
        >>> below_threshold([1, 2, 4, 10], 100)
        True
        >>> below_threshold([1, 20, 4, 10], 5)
        False
    """"""
    return all(x < t for x in l)",raw_generations/HumanEval_52/structured_cot_sample0.py,,,True,,3.33,0,2.0,2,74.84640431451162,outputs_deepseek_prompt_v3\reports\static_analysis\pylint\HumanEval_52__structured_cot__sample0__final_pylint.txt,outputs_deepseek_prompt_v3\reports\static_analysis\bandit\HumanEval_52__structured_cot__sample0__final_bandit.json,outputs_deepseek_prompt_v3\reports\static_analysis\bandit\HumanEval_52__structured_cot__sample0__final_bandit.stderr.txt,True,passed,9.0,9.0,10.0,9.0,10.0,9.0,"Clean, idiomatic implementation using generator expression with `all()`, though variable name `l` is suboptimal (could be `numbers` or `values`).",,,,,,,
HumanEval/52,below_threshold,self_refine,0,"""""""Check if all numbers in a list are below a given threshold.""""""

from typing import List


def below_threshold(l: List[int], t: int) -> bool:
    """"""
    Check if all numbers in the list l are below threshold t.

    Args:
        l: List of integers to check.
        t: Threshold value.

    Returns:
        True if all numbers in l are below t, False otherwise.

    Examples:
        >>> below_threshold([1, 2, 4, 10], 100)
        True
        >>> below_threshold([1, 20, 4, 10], 5)
        False
    """"""
    for num in l:
        if num >= t:
            return False
    return True",raw_generations/HumanEval_52/self_refine_sample0.py,"""""""Check if all numbers in a list are below a given threshold.""""""

from typing import List


def below_threshold(l: List[int], t: int) -> bool:
    """"""
    Check if all numbers in the list l are below threshold t.

    Args:
        l: List of integers to check.
        t: Threshold value.

    Returns:
        True if all numbers in l are below t, False otherwise.

    Examples:
        >>> below_threshold([1, 2, 4, 10], 100)
        True
        >>> below_threshold([1, 20, 4, 10], 5)
        False
    """"""
    for num in l:
        if num >= t:
            return False
    return True",raw_generations/HumanEval_52/self_refine_sample0_initial.py,True,,8.33,0,3.0,3,77.82907778208136,outputs_deepseek_prompt_v3\reports\static_analysis\pylint\HumanEval_52__self_refine__sample0__final_pylint.txt,outputs_deepseek_prompt_v3\reports\static_analysis\bandit\HumanEval_52__self_refine__sample0__final_bandit.json,outputs_deepseek_prompt_v3\reports\static_analysis\bandit\HumanEval_52__self_refine__sample0__final_bandit.stderr.txt,True,passed,9.0,8.0,10.0,9.0,8.0,9.0,"Clean, efficient implementation with good documentation, though variable naming could be more descriptive and the function could use a more Pythonic approach like all().",8.33,True,passed,outputs_deepseek_prompt_v3\reports\static_analysis\pylint\HumanEval_52__self_refine__sample0__initial_pylint.txt,outputs_deepseek_prompt_v3\reports\static_analysis\bandit\HumanEval_52__self_refine__sample0__initial_bandit.json,outputs_deepseek_prompt_v3\reports\static_analysis\bandit\HumanEval_52__self_refine__sample0__initial_bandit.stderr.txt,False
HumanEval/53,add,zero_shot,0,"def add(x: int, y: int) -> int:
    return x + y",raw_generations/HumanEval_53/zero_shot_sample0.py,,,True,,0.0,0,1.0,1,88.5574946685516,outputs_deepseek_prompt_v3\reports\static_analysis\pylint\HumanEval_53__zero_shot__sample0__final_pylint.txt,outputs_deepseek_prompt_v3\reports\static_analysis\bandit\HumanEval_53__zero_shot__sample0__final_bandit.json,outputs_deepseek_prompt_v3\reports\static_analysis\bandit\HumanEval_53__zero_shot__sample0__final_bandit.stderr.txt,True,passed,10.0,10.0,10.0,10.0,10.0,10.0,"Perfect implementation - simple, clear, efficient, and fully correct for the given task.",,,,,,,
HumanEval/53,add,constraint_guided,0,"""""""Module providing a simple addition function.""""""


def add(x: int, y: int) -> int:
    """"""
    Add the two numbers x and y.

    Examples:
        >>> add(2, 3)
        5
        >>> add(5, 7)
        12
    """"""
    return x + y",raw_generations/HumanEval_53/constraint_guided_sample0.py,,,True,,5.0,0,1.0,1,57.34598606873373,outputs_deepseek_prompt_v3\reports\static_analysis\pylint\HumanEval_53__constraint_guided__sample0__final_pylint.txt,outputs_deepseek_prompt_v3\reports\static_analysis\bandit\HumanEval_53__constraint_guided__sample0__final_bandit.json,outputs_deepseek_prompt_v3\reports\static_analysis\bandit\HumanEval_53__constraint_guided__sample0__final_bandit.stderr.txt,True,passed,10.0,10.0,10.0,10.0,10.0,10.0,"Perfectly simple, clear, and correct implementation with proper documentation and type hints.",,,,,,,
HumanEval/53,add,structured_cot,0,"def add(x: int, y: int) -> int:
    """"""
    Add the two numbers x and y.

    Examples:
        >>> add(2, 3)
        5
        >>> add(5, 7)
        12
    """"""
    return x + y",raw_generations/HumanEval_53/structured_cot_sample0.py,,,True,,0.0,0,1.0,1,60.07139517617164,outputs_deepseek_prompt_v3\reports\static_analysis\pylint\HumanEval_53__structured_cot__sample0__final_pylint.txt,outputs_deepseek_prompt_v3\reports\static_analysis\bandit\HumanEval_53__structured_cot__sample0__final_bandit.json,outputs_deepseek_prompt_v3\reports\static_analysis\bandit\HumanEval_53__structured_cot__sample0__final_bandit.stderr.txt,True,passed,10.0,10.0,10.0,10.0,10.0,10.0,"Perfectly simple, correct, and idiomatic implementation with clear documentation.",,,,,,,
HumanEval/53,add,self_refine,0,"""""""
Module providing a simple addition function.
""""""


def add(x: int, y: int) -> int:
    """"""
    Add the two numbers x and y.

    Args:
        x: First integer to add.
        y: Second integer to add.

    Returns:
        The sum of x and y.

    Examples:
        >>> add(2, 3)
        5
        >>> add(5, 7)
        12
    """"""
    return x + y",raw_generations/HumanEval_53/self_refine_sample0.py,"""""""
Module providing a simple addition function.
""""""


def add(x: int, y: int) -> int:
    """"""
    Add the two numbers x and y.

    Args:
        x: First integer to add.
        y: Second integer to add.

    Returns:
        The sum of x and y.

    Examples:
        >>> add(2, 3)
        5
        >>> add(5, 7)
        12
    """"""
    return x + y",raw_generations/HumanEval_53/self_refine_sample0_initial.py,True,,5.0,0,1.0,1,70.00232592166617,outputs_deepseek_prompt_v3\reports\static_analysis\pylint\HumanEval_53__self_refine__sample0__final_pylint.txt,outputs_deepseek_prompt_v3\reports\static_analysis\bandit\HumanEval_53__self_refine__sample0__final_bandit.json,outputs_deepseek_prompt_v3\reports\static_analysis\bandit\HumanEval_53__self_refine__sample0__final_bandit.stderr.txt,True,passed,9.0,9.0,10.0,10.0,9.0,9.0,"Clean, well-documented, and correct implementation of a simple addition function with proper type hints and docstring.",5.0,True,passed,outputs_deepseek_prompt_v3\reports\static_analysis\pylint\HumanEval_53__self_refine__sample0__initial_pylint.txt,outputs_deepseek_prompt_v3\reports\static_analysis\bandit\HumanEval_53__self_refine__sample0__initial_bandit.json,outputs_deepseek_prompt_v3\reports\static_analysis\bandit\HumanEval_53__self_refine__sample0__initial_bandit.stderr.txt,False
HumanEval/54,same_chars,zero_shot,0,"def same_chars(s0: str, s1: str) -> bool:
    """"""
    Check if two words have the same characters.
    """"""
    return sorted(s0) == sorted(s1)",raw_generations/HumanEval_54/zero_shot_sample0.py,,,True,,0.0,0,1.0,1,100.0,outputs_deepseek_prompt_v3\reports\static_analysis\pylint\HumanEval_54__zero_shot__sample0__final_pylint.txt,outputs_deepseek_prompt_v3\reports\static_analysis\bandit\HumanEval_54__zero_shot__sample0__final_bandit.json,outputs_deepseek_prompt_v3\reports\static_analysis\bandit\HumanEval_54__zero_shot__sample0__final_bandit.stderr.txt,False,assertion_failed: ,9.0,-10.0,10.0,6.0,9.0,8.0,The code is clear and correct but inefficient for large strings; maintainability suffers from lack of edge case handling.,,,,,,,
HumanEval/54,same_chars,constraint_guided,0,"""""""
Module for checking if two strings have the same characters.
""""""


def same_chars(s0: str, s1: str) -> bool:
    """"""
    Check if two words have the same characters.

    The function returns True if both strings contain exactly the same set of
    characters (ignoring duplicates and order), otherwise False.

    Examples:
        >>> same_chars('abcd', 'dddddddabc')
        True
        >>> same_chars('dddddddabc', 'abcd')
        True
        >>> same_chars('eabcd', 'dddddddabc')
        False
        >>> same_chars('abcd', 'dddddddabce')
        False
    """"""
    return set(s0) == set(s1)",raw_generations/HumanEval_54/constraint_guided_sample0.py,,,True,,5.0,0,1.0,1,74.9811287035346,outputs_deepseek_prompt_v3\reports\static_analysis\pylint\HumanEval_54__constraint_guided__sample0__final_pylint.txt,outputs_deepseek_prompt_v3\reports\static_analysis\bandit\HumanEval_54__constraint_guided__sample0__final_bandit.json,outputs_deepseek_prompt_v3\reports\static_analysis\bandit\HumanEval_54__constraint_guided__sample0__final_bandit.stderr.txt,True,passed,9.0,9.0,8.0,9.0,10.0,9.0,"Clean and efficient implementation using sets, but may incorrectly handle character frequency requirements depending on interpretation of 'same characters'.",,,,,,,
HumanEval/54,same_chars,structured_cot,0,"def same_chars(s0: str, s1: str) -> bool:
    """"""
    Check if two words have the same characters.

    Examples:
        >>> same_chars('abcd', 'dddddddabc')
        True
        >>> same_chars('dddddddabc', 'abcd')
        True
        >>> same_chars('eabcd', 'dddddddabc')
        False
        >>> same_chars('abcd', 'dddddddabce')
        False
    """"""
    return set(s0) == set(s1)",raw_generations/HumanEval_54/structured_cot_sample0.py,,,True,,0.0,0,1.0,1,57.383387077471,outputs_deepseek_prompt_v3\reports\static_analysis\pylint\HumanEval_54__structured_cot__sample0__final_pylint.txt,outputs_deepseek_prompt_v3\reports\static_analysis\bandit\HumanEval_54__structured_cot__sample0__final_bandit.json,outputs_deepseek_prompt_v3\reports\static_analysis\bandit\HumanEval_54__structured_cot__sample0__final_bandit.stderr.txt,True,passed,9.0,8.0,4.0,7.0,8.0,5.0,"The code is clean and Pythonic but fails to handle character frequency correctly, only checking unique characters rather than all characters.",,,,,,,
HumanEval/54,same_chars,self_refine,0,"""""""
Check if two strings have the same set of characters.
""""""


def same_chars(s0: str, s1: str) -> bool:
    """"""
    Check if two words have the same characters.

    Examples:
        >>> same_chars('abcd', 'dddddddabc')
        True
        >>> same_chars('dddddddabc', 'abcd')
        True
        >>> same_chars('eabcd', 'dddddddabc')
        False
        >>> same_chars('abcd', 'dddddddabce')
        False
    """"""
    return set(s0) == set(s1)",raw_generations/HumanEval_54/self_refine_sample0.py,"""""""
Check if two strings have the same set of characters.
""""""


def same_chars(s0: str, s1: str) -> bool:
    """"""
    Check if two words have the same characters.

    Examples:
        >>> same_chars('abcd', 'dddddddabc')
        True
        >>> same_chars('dddddddabc', 'abcd')
        True
        >>> same_chars('eabcd', 'dddddddabc')
        False
        >>> same_chars('abcd', 'dddddddabce')
        False
    """"""
    return set(s0) == set(s1)",raw_generations/HumanEval_54/self_refine_sample0_initial.py,True,,5.0,0,1.0,1,65.27475470743042,outputs_deepseek_prompt_v3\reports\static_analysis\pylint\HumanEval_54__self_refine__sample0__final_pylint.txt,outputs_deepseek_prompt_v3\reports\static_analysis\bandit\HumanEval_54__self_refine__sample0__final_bandit.json,outputs_deepseek_prompt_v3\reports\static_analysis\bandit\HumanEval_54__self_refine__sample0__final_bandit.stderr.txt,True,passed,9.0,9.0,5.0,8.0,9.0,6.0,"The code is clean and Pythonic but fails to handle character frequency correctly, only checking unique characters rather than full character composition.",5.0,True,passed,outputs_deepseek_prompt_v3\reports\static_analysis\pylint\HumanEval_54__self_refine__sample0__initial_pylint.txt,outputs_deepseek_prompt_v3\reports\static_analysis\bandit\HumanEval_54__self_refine__sample0__initial_bandit.json,outputs_deepseek_prompt_v3\reports\static_analysis\bandit\HumanEval_54__self_refine__sample0__initial_bandit.stderr.txt,False
HumanEval/55,fib,zero_shot,0,"def fib(n: int) -> int:
    if n <= 0:
        return 0
    a, b = 0, 1
    for _ in range(n - 1):
        a, b = b, a + b
    return b",raw_generations/HumanEval_55/zero_shot_sample0.py,,,True,,5.71,0,3.0,3,71.1391250772406,outputs_deepseek_prompt_v3\reports\static_analysis\pylint\HumanEval_55__zero_shot__sample0__final_pylint.txt,outputs_deepseek_prompt_v3\reports\static_analysis\bandit\HumanEval_55__zero_shot__sample0__final_bandit.json,outputs_deepseek_prompt_v3\reports\static_analysis\bandit\HumanEval_55__zero_shot__sample0__final_bandit.stderr.txt,True,passed,8.0,7.0,6.0,9.0,8.0,7.0,The code is efficient and readable but fails to handle the base case fib(0) correctly according to standard Fibonacci definitions.,,,,,,,
HumanEval/55,fib,constraint_guided,0,"""""""
Fibonacci number calculation.

This module provides a function to compute the n-th Fibonacci number.
""""""


def fib(n: int) -> int:
    """"""
    Return the n-th Fibonacci number.

    The Fibonacci sequence is defined as:
        F(0) = 0, F(1) = 1
        F(n) = F(n-1) + F(n-2) for n > 1

    Args:
        n: The index of the Fibonacci number to compute.

    Returns:
        The n-th Fibonacci number.

    Examples:
        >>> fib(10)
        55
        >>> fib(1)
        1
        >>> fib(8)
        21
    """"""
    if n <= 0:
        return 0
    if n == 1:
        return 1

    prev, curr = 0, 1
    for _ in range(2, n + 1):
        prev, curr = curr, prev + curr

    return curr",raw_generations/HumanEval_55/constraint_guided_sample0.py,,,True,,8.89,0,4.0,4,65.15901651645792,outputs_deepseek_prompt_v3\reports\static_analysis\pylint\HumanEval_55__constraint_guided__sample0__final_pylint.txt,outputs_deepseek_prompt_v3\reports\static_analysis\bandit\HumanEval_55__constraint_guided__sample0__final_bandit.json,outputs_deepseek_prompt_v3\reports\static_analysis\bandit\HumanEval_55__constraint_guided__sample0__final_bandit.stderr.txt,True,passed,9.0,9.0,8.0,10.0,9.0,9.0,"Excellent iterative solution with good documentation, but the docstring examples conflict with the implementation for n=0.",,,,,,,
HumanEval/55,fib,structured_cot,0,"def fib(n: int) -> int:
    """"""
    Return the n-th Fibonacci number.

    Examples:
        >>> fib(10)
        55
        >>> fib(1)
        1
        >>> fib(8)
        21
    """"""
    if n <= 1:
        return n
    a, b = 0, 1
    for _ in range(2, n + 1):
        a, b = b, a + b
    return b",raw_generations/HumanEval_55/structured_cot_sample0.py,,,True,,7.14,0,3.0,3,88.36920875668727,outputs_deepseek_prompt_v3\reports\static_analysis\pylint\HumanEval_55__structured_cot__sample0__final_pylint.txt,outputs_deepseek_prompt_v3\reports\static_analysis\bandit\HumanEval_55__structured_cot__sample0__final_bandit.json,outputs_deepseek_prompt_v3\reports\static_analysis\bandit\HumanEval_55__structured_cot__sample0__final_bandit.stderr.txt,True,passed,9.0,8.0,9.0,9.0,9.0,9.0,"Clean, efficient implementation with good documentation and proper handling of edge cases.",,,,,,,
HumanEval/55,fib,self_refine,0,"""""""
Fibonacci number calculation.

This module provides a function to compute the n-th Fibonacci number.
""""""


def fib(n: int) -> int:
    """"""
    Return the n-th Fibonacci number.

    The Fibonacci sequence is defined as:
        F(0) = 0
        F(1) = 1
        F(n) = F(n-1) + F(n-2) for n > 1

    Args:
        n: The index of the Fibonacci number to compute.

    Returns:
        The n-th Fibonacci number.

    Examples:
        >>> fib(10)
        55
        >>> fib(1)
        1
        >>> fib(8)
        21
    """"""
    if n < 0:
        raise ValueError(""n must be non-negative"")

    if n <= 1:
        return n

    previous, current = 0, 1
    for _ in range(2, n + 1):
        previous, current = current, previous + current

    return current",raw_generations/HumanEval_55/self_refine_sample0.py,"""""""
Fibonacci number calculation.

This module provides a function to compute the n-th Fibonacci number.
""""""


def fib(n: int) -> int:
    """"""
    Return the n-th Fibonacci number.

    The Fibonacci sequence is defined as:
        F(0) = 0
        F(1) = 1
        F(n) = F(n-1) + F(n-2) for n > 1

    Args:
        n: The index of the Fibonacci number to compute.

    Returns:
        The n-th Fibonacci number.

    Examples:
        >>> fib(10)
        55
        >>> fib(1)
        1
        >>> fib(8)
        21
    """"""
    if n < 0:
        raise ValueError(""n must be non-negative"")

    if n <= 1:
        return n

    previous, current = 0, 1
    for _ in range(2, n + 1):
        previous, current = current, previous + current

    return current",raw_generations/HumanEval_55/self_refine_sample0_initial.py,True,,8.89,0,4.0,4,62.985638062298484,outputs_deepseek_prompt_v3\reports\static_analysis\pylint\HumanEval_55__self_refine__sample0__final_pylint.txt,outputs_deepseek_prompt_v3\reports\static_analysis\bandit\HumanEval_55__self_refine__sample0__final_bandit.json,outputs_deepseek_prompt_v3\reports\static_analysis\bandit\HumanEval_55__self_refine__sample0__final_bandit.stderr.txt,True,passed,9.0,9.0,9.0,9.0,9.0,9.0,"Excellent implementation with clear documentation, proper error handling, and efficient iterative approach.",8.89,True,passed,outputs_deepseek_prompt_v3\reports\static_analysis\pylint\HumanEval_55__self_refine__sample0__initial_pylint.txt,outputs_deepseek_prompt_v3\reports\static_analysis\bandit\HumanEval_55__self_refine__sample0__initial_bandit.json,outputs_deepseek_prompt_v3\reports\static_analysis\bandit\HumanEval_55__self_refine__sample0__initial_bandit.stderr.txt,False
HumanEval/56,correct_bracketing,zero_shot,0,"def correct_bracketing(brackets: str) -> bool:
    balance = 0
    for char in brackets:
        if char == ""<"":
            balance += 1
        elif char == "">"":
            balance -= 1
        if balance < 0:
            return False
    return balance == 0",raw_generations/HumanEval_56/zero_shot_sample0.py,,,True,,7.0,0,5.0,5,65.07330552638736,outputs_deepseek_prompt_v3\reports\static_analysis\pylint\HumanEval_56__zero_shot__sample0__final_pylint.txt,outputs_deepseek_prompt_v3\reports\static_analysis\bandit\HumanEval_56__zero_shot__sample0__final_bandit.json,outputs_deepseek_prompt_v3\reports\static_analysis\bandit\HumanEval_56__zero_shot__sample0__final_bandit.stderr.txt,True,passed,9.0,9.0,10.0,10.0,9.0,9.0,"Clean, efficient implementation with proper early termination for invalid sequences.",,,,,,,
HumanEval/56,correct_bracketing,constraint_guided,0,"""""""
Module for checking bracket balancing in strings containing only '<' and '>'.
""""""


def correct_bracketing(brackets: str) -> bool:
    """"""
    Check if every opening bracket '<' has a corresponding closing bracket '>'.

    The function validates that brackets are properly paired and ordered:
    - Each opening bracket must have a matching closing bracket
    - Closing brackets cannot appear before their corresponding opening brackets

    Args:
        brackets: A string containing only '<' and '>' characters.

    Returns:
        True if brackets are correctly paired and ordered, False otherwise.

    Examples:
        >>> correct_bracketing(""<"")
        False
        >>> correct_bracketing(""<>"")
        True
        >>> correct_bracketing(""<<><>>"")
        True
        >>> correct_bracketing(""><<>"")
        False
    """"""
    balance = 0

    for bracket in brackets:
        if bracket == ""<"":
            balance += 1
        elif bracket == "">"":
            balance -= 1

        # If balance goes negative, we have a closing bracket without opening
        if balance < 0:
            return False

    # All brackets are balanced if balance is zero
    return balance == 0",raw_generations/HumanEval_56/constraint_guided_sample0.py,,,True,,9.0,0,5.0,5,61.34592177376563,outputs_deepseek_prompt_v3\reports\static_analysis\pylint\HumanEval_56__constraint_guided__sample0__final_pylint.txt,outputs_deepseek_prompt_v3\reports\static_analysis\bandit\HumanEval_56__constraint_guided__sample0__final_bandit.json,outputs_deepseek_prompt_v3\reports\static_analysis\bandit\HumanEval_56__constraint_guided__sample0__final_bandit.stderr.txt,True,passed,9.0,9.0,10.0,10.0,9.0,9.0,"Excellent implementation with clear logic, proper edge case handling, and optimal O(n) time complexity.",,,,,,,
HumanEval/56,correct_bracketing,structured_cot,0,"def correct_bracketing(brackets: str) -> bool:
    """"""
    Check if every opening bracket has a corresponding closing bracket.

    Args:
        brackets: A string consisting only of ""<"" and "">"".

    Returns:
        True if every opening bracket has a corresponding closing bracket,
        False otherwise.

    Examples:
        >>> correct_bracketing(""<"")
        False
        >>> correct_bracketing(""<>"")
        True
        >>> correct_bracketing(""<<><>>"")
        True
        >>> correct_bracketing(""><<>"")
        False
    """"""
    balance = 0
    for char in brackets:
        if char == ""<"":
            balance += 1
        elif char == "">"":
            balance -= 1
            if balance < 0:
                return False
    return balance == 0",raw_generations/HumanEval_56/structured_cot_sample0.py,,,True,,8.0,0,5.0,5,76.62295478239939,outputs_deepseek_prompt_v3\reports\static_analysis\pylint\HumanEval_56__structured_cot__sample0__final_pylint.txt,outputs_deepseek_prompt_v3\reports\static_analysis\bandit\HumanEval_56__structured_cot__sample0__final_bandit.json,outputs_deepseek_prompt_v3\reports\static_analysis\bandit\HumanEval_56__structured_cot__sample0__final_bandit.stderr.txt,True,passed,9.0,9.0,10.0,10.0,9.0,9.0,"Excellent implementation with clear logic, proper type hints, and comprehensive docstring; minor improvements possible in variable naming and PEP 8 spacing.",,,,,,,
HumanEval/56,correct_bracketing,self_refine,0,"""""""
Module for checking bracket balancing in strings containing '<' and '>'.
""""""


def correct_bracketing(brackets: str) -> bool:
    """"""
    Check if every opening bracket '<' has a corresponding closing bracket '>'.

    Args:
        brackets: A string containing only '<' and '>' characters.

    Returns:
        True if every opening bracket is properly matched with a closing bracket,
        False otherwise.

    Examples:
        >>> correct_bracketing(""<"")
        False
        >>> correct_bracketing(""<>"")
        True
        >>> correct_bracketing(""<<><>>"")
        True
        >>> correct_bracketing(""><<>"")
        False
    """"""
    balance = 0

    for char in brackets:
        if char == ""<"":
            balance += 1
        elif char == "">"":
            balance -= 1

        if balance < 0:
            return False

    return balance == 0",raw_generations/HumanEval_56/self_refine_sample0.py,"""""""
Module for checking bracket balancing in strings containing '<' and '>'.
""""""


def correct_bracketing(brackets: str) -> bool:
    """"""
    Check if every opening bracket '<' has a corresponding closing bracket '>'.

    Args:
        brackets: A string containing only '<' and '>' characters.

    Returns:
        True if every opening bracket is properly matched with a closing bracket,
        False otherwise.

    Examples:
        >>> correct_bracketing(""<"")
        False
        >>> correct_bracketing(""<>"")
        True
        >>> correct_bracketing(""<<><>>"")
        True
        >>> correct_bracketing(""><<>"")
        False
    """"""
    balance = 0

    for char in brackets:
        if char == ""<"":
            balance += 1
        elif char == "">"":
            balance -= 1

        if balance < 0:
            return False

    return balance == 0",raw_generations/HumanEval_56/self_refine_sample0_initial.py,True,,9.0,0,5.0,5,69.47656371361218,outputs_deepseek_prompt_v3\reports\static_analysis\pylint\HumanEval_56__self_refine__sample0__final_pylint.txt,outputs_deepseek_prompt_v3\reports\static_analysis\bandit\HumanEval_56__self_refine__sample0__final_bandit.json,outputs_deepseek_prompt_v3\reports\static_analysis\bandit\HumanEval_56__self_refine__sample0__final_bandit.stderr.txt,True,passed,9.0,9.0,10.0,10.0,9.0,9.0,"Excellent implementation with clear logic, proper edge case handling, and optimal efficiency, though minor PEP 8 spacing improvements could be made.",9.0,True,passed,outputs_deepseek_prompt_v3\reports\static_analysis\pylint\HumanEval_56__self_refine__sample0__initial_pylint.txt,outputs_deepseek_prompt_v3\reports\static_analysis\bandit\HumanEval_56__self_refine__sample0__initial_bandit.json,outputs_deepseek_prompt_v3\reports\static_analysis\bandit\HumanEval_56__self_refine__sample0__initial_bandit.stderr.txt,False
HumanEval/57,monotonic,zero_shot,0,"from typing import List


def monotonic(l: List[int]) -> bool:
    """"""
    Check if list elements are monotonically increasing or decreasing.

    Examples:
        >>> monotonic([1, 2, 4, 20])
        True
        >>> monotonic([1, 20, 4, 10])
        False
        >>> monotonic([4, 1, 0, -10])
        True
    """"""
    if len(l) <= 2:
        return True
    
    increasing = decreasing = True
    
    for i in range(1, len(l)):
        if l[i] > l[i-1]:
            decreasing = False
        elif l[i] < l[i-1]:
            increasing = False
    
    return increasing or decreasing",raw_generations/HumanEval_57/zero_shot_sample0.py,,,True,,5.45,0,6.0,6,89.59434740373426,outputs_deepseek_prompt_v3\reports\static_analysis\pylint\HumanEval_57__zero_shot__sample0__final_pylint.txt,outputs_deepseek_prompt_v3\reports\static_analysis\bandit\HumanEval_57__zero_shot__sample0__final_bandit.json,outputs_deepseek_prompt_v3\reports\static_analysis\bandit\HumanEval_57__zero_shot__sample0__final_bandit.stderr.txt,False,assertion_failed: ,-1.0,-1.0,-1.0,-1.0,-1.0,-1.0,The code is broken and cannot be executed due to a syntax error (missing function body).,,,,,,,
HumanEval/57,monotonic,constraint_guided,0,"from typing import List


def monotonic(l: List[int]) -> bool:
    """"""
    Check if list elements are monotonically increasing or decreasing.

    A list is monotonic if it is entirely non-increasing or non-decreasing.
    Empty lists and single-element lists are considered monotonic.

    Examples:
        >>> monotonic([1, 2, 4, 20])
        True
        >>> monotonic([1, 20, 4, 10])
        False
        >>> monotonic([4, 1, 0, -10])
        True
        >>> monotonic([])
        True
        >>> monotonic([5])
        True
        >>> monotonic([1, 1, 1])
        True
    """"""
    if len(l) <= 1:
        return True

    is_increasing = True
    is_decreasing = True

    for i in range(1, len(l)):
        if l[i] > l[i - 1]:
            is_decreasing = False
        elif l[i] < l[i - 1]:
            is_increasing = False

        if not is_increasing and not is_decreasing:
            return False

    return is_increasing or is_decreasing",raw_generations/HumanEval_57/constraint_guided_sample0.py,,,True,,8.57,0,8.0,8,79.95147329558235,outputs_deepseek_prompt_v3\reports\static_analysis\pylint\HumanEval_57__constraint_guided__sample0__final_pylint.txt,outputs_deepseek_prompt_v3\reports\static_analysis\bandit\HumanEval_57__constraint_guided__sample0__final_bandit.json,outputs_deepseek_prompt_v3\reports\static_analysis\bandit\HumanEval_57__constraint_guided__sample0__final_bandit.stderr.txt,False,assertion_failed: ,9.0,9.0,10.0,9.0,8.0,9.0,"Well-structured, efficient, and correct implementation with clear variable names and proper edge case handling, though could be slightly more Pythonic by avoiding the parameter name 'l'.",,,,,,,
HumanEval/57,monotonic,structured_cot,0,"from typing import List


def monotonic(l: List[int]) -> bool:
    """"""
    Check if list elements are monotonically increasing or decreasing.

    Examples:
        >>> monotonic([1, 2, 4, 20])
        True
        >>> monotonic([1, 20, 4, 10])
        False
        >>> monotonic([4, 1, 0, -10])
        True
    """"""
    increasing = all(l[i] <= l[i + 1] for i in range(len(l) - 1))
    decreasing = all(l[i] >= l[i + 1] for i in range(len(l) - 1))
    return increasing or decreasing",raw_generations/HumanEval_57/structured_cot_sample0.py,,,True,,6.0,0,4.0,4,75.21573287262474,outputs_deepseek_prompt_v3\reports\static_analysis\pylint\HumanEval_57__structured_cot__sample0__final_pylint.txt,outputs_deepseek_prompt_v3\reports\static_analysis\bandit\HumanEval_57__structured_cot__sample0__final_bandit.json,outputs_deepseek_prompt_v3\reports\static_analysis\bandit\HumanEval_57__structured_cot__sample0__final_bandit.stderr.txt,False,assertion_failed: ,8.0,7.0,9.0,8.0,8.0,8.0,"Clean and correct implementation with minor issues: variable name 'l' is poor, and it performs two full passes over the list when one could suffice.",,,,,,,
HumanEval/57,monotonic,self_refine,0,"""""""Check if a list of integers is monotonic (either non-decreasing or non-increasing).""""""

from typing import List


def monotonic(l: List[int]) -> bool:
    """"""
    Check if list elements are monotonically increasing or decreasing.

    A list is monotonic if it is entirely non-increasing or non-decreasing.
    Empty lists and single-element lists are considered monotonic.

    Args:
        l: List of integers to check.

    Returns:
        True if the list is monotonic, False otherwise.

    Examples:
        >>> monotonic([1, 2, 4, 20])
        True
        >>> monotonic([1, 20, 4, 10])
        False
        >>> monotonic([4, 1, 0, -10])
        True
    """"""
    if len(l) <= 2:
        return True

    direction = 0  # 0: unknown, 1: increasing, -1: decreasing

    for i in range(1, len(l)):
        if l[i] > l[i - 1]:
            if direction == -1:
                return False
            direction = 1
        elif l[i] < l[i - 1]:
            if direction == 1:
                return False
            direction = -1

    return True",raw_generations/HumanEval_57/self_refine_sample0.py,"""""""Check if a list of integers is monotonic (either non-decreasing or non-increasing).""""""

from typing import List


def monotonic(l: List[int]) -> bool:
    """"""
    Check if list elements are monotonically increasing or decreasing.

    A list is monotonic if it is entirely non-increasing or non-decreasing.
    Empty lists and single-element lists are considered monotonic.

    Args:
        l: List of integers to check.

    Returns:
        True if the list is monotonic, False otherwise.

    Examples:
        >>> monotonic([1, 2, 4, 20])
        True
        >>> monotonic([1, 20, 4, 10])
        False
        >>> monotonic([4, 1, 0, -10])
        True
    """"""
    if len(l) <= 2:
        return True

    direction = 0  # 0: unknown, 1: increasing, -1: decreasing

    for i in range(1, len(l)):
        if l[i] > l[i - 1]:
            if direction == -1:
                return False
            direction = 1
        elif l[i] < l[i - 1]:
            if direction == 1:
                return False
            direction = -1

    return True",raw_generations/HumanEval_57/self_refine_sample0_initial.py,True,,9.33,0,7.0,7,81.75186079786135,outputs_deepseek_prompt_v3\reports\static_analysis\pylint\HumanEval_57__self_refine__sample0__final_pylint.txt,outputs_deepseek_prompt_v3\reports\static_analysis\bandit\HumanEval_57__self_refine__sample0__final_bandit.json,outputs_deepseek_prompt_v3\reports\static_analysis\bandit\HumanEval_57__self_refine__sample0__final_bandit.stderr.txt,False,assertion_failed: ,8.0,8.0,7.0,9.0,7.0,7.0,"The code is generally clean and efficient, but incorrectly returns True for lists of length 2 regardless of order, and could be more Pythonic by using built-in functions like `all` or `zip`.",9.33,False,assertion_failed: ,outputs_deepseek_prompt_v3\reports\static_analysis\pylint\HumanEval_57__self_refine__sample0__initial_pylint.txt,outputs_deepseek_prompt_v3\reports\static_analysis\bandit\HumanEval_57__self_refine__sample0__initial_bandit.json,outputs_deepseek_prompt_v3\reports\static_analysis\bandit\HumanEval_57__self_refine__sample0__initial_bandit.stderr.txt,False
HumanEval/58,common,zero_shot,0,"from typing import List


def common(l1: List[int], l2: List[int]) -> List[int]:
    """"""
    Return sorted unique common elements for two integer lists.

    Examples:
        >>> common([1, 4, 3, 34, 653, 2, 5], [5, 7, 1, 5, 9, 653, 121])
        [1, 5, 653]
        >>> common([5, 3, 2, 8], [3, 2])
        [2, 3]
    """"""
    set1 = set(l1)
    set2 = set(l2)
    common_elements = set1.intersection(set2)
    return sorted(common_elements)",raw_generations/HumanEval_58/zero_shot_sample0.py,,,True,,6.67,0,1.0,1,100.0,outputs_deepseek_prompt_v3\reports\static_analysis\pylint\HumanEval_58__zero_shot__sample0__final_pylint.txt,outputs_deepseek_prompt_v3\reports\static_analysis\bandit\HumanEval_58__zero_shot__sample0__final_bandit.json,outputs_deepseek_prompt_v3\reports\static_analysis\bandit\HumanEval_58__zero_shot__sample0__final_bandit.stderr.txt,True,passed,-1.0,-1.0,-1.0,-1.0,-1.0,-1.0,"The code is correct, efficient, and follows Pythonic conventions, but the function name and parameter names are not descriptive enough for optimal readability.",,,,,,,
HumanEval/58,common,constraint_guided,0,"from typing import List


def common(l1: List[int], l2: List[int]) -> List[int]:
    """"""
    Return sorted unique common elements for two integer lists.

    Examples:
        >>> common([1, 4, 3, 34, 653, 2, 5], [5, 7, 1, 5, 9, 653, 121])
        [1, 5, 653]
        >>> common([5, 3, 2, 8], [3, 2])
        [2, 3]
    """"""
    common_elements = set(l1) & set(l2)
    return sorted(common_elements)",raw_generations/HumanEval_58/constraint_guided_sample0.py,,,True,,5.0,0,1.0,1,86.0073606708061,outputs_deepseek_prompt_v3\reports\static_analysis\pylint\HumanEval_58__constraint_guided__sample0__final_pylint.txt,outputs_deepseek_prompt_v3\reports\static_analysis\bandit\HumanEval_58__constraint_guided__sample0__final_bandit.json,outputs_deepseek_prompt_v3\reports\static_analysis\bandit\HumanEval_58__constraint_guided__sample0__final_bandit.stderr.txt,True,passed,9.0,9.0,10.0,8.0,9.0,9.0,"Clean, efficient implementation using sets for uniqueness and intersection, though converting both lists to sets may be memory-intensive for large inputs.",,,,,,,
HumanEval/58,common,structured_cot,0,"from typing import List


def common(l1: List[int], l2: List[int]) -> List[int]:
    """"""
    Return sorted unique common elements for two integer lists.

    Examples:
        >>> common([1, 4, 3, 34, 653, 2, 5], [5, 7, 1, 5, 9, 653, 121])
        [1, 5, 653]
        >>> common([5, 3, 2, 8], [3, 2])
        [2, 3]
    """"""
    return sorted(set(l1) & set(l2))",raw_generations/HumanEval_58/structured_cot_sample0.py,,,True,,3.33,0,1.0,1,74.98090723848824,outputs_deepseek_prompt_v3\reports\static_analysis\pylint\HumanEval_58__structured_cot__sample0__final_pylint.txt,outputs_deepseek_prompt_v3\reports\static_analysis\bandit\HumanEval_58__structured_cot__sample0__final_bandit.json,outputs_deepseek_prompt_v3\reports\static_analysis\bandit\HumanEval_58__structured_cot__sample0__final_bandit.stderr.txt,True,passed,9.0,8.0,10.0,8.0,9.0,9.0,"Clean, efficient solution using Python sets for intersection and sorted for ordering, though variable names could be more descriptive.",,,,,,,
HumanEval/58,common,self_refine,0,"from typing import List


def common(l1: List[int], l2: List[int]) -> List[int]:
    """"""
    Return sorted unique common elements for two integer lists.

    Args:
        l1: First list of integers.
        l2: Second list of integers.

    Returns:
        A sorted list of unique integers that appear in both input lists.

    Examples:
        >>> common([1, 4, 3, 34, 653, 2, 5], [5, 7, 1, 5, 9, 653, 121])
        [1, 5, 653]
        >>> common([5, 3, 2, 8], [3, 2])
        [2, 3]
    """"""
    if not l1 or not l2:
        return []

    set1 = set(l1)
    set2 = set(l2)
    common_elements = set1.intersection(set2)

    return sorted(common_elements)",raw_generations/HumanEval_58/self_refine_sample0.py,"from typing import List


def common(l1: List[int], l2: List[int]) -> List[int]:
    """"""
    Return sorted unique common elements for two integer lists.

    Args:
        l1: First list of integers.
        l2: Second list of integers.

    Returns:
        A sorted list of unique integers that appear in both input lists.

    Examples:
        >>> common([1, 4, 3, 34, 653, 2, 5], [5, 7, 1, 5, 9, 653, 121])
        [1, 5, 653]
        >>> common([5, 3, 2, 8], [3, 2])
        [2, 3]
    """"""
    if not l1 or not l2:
        return []

    set1 = set(l1)
    set2 = set(l2)
    common_elements = set1.intersection(set2)

    return sorted(common_elements)",raw_generations/HumanEval_58/self_refine_sample0_initial.py,True,,7.5,0,3.0,3,83.99871129430973,outputs_deepseek_prompt_v3\reports\static_analysis\pylint\HumanEval_58__self_refine__sample0__final_pylint.txt,outputs_deepseek_prompt_v3\reports\static_analysis\bandit\HumanEval_58__self_refine__sample0__final_bandit.json,outputs_deepseek_prompt_v3\reports\static_analysis\bandit\HumanEval_58__self_refine__sample0__final_bandit.stderr.txt,True,passed,9.0,9.0,8.0,9.0,9.0,9.0,"Clean, efficient implementation with good documentation, though could handle None inputs more explicitly.",7.5,True,passed,outputs_deepseek_prompt_v3\reports\static_analysis\pylint\HumanEval_58__self_refine__sample0__initial_pylint.txt,outputs_deepseek_prompt_v3\reports\static_analysis\bandit\HumanEval_58__self_refine__sample0__initial_bandit.json,outputs_deepseek_prompt_v3\reports\static_analysis\bandit\HumanEval_58__self_refine__sample0__initial_bandit.stderr.txt,False
HumanEval/59,largest_prime_factor,zero_shot,0,"def largest_prime_factor(n: int) -> int:
    factor = 2
    while factor * factor <= n:
        if n % factor == 0:
            n //= factor
        else:
            factor += 1 if factor == 2 else 2
    return n",raw_generations/HumanEval_59/zero_shot_sample0.py,,,True,,5.71,0,4.0,4,66.52490160287137,outputs_deepseek_prompt_v3\reports\static_analysis\pylint\HumanEval_59__zero_shot__sample0__final_pylint.txt,outputs_deepseek_prompt_v3\reports\static_analysis\bandit\HumanEval_59__zero_shot__sample0__final_bandit.json,outputs_deepseek_prompt_v3\reports\static_analysis\bandit\HumanEval_59__zero_shot__sample0__final_bandit.stderr.txt,True,passed,8.0,7.0,6.0,8.0,7.0,7.0,"The code is generally clean and efficient but fails to correctly handle the case where n is prime, and the conditional increment logic is slightly non-standard.",,,,,,,
HumanEval/59,largest_prime_factor,constraint_guided,0,"""""""
Module for finding the largest prime factor of a given integer.
""""""


def largest_prime_factor(n: int) -> int:
    """"""
    Return the largest prime factor of n.
    Assume n > 1 and is not a prime.

    Examples:
        >>> largest_prime_factor(13195)
        29
        >>> largest_prime_factor(2048)
        2
    """"""
    original_n = n
    largest_factor = 1

    # Handle factor 2
    while n % 2 == 0:
        largest_factor = 2
        n //= 2

    # Handle odd factors
    factor = 3
    while factor * factor <= n:
        while n % factor == 0:
            largest_factor = factor
            n //= factor
        factor += 2

    # If n is still greater than 1, it's a prime factor
    if n > 1:
        largest_factor = n

    return largest_factor",raw_generations/HumanEval_59/constraint_guided_sample0.py,,,True,,8.67,0,5.0,5,83.6419958772724,outputs_deepseek_prompt_v3\reports\static_analysis\pylint\HumanEval_59__constraint_guided__sample0__final_pylint.txt,outputs_deepseek_prompt_v3\reports\static_analysis\bandit\HumanEval_59__constraint_guided__sample0__final_bandit.json,outputs_deepseek_prompt_v3\reports\static_analysis\bandit\HumanEval_59__constraint_guided__sample0__final_bandit.stderr.txt,True,passed,8.0,7.0,8.0,8.0,7.0,7.0,The code is clear and efficient but could be more modular and Pythonic with better variable naming.,,,,,,,
HumanEval/59,largest_prime_factor,structured_cot,0,"def largest_prime_factor(n: int) -> int:
    """"""
    Return the largest prime factor of n.
    Assume n > 1 and is not a prime.

    Examples:
        >>> largest_prime_factor(13195)
        29
        >>> largest_prime_factor(2048)
        2
    """"""
    factor = 2
    while factor * factor <= n:
        while n % factor == 0:
            n //= factor
        factor += 1 if factor == 2 else 2
    return n",raw_generations/HumanEval_59/structured_cot_sample0.py,,,True,,7.14,0,4.0,4,87.33815116112262,outputs_deepseek_prompt_v3\reports\static_analysis\pylint\HumanEval_59__structured_cot__sample0__final_pylint.txt,outputs_deepseek_prompt_v3\reports\static_analysis\bandit\HumanEval_59__structured_cot__sample0__final_bandit.json,outputs_deepseek_prompt_v3\reports\static_analysis\bandit\HumanEval_59__structured_cot__sample0__final_bandit.stderr.txt,False,assertion_failed: ,8.0,7.0,9.0,9.0,8.0,8.0,"The code is efficient and correct, but could benefit from better variable naming and clearer handling of the factor increment pattern.",,,,,,,
HumanEval/59,largest_prime_factor,self_refine,0,"""""""
Module for finding the largest prime factor of a given integer.
""""""


def largest_prime_factor(n: int) -> int:
    """"""
    Return the largest prime factor of n.
    Assume n > 1 and is not a prime.

    Examples:
        >>> largest_prime_factor(13195)
        29
        >>> largest_prime_factor(2048)
        2
    """"""
    original_n = n
    largest_factor = 1

    # Check for factor 2
    while n % 2 == 0:
        largest_factor = 2
        n //= 2

    # Check for odd factors
    factor = 3
    while factor * factor <= n:
        while n % factor == 0:
            largest_factor = factor
            n //= factor
        factor += 2

    # If n is still greater than 1, it's a prime factor
    if n > 1:
        largest_factor = n

    return largest_factor",raw_generations/HumanEval_59/self_refine_sample0.py,"""""""
Module for finding the largest prime factor of a given integer.
""""""


def largest_prime_factor(n: int) -> int:
    """"""
    Return the largest prime factor of n.
    Assume n > 1 and is not a prime.

    Examples:
        >>> largest_prime_factor(13195)
        29
        >>> largest_prime_factor(2048)
        2
    """"""
    original_n = n
    largest_factor = 1

    # Check for factor 2
    while n % 2 == 0:
        largest_factor = 2
        n //= 2

    # Check for odd factors
    factor = 3
    while factor * factor <= n:
        while n % factor == 0:
            largest_factor = factor
            n //= factor
        factor += 2

    # If n is still greater than 1, it's a prime factor
    if n > 1:
        largest_factor = n

    return largest_factor",raw_generations/HumanEval_59/self_refine_sample0_initial.py,True,,8.67,0,5.0,5,83.6419958772724,outputs_deepseek_prompt_v3\reports\static_analysis\pylint\HumanEval_59__self_refine__sample0__final_pylint.txt,outputs_deepseek_prompt_v3\reports\static_analysis\bandit\HumanEval_59__self_refine__sample0__final_bandit.json,outputs_deepseek_prompt_v3\reports\static_analysis\bandit\HumanEval_59__self_refine__sample0__final_bandit.stderr.txt,True,passed,8.0,7.0,8.0,7.0,7.0,7.0,"The code is generally well-structured and correct, but could be more efficient and Pythonic with better algorithm choices and variable naming.",8.67,True,passed,outputs_deepseek_prompt_v3\reports\static_analysis\pylint\HumanEval_59__self_refine__sample0__initial_pylint.txt,outputs_deepseek_prompt_v3\reports\static_analysis\bandit\HumanEval_59__self_refine__sample0__initial_bandit.json,outputs_deepseek_prompt_v3\reports\static_analysis\bandit\HumanEval_59__self_refine__sample0__initial_bandit.stderr.txt,False
HumanEval/60,sum_to_n,zero_shot,0,"def sum_to_n(n: int) -> int:
    if n <= -1:
        return 0
    if n == 0:
        return 1
    return n * (n + 1) // 2",raw_generations/HumanEval_60/zero_shot_sample0.py,,,True,,5.0,0,3.0,3,70.02739099514524,outputs_deepseek_prompt_v3\reports\static_analysis\pylint\HumanEval_60__zero_shot__sample0__final_pylint.txt,outputs_deepseek_prompt_v3\reports\static_analysis\bandit\HumanEval_60__zero_shot__sample0__final_bandit.json,outputs_deepseek_prompt_v3\reports\static_analysis\bandit\HumanEval_60__zero_shot__sample0__final_bandit.stderr.txt,False,assertion_failed: ,7.0,6.0,4.0,9.0,7.0,5.0,"The function incorrectly returns 1 for n=0 instead of 0, and the docstring examples are misleading; the logic for negative inputs is also inconsistent with typical summation expectations.",,,,,,,
HumanEval/60,sum_to_n,constraint_guided,0,"""""""
Module providing mathematical summation functions.
""""""


def sum_to_n(n: int) -> int:
    """"""
    Return the sum of all integers from 1 to n inclusive.

    For n <= 0, returns 1 as specified in the examples.

    Args:
        n: The upper bound of the summation range.

    Returns:
        The sum of integers from 1 to n, or 1 if n <= 0.

    Examples:
        >>> sum_to_n(5)
        15
        >>> sum_to_n(10)
        55
        >>> sum_to_n(1)
        1
        >>> sum_to_n(0)
        1
    """"""
    if n <= 0:
        return 1

    return n * (n + 1) // 2",raw_generations/HumanEval_60/constraint_guided_sample0.py,,,True,,7.5,0,2.0,2,42.40082269177909,outputs_deepseek_prompt_v3\reports\static_analysis\pylint\HumanEval_60__constraint_guided__sample0__final_pylint.txt,outputs_deepseek_prompt_v3\reports\static_analysis\bandit\HumanEval_60__constraint_guided__sample0__final_bandit.json,outputs_deepseek_prompt_v3\reports\static_analysis\bandit\HumanEval_60__constraint_guided__sample0__final_bandit.stderr.txt,False,assertion_failed: ,9.0,9.0,8.0,10.0,9.0,9.0,"Well-written code with clear documentation and efficient algorithm, though the handling of n <= 0 returning 1 is mathematically unusual.",,,,,,,
HumanEval/60,sum_to_n,structured_cot,0,"def sum_to_n(n: int) -> int:
    """"""
    sum_to_n is a function that sums numbers from 1 to n.

    Examples:
        >>> sum_to_n(5)
        15
        >>> sum_to_n(10)
        55
        >>> sum_to_n(1)
        1
        >>> sum_to_n(0)
        1
    """"""
    if n <= 0:
        return 1
    return n * (n + 1) // 2",raw_generations/HumanEval_60/structured_cot_sample0.py,,,True,,5.0,0,2.0,2,60.62791537597728,outputs_deepseek_prompt_v3\reports\static_analysis\pylint\HumanEval_60__structured_cot__sample0__final_pylint.txt,outputs_deepseek_prompt_v3\reports\static_analysis\bandit\HumanEval_60__structured_cot__sample0__final_bandit.json,outputs_deepseek_prompt_v3\reports\static_analysis\bandit\HumanEval_60__structured_cot__sample0__final_bandit.stderr.txt,False,assertion_failed: ,8.0,7.0,5.0,10.0,8.0,6.0,"The function incorrectly returns 1 for n <= 0 instead of handling edge cases properly, and the docstring examples contradict the mathematical definition.",,,,,,,
HumanEval/60,sum_to_n,self_refine,0,"def sum_to_n(n: int) -> int:
    """"""
    Sum numbers from 1 to n.

    Args:
        n: The upper bound of the summation (inclusive).

    Returns:
        The sum of integers from 1 to n. Returns the sum for negative n.

    Examples:
        >>> sum_to_n(5)
        15
        >>> sum_to_n(10)
        55
        >>> sum_to_n(1)
        1
        >>> sum_to_n(0)
        1
        >>> sum_to_n(-5)
        -14
    """"""
    if n <= 0:
        return (n * (n - 1)) // -2 + 1
    return n * (n + 1) // 2",raw_generations/HumanEval_60/self_refine_sample0.py,"""""""
Module for mathematical operations.
""""""


def sum_to_n(n: int) -> int:
    """"""
    Sum numbers from 1 to n.

    Args:
        n: The upper bound of the summation (inclusive).

    Returns:
        The sum of integers from 1 to n. Returns 1 for n <= 0.

    Examples:
        >>> sum_to_n(5)
        15
        >>> sum_to_n(10)
        55
        >>> sum_to_n(1)
        1
        >>> sum_to_n(0)
        1
    """"""
    if n <= 0:
        return 1

    return n * (n + 1) // 2",raw_generations/HumanEval_60/self_refine_sample0_initial.py,True,,5.0,0,2.0,2,42.576103533451494,outputs_deepseek_prompt_v3\reports\static_analysis\pylint\HumanEval_60__self_refine__sample0__final_pylint.txt,outputs_deepseek_prompt_v3\reports\static_analysis\bandit\HumanEval_60__self_refine__sample0__final_bandit.json,outputs_deepseek_prompt_v3\reports\static_analysis\bandit\HumanEval_60__self_refine__sample0__final_bandit.stderr.txt,True,passed,8.0,7.0,6.0,10.0,8.0,7.0,"The code is efficient and mostly readable, but the handling of negative and zero inputs is inconsistent with the docstring examples and lacks clear mathematical justification.",7.5,False,assertion_failed: ,outputs_deepseek_prompt_v3\reports\static_analysis\pylint\HumanEval_60__self_refine__sample0__initial_pylint.txt,outputs_deepseek_prompt_v3\reports\static_analysis\bandit\HumanEval_60__self_refine__sample0__initial_bandit.json,outputs_deepseek_prompt_v3\reports\static_analysis\bandit\HumanEval_60__self_refine__sample0__initial_bandit.stderr.txt,True
HumanEval/61,correct_bracketing,zero_shot,0,"def correct_bracketing(brackets: str) -> bool:
    balance = 0
    for char in brackets:
        if char == '(':
            balance += 1
        elif char == ')':
            balance -= 1
        if balance < 0:
            return False
    return balance == 0",raw_generations/HumanEval_61/zero_shot_sample0.py,,,True,,7.0,0,5.0,5,65.07330552638736,outputs_deepseek_prompt_v3\reports\static_analysis\pylint\HumanEval_61__zero_shot__sample0__final_pylint.txt,outputs_deepseek_prompt_v3\reports\static_analysis\bandit\HumanEval_61__zero_shot__sample0__final_bandit.json,outputs_deepseek_prompt_v3\reports\static_analysis\bandit\HumanEval_61__zero_shot__sample0__final_bandit.stderr.txt,True,passed,9.0,9.0,10.0,10.0,9.0,9.0,"Clean, efficient implementation with proper early termination for invalid sequences.",,,,,,,
HumanEval/61,correct_bracketing,constraint_guided,0,"""""""
Module for checking if brackets in a string are correctly matched.
""""""


def correct_bracketing(brackets: str) -> bool:
    """"""
    Check if every opening bracket has a corresponding closing bracket.

    The function iterates through the string, maintaining a count of unmatched
    opening brackets. If at any point the count becomes negative (more closing
    than opening brackets), the string is invalid. At the end, the count must
    be zero for the string to be valid.

    Args:
        brackets: A string containing only '(' and ')' characters.

    Returns:
        True if brackets are correctly matched, False otherwise.

    Examples:
        >>> correct_bracketing(""("")
        False
        >>> correct_bracketing(""()"")
        True
        >>> correct_bracketing(""(()())"")
        True
        >>> correct_bracketing("")(()"")
        False
    """"""
    open_count = 0

    for char in brackets:
        if char == '(':
            open_count += 1
        elif char == ')':
            open_count -= 1
            if open_count < 0:
                return False

    return open_count == 0",raw_generations/HumanEval_61/constraint_guided_sample0.py,,,True,,9.0,0,5.0,5,63.320603665625654,outputs_deepseek_prompt_v3\reports\static_analysis\pylint\HumanEval_61__constraint_guided__sample0__final_pylint.txt,outputs_deepseek_prompt_v3\reports\static_analysis\bandit\HumanEval_61__constraint_guided__sample0__final_bandit.json,outputs_deepseek_prompt_v3\reports\static_analysis\bandit\HumanEval_61__constraint_guided__sample0__final_bandit.stderr.txt,True,passed,9.0,9.0,10.0,10.0,9.0,9.0,"Excellent implementation with clear documentation, optimal O(n) algorithm, and proper handling of edge cases; minor improvement could be adding type hints for the module docstring.",,,,,,,
HumanEval/61,correct_bracketing,structured_cot,0,"def correct_bracketing(brackets: str) -> bool:
    """"""
    brackets is a string of ""("" and "")"".
    Check if every opening bracket has a corresponding closing bracket.

    Examples:
        >>> correct_bracketing(""("")
        False
        >>> correct_bracketing(""()"")
        True
        >>> correct_bracketing(""(()())"")
        True
        >>> correct_bracketing("")(()"")
        False
    """"""
    balance = 0
    for char in brackets:
        if char == '(':
            balance += 1
        elif char == ')':
            balance -= 1
        if balance < 0:
            return False
    return balance == 0",raw_generations/HumanEval_61/structured_cot_sample0.py,,,True,,8.0,0,5.0,5,84.71453327150262,outputs_deepseek_prompt_v3\reports\static_analysis\pylint\HumanEval_61__structured_cot__sample0__final_pylint.txt,outputs_deepseek_prompt_v3\reports\static_analysis\bandit\HumanEval_61__structured_cot__sample0__final_bandit.json,outputs_deepseek_prompt_v3\reports\static_analysis\bandit\HumanEval_61__structured_cot__sample0__final_bandit.stderr.txt,True,passed,9.0,9.0,10.0,10.0,9.0,9.0,"Clean, efficient implementation with proper early termination for invalid sequences, though minor PEP 8 spacing could be improved.",,,,,,,
HumanEval/61,correct_bracketing,self_refine,0,"""""""
Module for checking if brackets are correctly matched.
""""""


def correct_bracketing(brackets: str) -> bool:
    """"""
    Check if every opening bracket has a corresponding closing bracket.

    Args:
        brackets: A string consisting only of '(' and ')'.

    Returns:
        True if brackets are correctly matched, False otherwise.
    """"""
    balance = 0
    for bracket in brackets:
        if bracket == '(':
            balance += 1
        elif bracket == ')':
            balance -= 1
            if balance < 0:
                return False
    return balance == 0",raw_generations/HumanEval_61/self_refine_sample0.py,"""""""
Module for checking if brackets are correctly matched.
""""""


def correct_bracketing(brackets: str) -> bool:
    """"""
    Check if every opening bracket has a corresponding closing bracket.

    Args:
        brackets: A string consisting only of '(' and ')'.

    Returns:
        True if brackets are correctly matched, False otherwise.
    """"""
    balance = 0
    for bracket in brackets:
        if bracket == '(':
            balance += 1
        elif bracket == ')':
            balance -= 1
            if balance < 0:
                return False
    return balance == 0",raw_generations/HumanEval_61/self_refine_sample0_initial.py,True,,9.0,0,5.0,5,88.98836033270288,outputs_deepseek_prompt_v3\reports\static_analysis\pylint\HumanEval_61__self_refine__sample0__final_pylint.txt,outputs_deepseek_prompt_v3\reports\static_analysis\bandit\HumanEval_61__self_refine__sample0__final_bandit.json,outputs_deepseek_prompt_v3\reports\static_analysis\bandit\HumanEval_61__self_refine__sample0__final_bandit.stderr.txt,True,passed,9.0,9.0,10.0,10.0,9.0,9.0,"Clean, efficient implementation with proper early termination for invalid sequences, though minor PEP 8 spacing improvements could be made.",9.0,True,passed,outputs_deepseek_prompt_v3\reports\static_analysis\pylint\HumanEval_61__self_refine__sample0__initial_pylint.txt,outputs_deepseek_prompt_v3\reports\static_analysis\bandit\HumanEval_61__self_refine__sample0__initial_bandit.json,outputs_deepseek_prompt_v3\reports\static_analysis\bandit\HumanEval_61__self_refine__sample0__initial_bandit.stderr.txt,False
HumanEval/62,derivative,zero_shot,0,"from typing import List

def derivative(xs: List[int]) -> List[int]:
    """"""
    xs represents the coefficients of a polynomial:
    xs[0] + xs[1] * x + xs[2] * x^2 + ....
    Return the derivative of this polynomial in the same form.

    Examples:
        >>> derivative([3, 1, 2, 4, 5])
        [1, 4, 12, 20]
        >>> derivative([1, 2, 3])
        [2, 6]
    """"""
    if len(xs) <= 1:
        return []
    result = []
    for i in range(1, len(xs)):
        result.append(xs[i] * i)
    return result",raw_generations/HumanEval_62/zero_shot_sample0.py,,,True,,7.5,0,3.0,3,91.92082496202968,outputs_deepseek_prompt_v3\reports\static_analysis\pylint\HumanEval_62__zero_shot__sample0__final_pylint.txt,outputs_deepseek_prompt_v3\reports\static_analysis\bandit\HumanEval_62__zero_shot__sample0__final_bandit.json,outputs_deepseek_prompt_v3\reports\static_analysis\bandit\HumanEval_62__zero_shot__sample0__final_bandit.stderr.txt,True,passed,8.0,7.0,8.0,9.0,7.0,7.0,The code is clear and efficient but could be more Pythonic with list comprehensions and better handling of edge cases like empty input.,,,,,,,
HumanEval/62,derivative,constraint_guided,0,"from typing import List


def derivative(xs: List[int]) -> List[int]:
    """"""
    Compute the derivative of a polynomial represented by its coefficients.

    The polynomial is represented as:
        xs[0] + xs[1] * x + xs[2] * x^2 + xs[3] * x^3 + ...

    The derivative is computed term by term:
        For term i: coefficient = xs[i] * i, exponent = i-1
        The constant term (i=0) disappears in the derivative.

    Args:
        xs: List of polynomial coefficients where index represents exponent.

    Returns:
        List of coefficients of the derivative polynomial.

    Examples:
        >>> derivative([3, 1, 2, 4, 5])
        [1, 4, 12, 20]
        >>> derivative([1, 2, 3])
        [2, 6]
    """"""
    if len(xs) <= 1:
        return []

    derivative_coeffs = []
    for exponent, coefficient in enumerate(xs[1:], start=1):
        derivative_coeffs.append(coefficient * exponent)

    return derivative_coeffs",raw_generations/HumanEval_62/constraint_guided_sample0.py,,,True,,7.5,0,3.0,3,73.97473235348275,outputs_deepseek_prompt_v3\reports\static_analysis\pylint\HumanEval_62__constraint_guided__sample0__final_pylint.txt,outputs_deepseek_prompt_v3\reports\static_analysis\bandit\HumanEval_62__constraint_guided__sample0__final_bandit.json,outputs_deepseek_prompt_v3\reports\static_analysis\bandit\HumanEval_62__constraint_guided__sample0__final_bandit.stderr.txt,True,passed,9.0,9.0,10.0,9.0,9.0,9.0,"Excellent code with clear logic, proper edge case handling, and idiomatic Python usage; minor improvements could include using list comprehensions for conciseness.",,,,,,,
HumanEval/62,derivative,structured_cot,0,"from typing import List


def derivative(xs: List[int]) -> List[int]:
    """"""
    xs represents the coefficients of a polynomial:
    xs[0] + xs[1] * x + xs[2] * x^2 + ....
    Return the derivative of this polynomial in the same form.

    Examples:
        >>> derivative([3, 1, 2, 4, 5])
        [1, 4, 12, 20]
        >>> derivative([1, 2, 3])
        [2, 6]
    """"""
    if len(xs) <= 1:
        return []
    return [coeff * power for power, coeff in enumerate(xs) if power > 0]",raw_generations/HumanEval_62/structured_cot_sample0.py,,,True,,6.0,0,4.0,4,78.59551205584768,outputs_deepseek_prompt_v3\reports\static_analysis\pylint\HumanEval_62__structured_cot__sample0__final_pylint.txt,outputs_deepseek_prompt_v3\reports\static_analysis\bandit\HumanEval_62__structured_cot__sample0__final_bandit.json,outputs_deepseek_prompt_v3\reports\static_analysis\bandit\HumanEval_62__structured_cot__sample0__final_bandit.stderr.txt,True,passed,9.0,9.0,8.0,10.0,9.0,9.0,"Clean, efficient implementation with minor edge case handling that could be slightly improved for empty list input.",,,,,,,
HumanEval/62,derivative,self_refine,0,"""""""
Polynomial derivative calculation.

This module provides a function to compute the derivative of a polynomial
represented by its coefficients.
""""""

from typing import List


def derivative(xs: List[int]) -> List[int]:
    """"""
    Compute the derivative of a polynomial given its coefficients.

    The polynomial is represented as:
        xs[0] + xs[1] * x + xs[2] * x^2 + xs[3] * x^3 + ...

    The derivative is returned in the same coefficient representation.

    Args:
        xs: List of integer coefficients where xs[i] is the coefficient for x^i.

    Returns:
        List of integer coefficients for the derivative polynomial.

    Examples:
        >>> derivative([3, 1, 2, 4, 5])
        [1, 4, 12, 20]
        >>> derivative([1, 2, 3])
        [2, 6]
    """"""
    if len(xs) <= 1:
        return []

    derivative_coeffs = []
    for power, coeff in enumerate(xs[1:], start=1):
        derivative_coeffs.append(coeff * power)

    return derivative_coeffs",raw_generations/HumanEval_62/self_refine_sample0.py,"""""""
Polynomial derivative calculation.

This module provides a function to compute the derivative of a polynomial
represented by its coefficients.
""""""

from typing import List


def derivative(xs: List[int]) -> List[int]:
    """"""
    Compute the derivative of a polynomial given its coefficients.

    The polynomial is represented as:
        xs[0] + xs[1] * x + xs[2] * x^2 + xs[3] * x^3 + ...

    The derivative is returned in the same coefficient representation.

    Args:
        xs: List of integer coefficients where xs[i] is the coefficient for x^i.

    Returns:
        List of integer coefficients for the derivative polynomial.

    Examples:
        >>> derivative([3, 1, 2, 4, 5])
        [1, 4, 12, 20]
        >>> derivative([1, 2, 3])
        [2, 6]
    """"""
    if len(xs) <= 1:
        return []

    derivative_coeffs = []
    for power, coeff in enumerate(xs[1:], start=1):
        derivative_coeffs.append(coeff * power)

    return derivative_coeffs",raw_generations/HumanEval_62/self_refine_sample0_initial.py,True,,8.75,0,3.0,3,65.52060398767875,outputs_deepseek_prompt_v3\reports\static_analysis\pylint\HumanEval_62__self_refine__sample0__final_pylint.txt,outputs_deepseek_prompt_v3\reports\static_analysis\bandit\HumanEval_62__self_refine__sample0__final_bandit.json,outputs_deepseek_prompt_v3\reports\static_analysis\bandit\HumanEval_62__self_refine__sample0__final_bandit.stderr.txt,True,passed,9.0,9.0,9.0,9.0,9.0,9.0,"Excellent implementation with clear documentation, proper edge case handling, and efficient use of enumerate with start parameter.",8.75,True,passed,outputs_deepseek_prompt_v3\reports\static_analysis\pylint\HumanEval_62__self_refine__sample0__initial_pylint.txt,outputs_deepseek_prompt_v3\reports\static_analysis\bandit\HumanEval_62__self_refine__sample0__initial_bandit.json,outputs_deepseek_prompt_v3\reports\static_analysis\bandit\HumanEval_62__self_refine__sample0__initial_bandit.stderr.txt,False
HumanEval/63,fibfib,zero_shot,0,"def fibfib(n: int) -> int:
    if n == 0 or n == 1:
        return 0
    if n == 2:
        return 1
    
    a, b, c = 0, 0, 1
    for _ in range(3, n + 1):
        a, b, c = b, c, a + b + c
    return c",raw_generations/HumanEval_63/zero_shot_sample0.py,,,True,,4.44,0,5.0,5,65.274559393729,outputs_deepseek_prompt_v3\reports\static_analysis\pylint\HumanEval_63__zero_shot__sample0__final_pylint.txt,outputs_deepseek_prompt_v3\reports\static_analysis\bandit\HumanEval_63__zero_shot__sample0__final_bandit.json,outputs_deepseek_prompt_v3\reports\static_analysis\bandit\HumanEval_63__zero_shot__sample0__final_bandit.stderr.txt,True,passed,9.0,9.0,10.0,10.0,9.0,9.0,"Excellent implementation with clear variable names, optimal O(n) time and O(1) space complexity, and proper handling of base cases and iterative computation.",,,,,,,
HumanEval/63,fibfib,constraint_guided,0,"""""""
Module for computing the FibFib number sequence.
""""""


def fibfib(n: int) -> int:
    """"""
    Compute the n-th element of the FibFib number sequence.

    The sequence is defined as:
        fibfib(0) = 0
        fibfib(1) = 0
        fibfib(2) = 1
        fibfib(n) = fibfib(n-1) + fibfib(n-2) + fibfib(n-3) for n >= 3

    Args:
        n: The index of the FibFib number to compute.

    Returns:
        The n-th FibFib number.

    Examples:
        >>> fibfib(1)
        0
        >>> fibfib(5)
        4
        >>> fibfib(8)
        24
    """"""
    if n < 0:
        raise ValueError(""n must be non-negative"")
    if n == 0 or n == 1:
        return 0
    if n == 2:
        return 1

    a, b, c = 0, 0, 1  # fibfib(0), fibfib(1), fibfib(2)
    for _ in range(3, n + 1):
        a, b, c = b, c, a + b + c
    return c",raw_generations/HumanEval_63/constraint_guided_sample0.py,,,True,,8.18,0,6.0,6,65.3993562660156,outputs_deepseek_prompt_v3\reports\static_analysis\pylint\HumanEval_63__constraint_guided__sample0__final_pylint.txt,outputs_deepseek_prompt_v3\reports\static_analysis\bandit\HumanEval_63__constraint_guided__sample0__final_bandit.json,outputs_deepseek_prompt_v3\reports\static_analysis\bandit\HumanEval_63__constraint_guided__sample0__final_bandit.stderr.txt,True,passed,9.0,9.0,10.0,10.0,9.0,9.0,"Excellent implementation with clear documentation, efficient iterative solution, and proper error handling for negative inputs.",,,,,,,
HumanEval/63,fibfib,structured_cot,0,"def fibfib(n: int) -> int:
    """"""
    The FibFib number sequence is a sequence similar to the Fibbonacci sequnece that's defined as follows:
        fibfib(0) == 0
        fibfib(1) == 0
        fibfib(2) == 1
        fibfib(n) == fibfib(n - 1) + fibfib(n - 2) + fibfib(n - 3)
    Please write a function to efficiently compute the n-th element of the fibfib number sequence.

    Examples:
        >>> fibfib(1)
        0
        >>> fibfib(5)
        4
        >>> fibfib(8)
        24
    """"""
    if n < 2:
        return 0
    if n == 2:
        return 1

    a, b, c = 0, 0, 1
    for _ in range(3, n + 1):
        a, b, c = b, c, a + b + c
    return c",raw_generations/HumanEval_63/structured_cot_sample0.py,,,True,,6.67,0,4.0,4,78.91452402529583,outputs_deepseek_prompt_v3\reports\static_analysis\pylint\HumanEval_63__structured_cot__sample0__final_pylint.txt,outputs_deepseek_prompt_v3\reports\static_analysis\bandit\HumanEval_63__structured_cot__sample0__final_bandit.json,outputs_deepseek_prompt_v3\reports\static_analysis\bandit\HumanEval_63__structured_cot__sample0__final_bandit.stderr.txt,True,passed,9.0,9.0,10.0,10.0,9.0,9.0,"Excellent implementation with clear variable names, efficient iterative approach, and proper handling of base cases.",,,,,,,
HumanEval/63,fibfib,self_refine,0,"def fibfib(n: int) -> int:
    """"""
    Compute the n-th element of the FibFib number sequence.

    Args:
        n: The index of the FibFib number to compute.

    Returns:
        The n-th FibFib number.

    Examples:
        >>> fibfib(1)
        0
        >>> fibfib(5)
        4
        >>> fibfib(8)
        24
    """"""
    if n < 0:
        raise ValueError(""n must be non-negative"")

    if n in (0, 1):
        return 0
    if n == 2:
        return 1

    a, b, c = 0, 0, 1
    for _ in range(3, n + 1):
        a, b, c = b, c, a + b + c

    return c",raw_generations/HumanEval_63/self_refine_sample0.py,"""""""
Module for computing the FibFib number sequence.
The FibFib sequence is defined by:
    fibfib(0) = 0
    fibfib(1) = 0
    fibfib(2) = 1
    fibfib(n) = fibfib(n-1) + fibfib(n-2) + fibfib(n-3) for n >= 3
""""""


def fibfib(n: int) -> int:
    """"""
    Compute the n-th element of the FibFib number sequence.

    Args:
        n: The index of the FibFib number to compute.

    Returns:
        The n-th FibFib number.

    Examples:
        >>> fibfib(1)
        0
        >>> fibfib(5)
        4
        >>> fibfib(8)
        24
    """"""
    if n < 0:
        raise ValueError(""n must be non-negative"")

    if n == 0 or n == 1:
        return 0
    if n == 2:
        return 1

    a, b, c = 0, 0, 1
    for _ in range(3, n + 1):
        a, b, c = b, c, a + b + c

    return c",raw_generations/HumanEval_63/self_refine_sample0_initial.py,True,,8.18,0,5.0,5,84.07400041575235,outputs_deepseek_prompt_v3\reports\static_analysis\pylint\HumanEval_63__self_refine__sample0__final_pylint.txt,outputs_deepseek_prompt_v3\reports\static_analysis\bandit\HumanEval_63__self_refine__sample0__final_bandit.json,outputs_deepseek_prompt_v3\reports\static_analysis\bandit\HumanEval_63__self_refine__sample0__final_bandit.stderr.txt,True,passed,9.0,9.0,9.0,10.0,9.0,9.0,"Excellent implementation with clear documentation, efficient iterative approach, and proper error handling.",8.18,True,passed,outputs_deepseek_prompt_v3\reports\static_analysis\pylint\HumanEval_63__self_refine__sample0__initial_pylint.txt,outputs_deepseek_prompt_v3\reports\static_analysis\bandit\HumanEval_63__self_refine__sample0__initial_bandit.json,outputs_deepseek_prompt_v3\reports\static_analysis\bandit\HumanEval_63__self_refine__sample0__initial_bandit.stderr.txt,True
HumanEval/64,vowels_count,zero_shot,0,"def vowels_count(s: str) -> int:
    vowels = set('aeiou')
    s = s.strip()
    count = 0
    for i, ch in enumerate(s):
        if ch.lower() in vowels:
            count += 1
        elif ch.lower() == 'y' and i == len(s) - 1:
            count += 1
    return count",raw_generations/HumanEval_64/zero_shot_sample0.py,,,True,,7.0,0,5.0,5,64.03969247924633,outputs_deepseek_prompt_v3\reports\static_analysis\pylint\HumanEval_64__zero_shot__sample0__final_pylint.txt,outputs_deepseek_prompt_v3\reports\static_analysis\bandit\HumanEval_64__zero_shot__sample0__final_bandit.json,outputs_deepseek_prompt_v3\reports\static_analysis\bandit\HumanEval_64__zero_shot__sample0__final_bandit.stderr.txt,False,assertion_failed: ,8.0,7.0,6.0,8.0,7.0,7.0,"The code is generally clean and efficient, but it fails to correctly handle the specification that trailing special characters or spaces should not affect whether 'y' is considered the last letter, as strip() removes them entirely.",,,,,,,
HumanEval/64,vowels_count,constraint_guided,0,"""""""
Module for counting vowels in words with special handling for 'y' at word endings.
""""""


def vowels_count(s: str) -> int:
    """"""
    Count vowels in a word string.

    Vowels are 'a', 'e', 'i', 'o', 'u'. Additionally, 'y' is considered
    a vowel only when it appears at the end of the word. Trailing special
    characters and spaces are ignored when determining the end position.

    Args:
        s: A string representing a single word.

    Returns:
        The number of vowels in the word.

    Examples:
        >>> vowels_count(""abcde"")
        2
        >>> vowels_count("" ACEDY!"")
        3
    """"""
    vowels = set(""aeiou"")
    count = 0

    # Find the last alphabetic character to determine if 'y' at end is a vowel
    last_alpha_index = -1
    for i, char in enumerate(s):
        if char.isalpha():
            last_alpha_index = i

    for i, char in enumerate(s):
        lower_char = char.lower()
        if lower_char in vowels:
            count += 1
        elif lower_char == 'y' and i == last_alpha_index:
            count += 1

    return count",raw_generations/HumanEval_64/constraint_guided_sample0.py,,,True,,9.29,0,7.0,7,79.06530502151313,outputs_deepseek_prompt_v3\reports\static_analysis\pylint\HumanEval_64__constraint_guided__sample0__final_pylint.txt,outputs_deepseek_prompt_v3\reports\static_analysis\bandit\HumanEval_64__constraint_guided__sample0__final_bandit.json,outputs_deepseek_prompt_v3\reports\static_analysis\bandit\HumanEval_64__constraint_guided__sample0__final_bandit.stderr.txt,False,assertion_failed: ,8.0,7.0,6.0,6.0,7.0,7.0,"The code is generally clear and well-structured, but it has correctness issues with edge cases (e.g., empty strings) and inefficiency due to double iteration over the string.",,,,,,,
HumanEval/64,vowels_count,structured_cot,0,"def vowels_count(s: str) -> int:
    """"""
    Count vowels in a word. Vowels are 'a', 'e', 'i', 'o', 'u'.
    'y' is also a vowel, but only when it is at the end of the word.
    Trailing special characters or spaces are ignored.
    """"""
    vowels = set('aeiou')
    word = s.strip().rstrip('!?., ')
    count = sum(1 for ch in word.lower() if ch in vowels)
    if word and word[-1].lower() == 'y':
        count += 1
    return count",raw_generations/HumanEval_64/structured_cot_sample0.py,,,True,,7.14,0,5.0,5,96.3884990394578,outputs_deepseek_prompt_v3\reports\static_analysis\pylint\HumanEval_64__structured_cot__sample0__final_pylint.txt,outputs_deepseek_prompt_v3\reports\static_analysis\bandit\HumanEval_64__structured_cot__sample0__final_bandit.json,outputs_deepseek_prompt_v3\reports\static_analysis\bandit\HumanEval_64__structured_cot__sample0__final_bandit.stderr.txt,True,passed,8.0,7.0,6.0,8.0,8.0,7.0,"The code is readable and efficient, but fails to correctly handle trailing numbers and letters affecting 'y' vowel status as specified.",,,,,,,
HumanEval/64,vowels_count,self_refine,0,"""""""
Module for counting vowels in a word, with special handling for 'y' at the end.
""""""


def vowels_count(s: str) -> int:
    """"""
    Count vowels in a word.

    Vowels are 'a', 'e', 'i', 'o', 'u'. Additionally, 'y' is considered a vowel
    only when it appears at the end of the word. Trailing special characters
    or spaces are ignored, but letters and numbers affect whether 'y' is at the end.

    Args:
        s: A string representing a single word.

    Returns:
        The number of vowels in the word.

    Examples:
        >>> vowels_count(""abcde"")
        2
        >>> vowels_count("" ACEDY!"")
        3
    """"""
    vowels = set(""aeiou"")
    count = 0

    # Process each character in the string
    for i, ch in enumerate(s):
        ch_lower = ch.lower()
        if ch_lower in vowels:
            count += 1
        elif ch_lower == 'y':
            # Check if this 'y' is at the end of the word
            # Look ahead to see if only non-letter/non-digit characters follow
            rest = s[i + 1:]
            if not rest or not any(c.isalnum() for c in rest):
                count += 1

    return count",raw_generations/HumanEval_64/self_refine_sample0.py,"""""""
Module for counting vowels in a word, with special handling for 'y' at the end.
""""""


def vowels_count(s: str) -> int:
    """"""
    Count vowels in a word.

    Vowels are 'a', 'e', 'i', 'o', 'u'. Additionally, 'y' is considered a vowel
    only when it appears at the end of the word. Trailing special characters
    or spaces are ignored, but letters and numbers affect whether 'y' is at the end.

    Args:
        s: A string representing a single word.

    Returns:
        The number of vowels in the word.

    Examples:
        >>> vowels_count(""abcde"")
        2
        >>> vowels_count("" ACEDY!"")
        3
    """"""
    vowels = set(""aeiou"")
    count = 0

    # Process each character in the string
    for i, ch in enumerate(s):
        ch_lower = ch.lower()
        if ch_lower in vowels:
            count += 1
        elif ch_lower == 'y':
            # Check if this 'y' is at the end of the word
            # Look ahead to see if only non-letter/non-digit characters follow
            rest = s[i + 1:]
            if not rest or not any(c.isalnum() for c in rest):
                count += 1

    return count",raw_generations/HumanEval_64/self_refine_sample0_initial.py,True,,9.17,0,7.0,7,71.25929852428743,outputs_deepseek_prompt_v3\reports\static_analysis\pylint\HumanEval_64__self_refine__sample0__final_pylint.txt,outputs_deepseek_prompt_v3\reports\static_analysis\bandit\HumanEval_64__self_refine__sample0__final_bandit.json,outputs_deepseek_prompt_v3\reports\static_analysis\bandit\HumanEval_64__self_refine__sample0__final_bandit.stderr.txt,True,passed,8.0,7.0,6.0,6.0,7.0,6.8,"The code is generally readable and well-structured, but has correctness issues with the 'y' vowel logic and inefficient repeated scanning of the remaining string for each 'y' character.",9.17,True,passed,outputs_deepseek_prompt_v3\reports\static_analysis\pylint\HumanEval_64__self_refine__sample0__initial_pylint.txt,outputs_deepseek_prompt_v3\reports\static_analysis\bandit\HumanEval_64__self_refine__sample0__initial_bandit.json,outputs_deepseek_prompt_v3\reports\static_analysis\bandit\HumanEval_64__self_refine__sample0__initial_bandit.stderr.txt,False
HumanEval/65,circular_shift,zero_shot,0,"def circular_shift(x: int, shift: int) -> str:
    s = str(x)
    n = len(s)
    if shift > n:
        return s[::-1]
    shift = shift % n
    return s[-shift:] + s[:-shift]",raw_generations/HumanEval_65/zero_shot_sample0.py,,,True,,5.71,0,2.0,2,67.1718243110401,outputs_deepseek_prompt_v3\reports\static_analysis\pylint\HumanEval_65__zero_shot__sample0__final_pylint.txt,outputs_deepseek_prompt_v3\reports\static_analysis\bandit\HumanEval_65__zero_shot__sample0__final_bandit.json,outputs_deepseek_prompt_v3\reports\static_analysis\bandit\HumanEval_65__zero_shot__sample0__final_bandit.stderr.txt,True,passed,8.0,8.0,9.0,9.0,9.0,9.0,"Clean, efficient, and idiomatic implementation with clear variable names and proper handling of edge cases.",,,,,,,
HumanEval/65,circular_shift,constraint_guided,0,"""""""
Module for performing circular shift operations on integer digits.
""""""


def circular_shift(x: int, shift: int) -> str:
    """"""
    Circular shift the digits of the integer x, shift the digits right by shift
    and return the result as a string.
    If shift > number of digits, return digits reversed.

    Examples:
        >>> circular_shift(12, 1)
        ""21""
        >>> circular_shift(12, 2)
        ""12""
    """"""
    digits = str(x)
    digit_count = len(digits)

    if shift > digit_count:
        return digits[::-1]

    if shift == 0:
        return digits

    split_point = digit_count - shift
    return digits[split_point:] + digits[:split_point]",raw_generations/HumanEval_65/constraint_guided_sample0.py,,,True,,8.89,0,3.0,3,81.2225672887597,outputs_deepseek_prompt_v3\reports\static_analysis\pylint\HumanEval_65__constraint_guided__sample0__final_pylint.txt,outputs_deepseek_prompt_v3\reports\static_analysis\bandit\HumanEval_65__constraint_guided__sample0__final_bandit.json,outputs_deepseek_prompt_v3\reports\static_analysis\bandit\HumanEval_65__constraint_guided__sample0__final_bandit.stderr.txt,False,assertion_failed: ,9.0,9.0,10.0,10.0,9.0,9.0,"Excellent implementation with clear logic, proper edge case handling, and efficient string slicing operations.",,,,,,,
HumanEval/65,circular_shift,structured_cot,0,"def circular_shift(x: int, shift: int) -> str:
    """"""
    Circular shift the digits of the integer x, shift the digits right by shift
    and return the result as a string.
    If shift > number of digits, return digits reversed.

    Examples:
        >>> circular_shift(12, 1)
        ""21""
        >>> circular_shift(12, 2)
        ""12""
    """"""
    digits = str(x)
    n = len(digits)
    
    if shift > n:
        return digits[::-1]
    
    shift %= n
    if shift == 0:
        return digits
    
    return digits[-shift:] + digits[:-shift]",raw_generations/HumanEval_65/structured_cot_sample0.py,,,True,,4.44,0,3.0,3,87.40150984976168,outputs_deepseek_prompt_v3\reports\static_analysis\pylint\HumanEval_65__structured_cot__sample0__final_pylint.txt,outputs_deepseek_prompt_v3\reports\static_analysis\bandit\HumanEval_65__structured_cot__sample0__final_bandit.json,outputs_deepseek_prompt_v3\reports\static_analysis\bandit\HumanEval_65__structured_cot__sample0__final_bandit.stderr.txt,True,passed,9.0,9.0,8.0,9.0,9.0,8.0,Clean and efficient implementation with minor edge case oversight for negative shift values.,,,,,,,
HumanEval/65,circular_shift,self_refine,0,"def circular_shift(x: int, shift: int) -> str:
    """"""
    Circular shift the digits of the integer x, shift the digits right by shift
    and return the result as a string.
    If shift > number of digits, return digits reversed.

    Args:
        x: The integer whose digits will be shifted.
        shift: The number of positions to shift right.

    Returns:
        A string representing the circularly shifted digits.

    Examples:
        >>> circular_shift(12, 1)
        ""21""
        >>> circular_shift(12, 2)
        ""12""
    """"""
    digits = str(x)
    num_digits = len(digits)

    if shift > num_digits:
        return digits[::-1]

    if shift < 0:
        shift = shift % num_digits

    split_point = num_digits - shift
    right_part = digits[split_point:]
    left_part = digits[:split_point]
    return right_part + left_part",raw_generations/HumanEval_65/self_refine_sample0.py,"""""""
Module for performing circular shift operations on integer digits.
""""""


def circular_shift(x: int, shift: int) -> str:
    """"""
    Circular shift the digits of the integer x, shift the digits right by shift
    and return the result as a string.
    If shift > number of digits, return digits reversed.

    Args:
        x: The integer whose digits will be shifted.
        shift: The number of positions to shift right.

    Returns:
        A string representing the circularly shifted digits.

    Examples:
        >>> circular_shift(12, 1)
        ""21""
        >>> circular_shift(12, 2)
        ""12""
    """"""
    digits = str(x)
    num_digits = len(digits)

    if shift > num_digits:
        return digits[::-1]

    split_point = num_digits - shift
    right_part = digits[split_point:]
    left_part = digits[:split_point]
    return right_part + left_part",raw_generations/HumanEval_65/self_refine_sample0_initial.py,True,,8.18,0,3.0,3,80.76570884297642,outputs_deepseek_prompt_v3\reports\static_analysis\pylint\HumanEval_65__self_refine__sample0__final_pylint.txt,outputs_deepseek_prompt_v3\reports\static_analysis\bandit\HumanEval_65__self_refine__sample0__final_bandit.json,outputs_deepseek_prompt_v3\reports\static_analysis\bandit\HumanEval_65__self_refine__sample0__final_bandit.stderr.txt,True,passed,9.0,8.0,7.0,9.0,8.0,8.0,The code is clean and efficient but has a correctness issue with negative shift handling that contradicts the specification.,8.89,False,assertion_failed: ,outputs_deepseek_prompt_v3\reports\static_analysis\pylint\HumanEval_65__self_refine__sample0__initial_pylint.txt,outputs_deepseek_prompt_v3\reports\static_analysis\bandit\HumanEval_65__self_refine__sample0__initial_bandit.json,outputs_deepseek_prompt_v3\reports\static_analysis\bandit\HumanEval_65__self_refine__sample0__initial_bandit.stderr.txt,True
HumanEval/66,digitSum,zero_shot,0,"def digitSum(s: str) -> int:
    return sum(ord(c) for c in s if c.isupper())",raw_generations/HumanEval_66/zero_shot_sample0.py,,,True,,0.0,0,3.0,3,100.0,outputs_deepseek_prompt_v3\reports\static_analysis\pylint\HumanEval_66__zero_shot__sample0__final_pylint.txt,outputs_deepseek_prompt_v3\reports\static_analysis\bandit\HumanEval_66__zero_shot__sample0__final_bandit.json,outputs_deepseek_prompt_v3\reports\static_analysis\bandit\HumanEval_66__zero_shot__sample0__final_bandit.stderr.txt,True,passed,9.0,9.0,10.0,10.0,10.0,9.0,"Excellent, concise, and idiomatic implementation that correctly sums ASCII codes of uppercase characters with perfect efficiency and readability.",,,,,,,
HumanEval/66,digitSum,constraint_guided,0,"""""""
Module for calculating the sum of ASCII codes of uppercase characters in a string.
""""""


def digitSum(s: str) -> int:
    """"""
    Return the sum of ASCII codes of uppercase characters in the given string.

    Args:
        s: Input string.

    Returns:
        Sum of ASCII codes of uppercase characters. Returns 0 for empty string.
    """"""
    total = 0
    for char in s:
        if char.isupper():
            total += ord(char)
    return total",raw_generations/HumanEval_66/constraint_guided_sample0.py,,,True,,6.67,0,3.0,3,88.30746126952393,outputs_deepseek_prompt_v3\reports\static_analysis\pylint\HumanEval_66__constraint_guided__sample0__final_pylint.txt,outputs_deepseek_prompt_v3\reports\static_analysis\bandit\HumanEval_66__constraint_guided__sample0__final_bandit.json,outputs_deepseek_prompt_v3\reports\static_analysis\bandit\HumanEval_66__constraint_guided__sample0__final_bandit.stderr.txt,True,passed,9.0,8.0,9.0,9.0,9.0,9.0,"Clean, efficient, and well-documented implementation that correctly solves the problem with good Pythonic style.",,,,,,,
HumanEval/66,digitSum,structured_cot,0,"def digitSum(s: str) -> int:
    """"""
    Take a string as input and return the sum of the ASCII codes from upper characters only.

    Examples:
        digitSum("""") => 0
        digitSum(""abAB"") => 131
        digitSum(""abcCd"") => 67
        digitSum(""helloE"") => 69
        digitSum(""woArBld"") => 131
        digitSum(""aAaaaXa"") => 153
    """"""
    return sum(ord(c) for c in s if c.isupper())",raw_generations/HumanEval_66/structured_cot_sample0.py,,,True,,0.0,0,3.0,3,100.0,outputs_deepseek_prompt_v3\reports\static_analysis\pylint\HumanEval_66__structured_cot__sample0__final_pylint.txt,outputs_deepseek_prompt_v3\reports\static_analysis\bandit\HumanEval_66__structured_cot__sample0__final_bandit.json,outputs_deepseek_prompt_v3\reports\static_analysis\bandit\HumanEval_66__structured_cot__sample0__final_bandit.stderr.txt,True,passed,9.0,9.0,10.0,10.0,10.0,9.0,"Excellent, concise, and idiomatic implementation that correctly fulfills the specification with optimal efficiency.",,,,,,,
HumanEval/66,digitSum,self_refine,0,"""""""
Module for calculating the sum of ASCII codes of uppercase characters in a string.
""""""


def digitSum(s: str) -> int:
    """"""
    Return the sum of ASCII codes of uppercase characters in the given string.

    Args:
        s: Input string.

    Returns:
        Sum of ASCII codes of uppercase characters. Returns 0 for empty string.
    """"""
    total = 0
    for char in s:
        if char.isupper():
            total += ord(char)
    return total",raw_generations/HumanEval_66/self_refine_sample0.py,"""""""
Module for calculating the sum of ASCII codes of uppercase characters in a string.
""""""


def digitSum(s: str) -> int:
    """"""
    Return the sum of ASCII codes of uppercase characters in the given string.

    Args:
        s: Input string.

    Returns:
        Sum of ASCII codes of uppercase characters. Returns 0 for empty string.
    """"""
    total = 0
    for char in s:
        if char.isupper():
            total += ord(char)
    return total",raw_generations/HumanEval_66/self_refine_sample0_initial.py,True,,6.67,0,3.0,3,88.30746126952393,outputs_deepseek_prompt_v3\reports\static_analysis\pylint\HumanEval_66__self_refine__sample0__final_pylint.txt,outputs_deepseek_prompt_v3\reports\static_analysis\bandit\HumanEval_66__self_refine__sample0__final_bandit.json,outputs_deepseek_prompt_v3\reports\static_analysis\bandit\HumanEval_66__self_refine__sample0__final_bandit.stderr.txt,True,passed,9.0,9.0,10.0,9.0,8.0,9.0,"Clean, correct, and efficient implementation with excellent readability and maintainability, though a more Pythonic approach could use a generator expression.",6.67,True,passed,outputs_deepseek_prompt_v3\reports\static_analysis\pylint\HumanEval_66__self_refine__sample0__initial_pylint.txt,outputs_deepseek_prompt_v3\reports\static_analysis\bandit\HumanEval_66__self_refine__sample0__initial_bandit.json,outputs_deepseek_prompt_v3\reports\static_analysis\bandit\HumanEval_66__self_refine__sample0__initial_bandit.stderr.txt,False
HumanEval/67,fruit_distribution,zero_shot,0,"def fruit_distribution(s: str, n: int) -> int:
    import re
    numbers = re.findall(r'\d+', s)
    total_apples_oranges = sum(map(int, numbers))
    return n - total_apples_oranges",raw_generations/HumanEval_67/zero_shot_sample0.py,,,True,,2.0,0,1.0,1,79.87684562974381,outputs_deepseek_prompt_v3\reports\static_analysis\pylint\HumanEval_67__zero_shot__sample0__final_pylint.txt,outputs_deepseek_prompt_v3\reports\static_analysis\bandit\HumanEval_67__zero_shot__sample0__final_bandit.json,outputs_deepseek_prompt_v3\reports\static_analysis\bandit\HumanEval_67__zero_shot__sample0__final_bandit.stderr.txt,True,passed,8.0,7.0,9.0,9.0,8.0,8.0,"Clean and efficient solution using regex, but lacks explicit validation for malformed input strings.",,,,,,,
HumanEval/67,fruit_distribution,constraint_guided,0,"""""""
This module provides a function to calculate the number of mango fruits in a basket
given a string describing apples and oranges, and the total number of fruits.
""""""


def fruit_distribution(s: str, n: int) -> int:
    """"""
    Calculate the number of mango fruits in a basket.

    The basket contains apples, oranges, and mangoes. The input string describes
    the number of apples and oranges, and the total number of fruits is given.
    The number of mangoes is the total minus the apples and oranges.

    Args:
        s: A string describing the number of apples and oranges.
        n: The total number of fruits in the basket.

    Returns:
        The number of mango fruits in the basket.

    Examples:
        >>> fruit_distribution(""5 apples and 6 oranges"", 19)
        8
        >>> fruit_distribution(""0 apples and 1 orange"", 3)
        2
        >>> fruit_distribution(""2 apples and 3 oranges"", 100)
        95
        >>> fruit_distribution(""100 apples and 1 orange"", 120)
        19
    """"""
    total_apples_oranges = 0
    current_number = """"

    for char in s:
        if char.isdigit():
            current_number += char
        elif current_number:
            total_apples_oranges += int(current_number)
            current_number = """"

    if current_number:
        total_apples_oranges += int(current_number)

    return n - total_apples_oranges",raw_generations/HumanEval_67/constraint_guided_sample0.py,,,True,,9.17,0,5.0,5,69.55915409384653,outputs_deepseek_prompt_v3\reports\static_analysis\pylint\HumanEval_67__constraint_guided__sample0__final_pylint.txt,outputs_deepseek_prompt_v3\reports\static_analysis\bandit\HumanEval_67__constraint_guided__sample0__final_bandit.json,outputs_deepseek_prompt_v3\reports\static_analysis\bandit\HumanEval_67__constraint_guided__sample0__final_bandit.stderr.txt,True,passed,8.0,7.0,8.0,8.0,6.0,7.0,"The code is clear and functional but uses a manual parsing approach instead of more Pythonic methods like regex or string splitting, and lacks robust error handling for malformed inputs.",,,,,,,
HumanEval/67,fruit_distribution,structured_cot,0,"def fruit_distribution(s: str, n: int) -> int:
    """"""
    Calculate the number of mango fruits in the basket.

    The basket contains apples, oranges, and mangoes.
    The string s describes the count of apples and oranges.
    The integer n is the total number of fruits in the basket.
    Return the number of mangoes.
    """"""
    import re
    numbers = list(map(int, re.findall(r'\d+', s)))
    return n - sum(numbers)",raw_generations/HumanEval_67/structured_cot_sample0.py,,,True,,2.5,0,1.0,1,91.27654850823647,outputs_deepseek_prompt_v3\reports\static_analysis\pylint\HumanEval_67__structured_cot__sample0__final_pylint.txt,outputs_deepseek_prompt_v3\reports\static_analysis\bandit\HumanEval_67__structured_cot__sample0__final_bandit.json,outputs_deepseek_prompt_v3\reports\static_analysis\bandit\HumanEval_67__structured_cot__sample0__final_bandit.stderr.txt,True,passed,8.0,7.0,6.0,9.0,8.0,7.0,The code is clean and efficient but lacks proper validation for edge cases like malformed strings or negative numbers.,,,,,,,
HumanEval/67,fruit_distribution,self_refine,0,"""""""
This module provides a function to calculate the number of mango fruits in a basket
given the count of apples and oranges and the total number of fruits.
""""""


def fruit_distribution(s: str, n: int) -> int:
    """"""
    Calculate the number of mango fruits in a basket.

    The function takes a string describing the number of apples and oranges,
    and the total number of fruits in the basket. It returns the number of
    mango fruits, which is the total minus the apples and oranges.

    Args:
        s: A string describing the number of apples and oranges.
           Example: ""5 apples and 6 oranges""
        n: The total number of fruits in the basket.

    Returns:
        The number of mango fruits in the basket.
    """"""
    words = s.split()
    apples = 0
    oranges = 0

    for i, word in enumerate(words):
        if word.isdigit():
            if i + 1 < len(words) and words[i + 1] == ""apples"":
                apples = int(word)
            elif i + 1 < len(words) and words[i + 1] == ""oranges"":
                oranges = int(word)

    mangoes = n - apples - oranges
    return mangoes",raw_generations/HumanEval_67/self_refine_sample0.py,"""""""
This module provides a function to calculate the number of mango fruits in a basket
given the count of apples and oranges and the total number of fruits.
""""""


def fruit_distribution(s: str, n: int) -> int:
    """"""
    Calculate the number of mango fruits in a basket.

    The function takes a string describing the number of apples and oranges,
    and the total number of fruits in the basket. It returns the number of
    mango fruits, which is the total minus the apples and oranges.

    Args:
        s: A string describing the number of apples and oranges.
           Example: ""5 apples and 6 oranges""
        n: The total number of fruits in the basket.

    Returns:
        The number of mango fruits in the basket.
    """"""
    words = s.split()
    apples = 0
    oranges = 0

    for i, word in enumerate(words):
        if word.isdigit():
            if i + 1 < len(words) and words[i + 1] == ""apples"":
                apples = int(word)
            elif i + 1 < len(words) and words[i + 1] == ""oranges"":
                oranges = int(word)

    mangoes = n - apples - oranges
    return mangoes",raw_generations/HumanEval_67/self_refine_sample0_initial.py,True,,9.17,0,7.0,7,78.56822980756742,outputs_deepseek_prompt_v3\reports\static_analysis\pylint\HumanEval_67__self_refine__sample0__final_pylint.txt,outputs_deepseek_prompt_v3\reports\static_analysis\bandit\HumanEval_67__self_refine__sample0__final_bandit.json,outputs_deepseek_prompt_v3\reports\static_analysis\bandit\HumanEval_67__self_refine__sample0__final_bandit.stderr.txt,False,assertion_failed: ,8.0,7.0,6.0,8.0,7.0,7.0,"The code is generally readable and efficient, but it lacks robust parsing for edge cases and could be more maintainable with a regex-based approach.",9.17,False,assertion_failed: ,outputs_deepseek_prompt_v3\reports\static_analysis\pylint\HumanEval_67__self_refine__sample0__initial_pylint.txt,outputs_deepseek_prompt_v3\reports\static_analysis\bandit\HumanEval_67__self_refine__sample0__initial_bandit.json,outputs_deepseek_prompt_v3\reports\static_analysis\bandit\HumanEval_67__self_refine__sample0__initial_bandit.stderr.txt,False
HumanEval/68,pluck,zero_shot,0,"from typing import List

def pluck(arr: List[int]) -> List[int]:
    if not arr:
        return []
    
    smallest_even = None
    smallest_index = -1
    
    for i, num in enumerate(arr):
        if num % 2 == 0:
            if smallest_even is None or num < smallest_even or (num == smallest_even and i < smallest_index):
                smallest_even = num
                smallest_index = i
    
    if smallest_even is None:
        return []
    
    return [smallest_even, smallest_index]",raw_generations/HumanEval_68/zero_shot_sample0.py,,,True,,4.29,0,9.0,9,58.65911461164724,outputs_deepseek_prompt_v3\reports\static_analysis\pylint\HumanEval_68__zero_shot__sample0__final_pylint.txt,outputs_deepseek_prompt_v3\reports\static_analysis\bandit\HumanEval_68__zero_shot__sample0__final_bandit.json,outputs_deepseek_prompt_v3\reports\static_analysis\bandit\HumanEval_68__zero_shot__sample0__final_bandit.stderr.txt,True,passed,8.0,7.0,9.0,9.0,7.0,8.0,"The code is clear and efficient, but could be more Pythonic by using built-in functions like min with a custom key, and the logic for updating smallest_even is slightly overcomplicated.",,,,,,,
HumanEval/68,pluck,constraint_guided,0,"from typing import List


def pluck(arr: List[int]) -> List[int]:
    """"""
    Pluck the node with the smallest even value from the array.

    Returns a list containing [smallest_even_value, its_index].
    If no even values exist or the array is empty, returns an empty list.
    If multiple nodes have the same smallest even value, returns the one with the smallest index.

    Args:
        arr: List of integers representing tree branch nodes.

    Returns:
        List containing the smallest even value and its index, or an empty list.
    """"""
    if not arr:
        return []

    smallest_even = None
    smallest_index = -1

    for i, value in enumerate(arr):
        if value % 2 == 0:
            if smallest_even is None or value < smallest_even:
                smallest_even = value
                smallest_index = i
            elif value == smallest_even and i < smallest_index:
                smallest_index = i

    if smallest_even is None:
        return []

    return [smallest_even, smallest_index]",raw_generations/HumanEval_68/constraint_guided_sample0.py,,,True,,8.75,0,9.0,9,86.13323018128303,outputs_deepseek_prompt_v3\reports\static_analysis\pylint\HumanEval_68__constraint_guided__sample0__final_pylint.txt,outputs_deepseek_prompt_v3\reports\static_analysis\bandit\HumanEval_68__constraint_guided__sample0__final_bandit.json,outputs_deepseek_prompt_v3\reports\static_analysis\bandit\HumanEval_68__constraint_guided__sample0__final_bandit.stderr.txt,True,passed,8.0,8.0,9.0,8.0,7.0,8.0,"The code is clear and functional, but could be more Pythonic by using built-in functions like min with a custom key.",,,,,,,
HumanEval/68,pluck,structured_cot,0,"from typing import List


def pluck(arr: List[int]) -> List[int]:
    """"""
    Given an array representing a branch of a tree that has integer nodes,
    your task is to pluck one of the nodes and return it.
    The plucked node should be the node with the smallest even value.
    If multiple nodes with the same smallest even value are found return the node that has smallest index.

    The plucked node should be returned in a list, [ smallest_value, its index ],
    If there are no even values or the given array is empty, return [].
    """"""
    even_values = [(value, index) for index, value in enumerate(arr) if value % 2 == 0]
    if not even_values:
        return []
    smallest_value, smallest_index = min(even_values, key=lambda x: (x[0], x[1]))
    return [smallest_value, smallest_index]",raw_generations/HumanEval_68/structured_cot_sample0.py,,,True,,5.71,0,4.0,4,92.35884959389769,outputs_deepseek_prompt_v3\reports\static_analysis\pylint\HumanEval_68__structured_cot__sample0__final_pylint.txt,outputs_deepseek_prompt_v3\reports\static_analysis\bandit\HumanEval_68__structured_cot__sample0__final_bandit.json,outputs_deepseek_prompt_v3\reports\static_analysis\bandit\HumanEval_68__structured_cot__sample0__final_bandit.stderr.txt,True,passed,9.0,8.0,9.0,8.0,9.0,9.0,"Clean, efficient, and idiomatic code with minor room for improvement in handling empty arrays more explicitly.",,,,,,,
HumanEval/68,pluck,self_refine,0,"from typing import List


def pluck(arr: List[int]) -> List[int]:
    """"""
    Pluck the node with the smallest even value from the array.

    Returns a list containing [smallest_even_value, its_index].
    If no even values exist or the array is empty, returns an empty list.
    When multiple nodes have the same smallest even value, returns the one
    with the smallest index.

    Args:
        arr: List of integers representing tree branch nodes.

    Returns:
        List containing the smallest even value and its index, or empty list.
    """"""
    if not arr:
        return []

    smallest_even = None
    smallest_index = None

    for index, value in enumerate(arr):
        if value % 2 == 0:
            if smallest_even is None or value < smallest_even:
                smallest_even = value
                smallest_index = index
            elif value == smallest_even and index < smallest_index:
                smallest_index = index

    if smallest_even is None:
        return []

    return [smallest_even, smallest_index]",raw_generations/HumanEval_68/self_refine_sample0.py,"from typing import List


def pluck(arr: List[int]) -> List[int]:
    """"""
    Pluck the node with the smallest even value from the array.
    
    Returns a list containing [smallest_even_value, its_index].
    If no even values exist or the array is empty, returns an empty list.
    When multiple nodes have the same smallest even value, returns the one
    with the smallest index.
    
    Args:
        arr: List of integers representing tree branch nodes.
    
    Returns:
        List containing the smallest even value and its index, or empty list.
    """"""
    if not arr:
        return []

    smallest_even = None
    smallest_index = None

    for index, value in enumerate(arr):
        if value % 2 == 0:
            if smallest_even is None or value < smallest_even:
                smallest_even = value
                smallest_index = index
            elif value == smallest_even and index < smallest_index:
                smallest_index = index

    if smallest_even is None:
        return []

    return [smallest_even, smallest_index]",raw_generations/HumanEval_68/self_refine_sample0_initial.py,True,,8.75,0,9.0,9,86.18096359219142,outputs_deepseek_prompt_v3\reports\static_analysis\pylint\HumanEval_68__self_refine__sample0__final_pylint.txt,outputs_deepseek_prompt_v3\reports\static_analysis\bandit\HumanEval_68__self_refine__sample0__final_bandit.json,outputs_deepseek_prompt_v3\reports\static_analysis\bandit\HumanEval_68__self_refine__sample0__final_bandit.stderr.txt,True,passed,9.0,9.0,10.0,9.0,8.0,9.0,"The code is clear, correct, and efficient, but could be slightly more Pythonic by using a generator with min() for a more concise solution.",8.75,True,passed,outputs_deepseek_prompt_v3\reports\static_analysis\pylint\HumanEval_68__self_refine__sample0__initial_pylint.txt,outputs_deepseek_prompt_v3\reports\static_analysis\bandit\HumanEval_68__self_refine__sample0__initial_bandit.json,outputs_deepseek_prompt_v3\reports\static_analysis\bandit\HumanEval_68__self_refine__sample0__initial_bandit.stderr.txt,True
HumanEval/69,search,zero_shot,0,"from typing import List

def search(lst: List[int]) -> int:
    """"""
    You are given a non-empty list of positive integers. Return the greatest integer that is greater than 
    zero, and has a frequency greater than or equal to the value of the integer itself. 
    The frequency of an integer is the number of times it appears in the list.
    If no such a value exist, return -1.
    """"""
    from collections import Counter
    
    freq = Counter(lst)
    result = -1
    
    for num, count in freq.items():
        if num > 0 and count >= num:
            if num > result:
                result = num
    
    return result",raw_generations/HumanEval_69/zero_shot_sample0.py,,,True,,1.0,0,5.0,5,94.03389971324859,outputs_deepseek_prompt_v3\reports\static_analysis\pylint\HumanEval_69__zero_shot__sample0__final_pylint.txt,outputs_deepseek_prompt_v3\reports\static_analysis\bandit\HumanEval_69__zero_shot__sample0__final_bandit.json,outputs_deepseek_prompt_v3\reports\static_analysis\bandit\HumanEval_69__zero_shot__sample0__final_bandit.stderr.txt,True,passed,8.0,8.0,9.0,8.0,8.0,8.0,"Clean, efficient solution using Counter, but could be more concise with max() filtering.",,,,,,,
HumanEval/69,search,constraint_guided,0,"from typing import List


def search(lst: List[int]) -> int:
    """"""
    Return the greatest integer that is greater than zero and has a frequency
    greater than or equal to the integer's value. If no such value exists,
    return -1.

    Args:
        lst: A non-empty list of positive integers.

    Returns:
        The greatest integer meeting the criteria, or -1 if none exists.
    """"""
    frequency = {}
    for num in lst:
        frequency[num] = frequency.get(num, 0) + 1

    candidates = []
    for num, count in frequency.items():
        if num > 0 and count >= num:
            candidates.append(num)

    if not candidates:
        return -1

    return max(candidates)",raw_generations/HumanEval_69/constraint_guided_sample0.py,,,True,,7.5,0,6.0,6,90.90802697111731,outputs_deepseek_prompt_v3\reports\static_analysis\pylint\HumanEval_69__constraint_guided__sample0__final_pylint.txt,outputs_deepseek_prompt_v3\reports\static_analysis\bandit\HumanEval_69__constraint_guided__sample0__final_bandit.json,outputs_deepseek_prompt_v3\reports\static_analysis\bandit\HumanEval_69__constraint_guided__sample0__final_bandit.stderr.txt,True,passed,9.0,8.0,8.0,8.0,8.0,8.0,"The code is clear and functional, but could be more concise using a list comprehension and directly computing the maximum without storing all candidates.",,,,,,,
HumanEval/69,search,structured_cot,0,"from typing import List


def search(lst: List[int]) -> int:
    """"""
    You are given a non-empty list of positive integers. Return the greatest integer that is greater than 
    zero, and has a frequency greater than or equal to the value of the integer itself. 
    The frequency of an integer is the number of times it appears in the list.
    If no such a value exist, return -1.

    Examples:
        search([4, 1, 2, 2, 3, 1]) == 2
        search([1, 2, 2, 3, 3, 3, 4, 4, 4]) == 3
        search([5, 5, 4, 4, 4]) == -1
    """"""
    freq = {}
    for num in lst:
        freq[num] = freq.get(num, 0) + 1
    
    candidates = [num for num, count in freq.items() if num > 0 and count >= num]
    
    return max(candidates, default=-1)",raw_generations/HumanEval_69/structured_cot_sample0.py,,,True,,1.43,0,5.0,5,85.76211941324817,outputs_deepseek_prompt_v3\reports\static_analysis\pylint\HumanEval_69__structured_cot__sample0__final_pylint.txt,outputs_deepseek_prompt_v3\reports\static_analysis\bandit\HumanEval_69__structured_cot__sample0__final_bandit.json,outputs_deepseek_prompt_v3\reports\static_analysis\bandit\HumanEval_69__structured_cot__sample0__final_bandit.stderr.txt,True,passed,9.0,9.0,10.0,9.0,9.0,9.0,"Clean, efficient, and idiomatic Python code that correctly solves the problem with good use of built-in functions and clear logic.",,,,,,,
HumanEval/69,search,self_refine,0,"from typing import List


def search(lst: List[int]) -> int:
    """"""
    Return the greatest integer that is greater than zero and has a frequency
    greater than or equal to the integer itself. If no such value exists,
    return -1.

    Args:
        lst: A non-empty list of positive integers.

    Returns:
        The greatest integer meeting the criteria, or -1 if none exists.
    """"""
    frequency = {}
    for num in lst:
        frequency[num] = frequency.get(num, 0) + 1

    candidates = []
    for num, count in frequency.items():
        if 0 < num <= count:
            candidates.append(num)

    if not candidates:
        return -1

    return max(candidates)",raw_generations/HumanEval_69/self_refine_sample0.py,"from typing import List


def search(lst: List[int]) -> int:
    """"""
    Return the greatest integer that is greater than zero and has a frequency
    greater than or equal to the integer itself. If no such value exists,
    return -1.

    Args:
        lst: A non-empty list of positive integers.

    Returns:
        The greatest integer meeting the criteria, or -1 if none exists.
    """"""
    frequency = {}
    for num in lst:
        frequency[num] = frequency.get(num, 0) + 1

    candidates = []
    for num, count in frequency.items():
        if num > 0 and count >= num:
            candidates.append(num)

    if not candidates:
        return -1

    return max(candidates)",raw_generations/HumanEval_69/self_refine_sample0_initial.py,True,,8.33,0,5.0,5,92.20876664842045,outputs_deepseek_prompt_v3\reports\static_analysis\pylint\HumanEval_69__self_refine__sample0__final_pylint.txt,outputs_deepseek_prompt_v3\reports\static_analysis\bandit\HumanEval_69__self_refine__sample0__final_bandit.json,outputs_deepseek_prompt_v3\reports\static_analysis\bandit\HumanEval_69__self_refine__sample0__final_bandit.stderr.txt,True,passed,8.0,8.0,9.0,7.0,8.0,8.0,The code is clean and functional but could be more efficient by filtering candidates directly during frequency counting.,7.5,True,passed,outputs_deepseek_prompt_v3\reports\static_analysis\pylint\HumanEval_69__self_refine__sample0__initial_pylint.txt,outputs_deepseek_prompt_v3\reports\static_analysis\bandit\HumanEval_69__self_refine__sample0__initial_bandit.json,outputs_deepseek_prompt_v3\reports\static_analysis\bandit\HumanEval_69__self_refine__sample0__initial_bandit.stderr.txt,True
HumanEval/70,strange_sort_list,zero_shot,0,"from typing import List


def strange_sort_list(lst: List[int]) -> List[int]:
    """"""
    Given a list of integers, return the list in a 'strange' order.
    Strange sorting, is when you start with the minimum value,
    then the maximum value from the remaining integers, then the minimum and so on.

    Examples:
        strange_sort_list([1, 2, 3, 4]) == [1, 4, 2, 3]
        strange_sort_list([5, 5, 5, 5]) == [5, 5, 5, 5]
        strange_sort_list([]) == []
    """"""
    result = []
    sorted_lst = sorted(lst)
    left, right = 0, len(sorted_lst) - 1
    while left <= right:
        result.append(sorted_lst[left])
        if left != right:
            result.append(sorted_lst[right])
        left += 1
        right -= 1
    return result",raw_generations/HumanEval_70/zero_shot_sample0.py,,,True,,8.33,0,3.0,3,92.23251636205775,outputs_deepseek_prompt_v3\reports\static_analysis\pylint\HumanEval_70__zero_shot__sample0__final_pylint.txt,outputs_deepseek_prompt_v3\reports\static_analysis\bandit\HumanEval_70__zero_shot__sample0__final_bandit.json,outputs_deepseek_prompt_v3\reports\static_analysis\bandit\HumanEval_70__zero_shot__sample0__final_bandit.stderr.txt,True,passed,9.0,9.0,10.0,9.0,8.0,9.0,"Clean, efficient implementation with clear logic and proper edge-case handling; minor improvements possible in Pythonic style.",,,,,,,
HumanEval/70,strange_sort_list,constraint_guided,0,"""""""
Strange sorting algorithm that alternates between minimum and maximum values.
""""""

from typing import List


def strange_sort_list(lst: List[int]) -> List[int]:
    """"""
    Given a list of integers, return the list in a 'strange' order.
    Strange sorting, is when you start with the minimum value,
    then the maximum value from the remaining integers, then the minimum and so on.

    Examples:
        strange_sort_list([1, 2, 3, 4]) == [1, 4, 2, 3]
        strange_sort_list([5, 5, 5, 5]) == [5, 5, 5, 5]
        strange_sort_list([]) == []
    """"""
    if not lst:
        return []

    sorted_lst = sorted(lst)
    result = []
    left = 0
    right = len(sorted_lst) - 1

    while left <= right:
        result.append(sorted_lst[left])
        left += 1
        if left <= right:
            result.append(sorted_lst[right])
            right -= 1

    return result",raw_generations/HumanEval_70/constraint_guided_sample0.py,,,True,,9.33,0,4.0,4,88.57757420361774,outputs_deepseek_prompt_v3\reports\static_analysis\pylint\HumanEval_70__constraint_guided__sample0__final_pylint.txt,outputs_deepseek_prompt_v3\reports\static_analysis\bandit\HumanEval_70__constraint_guided__sample0__final_bandit.json,outputs_deepseek_prompt_v3\reports\static_analysis\bandit\HumanEval_70__constraint_guided__sample0__final_bandit.stderr.txt,True,passed,9.0,9.0,10.0,8.0,9.0,9.0,"Clean, efficient implementation with clear variable names and proper edge case handling, though it uses O(n log n) sorting when a more efficient O(n) approach might be possible.",,,,,,,
HumanEval/70,strange_sort_list,structured_cot,0,"from typing import List


def strange_sort_list(lst: List[int]) -> List[int]:
    """"""
    Given a list of integers, return the list in a 'strange' order.
    Strange sorting, is when you start with the minimum value,
    then the maximum value from the remaining integers, then the minimum and so on.

    Examples:
        strange_sort_list([1, 2, 3, 4]) == [1, 4, 2, 3]
        strange_sort_list([5, 5, 5, 5]) == [5, 5, 5, 5]
        strange_sort_list([]) == []
    """"""
    sorted_lst = sorted(lst)
    result = []
    left, right = 0, len(sorted_lst) - 1
    while left <= right:
        result.append(sorted_lst[left])
        left += 1
        if left <= right:
            result.append(sorted_lst[right])
            right -= 1
    return result",raw_generations/HumanEval_70/structured_cot_sample0.py,,,True,,8.33,0,3.0,3,92.43434191705335,outputs_deepseek_prompt_v3\reports\static_analysis\pylint\HumanEval_70__structured_cot__sample0__final_pylint.txt,outputs_deepseek_prompt_v3\reports\static_analysis\bandit\HumanEval_70__structured_cot__sample0__final_bandit.json,outputs_deepseek_prompt_v3\reports\static_analysis\bandit\HumanEval_70__structured_cot__sample0__final_bandit.stderr.txt,True,passed,8.0,8.0,9.0,9.0,8.0,8.0,"Clean and efficient implementation with good variable names, though could benefit from more explicit handling of edge cases and a more Pythonic approach using collections.deque.",,,,,,,
HumanEval/70,strange_sort_list,self_refine,0,"from typing import List


def strange_sort_list(lst: List[int]) -> List[int]:
    """"""
    Given a list of integers, return the list in a 'strange' order.
    Strange sorting, is when you start with the minimum value,
    then the maximum value from the remaining integers, then the minimum and so on.

    Examples:
        strange_sort_list([1, 2, 3, 4]) == [1, 4, 2, 3]
        strange_sort_list([5, 5, 5, 5]) == [5, 5, 5, 5]
        strange_sort_list([]) == []
    """"""
    if not lst:
        return []

    sorted_lst = sorted(lst)
    result = []
    left = 0
    right = len(sorted_lst) - 1

    while left <= right:
        result.append(sorted_lst[left])
        left += 1
        if left <= right:
            result.append(sorted_lst[right])
            right -= 1

    return result",raw_generations/HumanEval_70/self_refine_sample0.py,"from typing import List


def strange_sort_list(lst: List[int]) -> List[int]:
    """"""
    Given a list of integers, return the list in a 'strange' order.
    Strange sorting, is when you start with the minimum value,
    then the maximum value from the remaining integers, then the minimum and so on.

    Examples:
        strange_sort_list([1, 2, 3, 4]) == [1, 4, 2, 3]
        strange_sort_list([5, 5, 5, 5]) == [5, 5, 5, 5]
        strange_sort_list([]) == []
    """"""
    if not lst:
        return []

    sorted_lst = sorted(lst)
    result = []
    left = 0
    right = len(sorted_lst) - 1

    while left <= right:
        result.append(sorted_lst[left])
        left += 1
        if left <= right:
            result.append(sorted_lst[right])
            right -= 1

    return result",raw_generations/HumanEval_70/self_refine_sample0_initial.py,True,,8.67,0,4.0,4,90.29402602473442,outputs_deepseek_prompt_v3\reports\static_analysis\pylint\HumanEval_70__self_refine__sample0__final_pylint.txt,outputs_deepseek_prompt_v3\reports\static_analysis\bandit\HumanEval_70__self_refine__sample0__final_bandit.json,outputs_deepseek_prompt_v3\reports\static_analysis\bandit\HumanEval_70__self_refine__sample0__final_bandit.stderr.txt,True,passed,9.0,9.0,10.0,8.0,8.0,9.0,"Clean, efficient implementation with good readability and correct handling of edge cases, though slightly less Pythonic due to manual index management.",8.67,True,passed,outputs_deepseek_prompt_v3\reports\static_analysis\pylint\HumanEval_70__self_refine__sample0__initial_pylint.txt,outputs_deepseek_prompt_v3\reports\static_analysis\bandit\HumanEval_70__self_refine__sample0__initial_bandit.json,outputs_deepseek_prompt_v3\reports\static_analysis\bandit\HumanEval_70__self_refine__sample0__initial_bandit.stderr.txt,False
HumanEval/71,triangle_area,zero_shot,0,"def triangle_area(a: int, b: int, c: int) -> float:
    if a + b > c and a + c > b and b + c > a:
        s = (a + b + c) / 2
        area = (s * (s - a) * (s - b) * (s - c)) ** 0.5
        return round(area, 2)
    else:
        return -1",raw_generations/HumanEval_71/zero_shot_sample0.py,,,True,,3.33,0,4.0,4,64.09023354795119,outputs_deepseek_prompt_v3\reports\static_analysis\pylint\HumanEval_71__zero_shot__sample0__final_pylint.txt,outputs_deepseek_prompt_v3\reports\static_analysis\bandit\HumanEval_71__zero_shot__sample0__final_bandit.json,outputs_deepseek_prompt_v3\reports\static_analysis\bandit\HumanEval_71__zero_shot__sample0__final_bandit.stderr.txt,True,passed,9.0,8.0,7.0,9.0,8.0,8.0,"The code is clean and efficient but lacks handling for negative or zero side lengths, which violates triangle validity.",,,,,,,
HumanEval/71,triangle_area,constraint_guided,0,"""""""
Module for calculating triangle area from side lengths.
""""""


def triangle_area(a: int, b: int, c: int) -> float:
    """"""
    Calculate the area of a triangle given its three side lengths.

    Args:
        a: Length of first side.
        b: Length of second side.
        c: Length of third side.

    Returns:
        Area of the triangle rounded to 2 decimal places if valid,
        otherwise -1.
    """"""
    if not (a + b > c and a + c > b and b + c > a):
        return -1

    s = (a + b + c) / 2
    area = (s * (s - a) * (s - b) * (s - c)) ** 0.5
    return round(area, 2)",raw_generations/HumanEval_71/constraint_guided_sample0.py,,,True,,8.33,0,4.0,4,65.32887264984468,outputs_deepseek_prompt_v3\reports\static_analysis\pylint\HumanEval_71__constraint_guided__sample0__final_pylint.txt,outputs_deepseek_prompt_v3\reports\static_analysis\bandit\HumanEval_71__constraint_guided__sample0__final_bandit.json,outputs_deepseek_prompt_v3\reports\static_analysis\bandit\HumanEval_71__constraint_guided__sample0__final_bandit.stderr.txt,True,passed,9.0,9.0,8.0,10.0,9.0,9.0,Well-structured and clear code with minor correctness concerns regarding floating-point rounding and integer division.,,,,,,,
HumanEval/71,triangle_area,structured_cot,0,"def triangle_area(a: int, b: int, c: int) -> float:
    """"""
    Given the lengths of the three sides of a triangle. Return the area of
    the triangle rounded to 2 decimal points if the three sides form a valid triangle.
    Otherwise return -1
    Three sides make a valid triangle when the sum of any two sides is greater
    than the third side.

    Examples:
        triangle_area(3, 4, 5) == 6.00
        triangle_area(1, 2, 10) == -1
    """"""
    if a + b <= c or a + c <= b or b + c <= a:
        return -1.0
    s = (a + b + c) / 2
    area = (s * (s - a) * (s - b) * (s - c)) ** 0.5
    return round(area, 2)",raw_generations/HumanEval_71/structured_cot_sample0.py,,,True,,6.67,0,4.0,4,77.2425209969599,outputs_deepseek_prompt_v3\reports\static_analysis\pylint\HumanEval_71__structured_cot__sample0__final_pylint.txt,outputs_deepseek_prompt_v3\reports\static_analysis\bandit\HumanEval_71__structured_cot__sample0__final_bandit.json,outputs_deepseek_prompt_v3\reports\static_analysis\bandit\HumanEval_71__structured_cot__sample0__final_bandit.stderr.txt,True,passed,9.0,9.0,9.0,9.0,8.0,9.0,"Clean, efficient implementation with good documentation and proper validation, though returning -1.0 as a float for invalid input is slightly non-idiomatic.",,,,,,,
HumanEval/71,triangle_area,self_refine,0,"""""""
Module for calculating triangle area from side lengths.
""""""


def triangle_area(a: int, b: int, c: int) -> float:
    """"""
    Calculate the area of a triangle given its three side lengths.

    Args:
        a: Length of side a.
        b: Length of side b.
        c: Length of side c.

    Returns:
        The area of the triangle rounded to 2 decimal places if the sides
        form a valid triangle, otherwise -1.
    """"""
    if a <= 0 or b <= 0 or c <= 0:
        return -1.0

    if a + b <= c or a + c <= b or b + c <= a:
        return -1.0

    s = (a + b + c) / 2
    area = (s * (s - a) * (s - b) * (s - c)) ** 0.5
    return round(area, 2)",raw_generations/HumanEval_71/self_refine_sample0.py,"""""""
Module for calculating triangle area from side lengths.
""""""


def triangle_area(a: int, b: int, c: int) -> float:
    """"""
    Calculate the area of a triangle given its three side lengths.

    Args:
        a: Length of side a.
        b: Length of side b.
        c: Length of side c.

    Returns:
        The area of the triangle rounded to 2 decimal places if the sides
        form a valid triangle, otherwise -1.
    """"""
    if a <= 0 or b <= 0 or c <= 0:
        return -1.0

    if a + b <= c or a + c <= b or b + c <= a:
        return -1.0

    s = (a + b + c) / 2
    area = (s * (s - a) * (s - b) * (s - c)) ** 0.5
    return round(area, 2)",raw_generations/HumanEval_71/self_refine_sample0_initial.py,True,,8.75,0,7.0,7,73.47122155029896,outputs_deepseek_prompt_v3\reports\static_analysis\pylint\HumanEval_71__self_refine__sample0__final_pylint.txt,outputs_deepseek_prompt_v3\reports\static_analysis\bandit\HumanEval_71__self_refine__sample0__final_bandit.json,outputs_deepseek_prompt_v3\reports\static_analysis\bandit\HumanEval_71__self_refine__sample0__final_bandit.stderr.txt,True,passed,9.0,8.0,9.0,9.0,8.0,9.0,"Well-structured, readable code with proper validation and accurate area calculation using Heron's formula.",8.75,True,passed,outputs_deepseek_prompt_v3\reports\static_analysis\pylint\HumanEval_71__self_refine__sample0__initial_pylint.txt,outputs_deepseek_prompt_v3\reports\static_analysis\bandit\HumanEval_71__self_refine__sample0__initial_bandit.json,outputs_deepseek_prompt_v3\reports\static_analysis\bandit\HumanEval_71__self_refine__sample0__initial_bandit.stderr.txt,False
HumanEval/72,will_it_fly,zero_shot,0,"from typing import List


def will_it_fly(q: List[int], w: int) -> bool:
    # Check if the list is palindromic
    # Ignore zeros at the ends for balance check
    filtered = [x for x in q if x != 0]
    if filtered != filtered[::-1]:
        return False
    
    # Check if sum is less than or equal to w
    if sum(q) > w:
        return False
    
    return True",raw_generations/HumanEval_72/zero_shot_sample0.py,,,True,,3.75,0,5.0,5,96.60212520759211,outputs_deepseek_prompt_v3\reports\static_analysis\pylint\HumanEval_72__zero_shot__sample0__final_pylint.txt,outputs_deepseek_prompt_v3\reports\static_analysis\bandit\HumanEval_72__zero_shot__sample0__final_bandit.json,outputs_deepseek_prompt_v3\reports\static_analysis\bandit\HumanEval_72__zero_shot__sample0__final_bandit.stderr.txt,False,assertion_failed: ,8.0,7.0,4.0,8.0,7.0,5.0,"The code incorrectly handles palindromic checks by filtering zeros, which violates the specification that zeros are negligible only for balance but must be included in sum calculations, and fails to verify the 'connected object' requirement.",,,,,,,
HumanEval/72,will_it_fly,constraint_guided,0,"from typing import List


def will_it_fly(q: List[int], w: int) -> bool:
    """"""
    Determine if an object will fly based on balance and weight constraints.

    The object flies if:
    1. It is balanced (palindromic list when ignoring zeros between non-zero elements).
    2. The sum of its elements is less than or equal to the maximum weight w.

    Parameters:
    q: List of non-negative integers representing the object's parts.
    w: Non-negative integer representing the maximum allowable weight.

    Returns:
    bool: True if the object will fly, False otherwise.
    """"""
    # Check if the list is balanced (palindromic ignoring zeros between non-zero)
    # First, filter out zeros that are between non-zero elements
    filtered_q = []
    non_zero_seen = False
    for num in q:
        if num != 0:
            non_zero_seen = True
            filtered_q.append(num)
        elif not non_zero_seen:
            # Leading zeros are included for balance check
            filtered_q.append(num)

    # Check if filtered list is palindromic
    if filtered_q != filtered_q[::-1]:
        return False

    # Check weight constraint
    if sum(q) > w:
        return False

    return True",raw_generations/HumanEval_72/constraint_guided_sample0.py,,,True,,8.67,0,6.0,6,85.87301259571657,outputs_deepseek_prompt_v3\reports\static_analysis\pylint\HumanEval_72__constraint_guided__sample0__final_pylint.txt,outputs_deepseek_prompt_v3\reports\static_analysis\bandit\HumanEval_72__constraint_guided__sample0__final_bandit.json,outputs_deepseek_prompt_v3\reports\static_analysis\bandit\HumanEval_72__constraint_guided__sample0__final_bandit.stderr.txt,False,assertion_failed: ,7.0,6.0,4.0,7.0,6.0,5.0,"The code incorrectly handles the 'connected object' requirement and has flawed palindrome logic for zeros, leading to incorrect results for edge cases.",,,,,,,
HumanEval/72,will_it_fly,structured_cot,0,"from typing import List


def will_it_fly(q: List[int], w: int) -> bool:
    """"""
    Determine if object q will fly based on balance and weight constraints.

    The object flies if:
    1. It is balanced (palindromic list)
    2. The sum of its elements ≤ maximum weight w

    Args:
        q: List of non-negative integers representing connected object
        w: Non-negative integer representing maximum possible weight

    Returns:
        bool: True if object will fly, False otherwise
    """"""
    # Check if list is palindromic
    is_balanced = q == q[::-1]
    
    # Check weight constraint
    weight_ok = sum(q) <= w
    
    return is_balanced and weight_ok",raw_generations/HumanEval_72/structured_cot_sample0.py,,,True,,2.0,0,2.0,2,64.43440835612533,outputs_deepseek_prompt_v3\reports\static_analysis\pylint\HumanEval_72__structured_cot__sample0__final_pylint.txt,outputs_deepseek_prompt_v3\reports\static_analysis\bandit\HumanEval_72__structured_cot__sample0__final_bandit.json,outputs_deepseek_prompt_v3\reports\static_analysis\bandit\HumanEval_72__structured_cot__sample0__final_bandit.stderr.txt,False,assertion_failed: ,9.0,8.0,6.0,8.0,9.0,7.0,The code is clean and Pythonic but fails to handle the 'connected object' requirement (no zeros between non-zero elements) and edge cases like empty lists.,,,,,,,
HumanEval/72,will_it_fly,self_refine,0,"from typing import List


def will_it_fly(q: List[int], w: int) -> bool:
    """"""
    Determine if an object will fly based on balance and weight constraints.

    The object will fly if it is balanced (palindromic list) and the sum of its
    elements is less than or equal to the maximum possible weight w.

    Args:
        q: A list of non-negative integers representing the object.
        w: A non-negative integer representing the maximum possible weight.

    Returns:
        True if the object will fly, False otherwise.

    Examples:
        >>> will_it_fly([1, 2], 5)
        False
        >>> will_it_fly([3, 2, 3], 9)
        True
        >>> will_it_fly([0, 3], 5)
        True
    """"""
    # Remove trailing zeros for palindrome check
    trimmed = q[:]
    while trimmed and trimmed[-1] == 0:
        trimmed.pop()

    # Check if trimmed list is palindrome
    if trimmed != trimmed[::-1]:
        return False

    # Check weight constraint
    if sum(q) > w:
        return False

    return True",raw_generations/HumanEval_72/self_refine_sample0.py,"from typing import List


def will_it_fly(q: List[int], w: int) -> bool:
    """"""
    Determine if an object will fly based on balance and weight constraints.
    
    The object will fly if:
    1. It is balanced (palindromic list when ignoring trailing zeros)
    2. The sum of its elements is <= maximum weight w
    
    Args:
        q: List of non-negative integers representing the object
        w: Maximum possible weight (non-negative integer)
    
    Returns:
        bool: True if the object will fly, False otherwise
    """"""
    # Check if the list is balanced (palindromic)
    # Ignore trailing zeros for palindrome check
    trimmed = q
    while trimmed and trimmed[-1] == 0:
        trimmed = trimmed[:-1]
    
    # Check if trimmed list is palindrome
    if trimmed != trimmed[::-1]:
        return False
    
    # Check weight constraint
    if sum(q) > w:
        return False
    
    return True",raw_generations/HumanEval_72/self_refine_sample0_initial.py,True,,8.0,0,5.0,5,69.506598263327,outputs_deepseek_prompt_v3\reports\static_analysis\pylint\HumanEval_72__self_refine__sample0__final_pylint.txt,outputs_deepseek_prompt_v3\reports\static_analysis\bandit\HumanEval_72__self_refine__sample0__final_bandit.json,outputs_deepseek_prompt_v3\reports\static_analysis\bandit\HumanEval_72__self_refine__sample0__final_bandit.stderr.txt,False,assertion_failed: ,8.0,7.0,4.0,6.0,7.0,6.0,"The code incorrectly handles palindrome checking by only trimming trailing zeros, failing for cases like [3, 0, 3] and not properly addressing the 'connected object' requirement.",5.0,False,assertion_failed: ,outputs_deepseek_prompt_v3\reports\static_analysis\pylint\HumanEval_72__self_refine__sample0__initial_pylint.txt,outputs_deepseek_prompt_v3\reports\static_analysis\bandit\HumanEval_72__self_refine__sample0__initial_bandit.json,outputs_deepseek_prompt_v3\reports\static_analysis\bandit\HumanEval_72__self_refine__sample0__initial_bandit.stderr.txt,True
HumanEval/73,smallest_change,zero_shot,0,"from typing import List

def smallest_change(arr: List[int]) -> int:
    """"""
    Given an array arr of integers, find the minimum number of elements that
    need to be changed to make the array palindromic. A palindromic array is an array that
    is read the same backwards and forwards. In one change, you can change one element to any other element.
    """"""
    n = len(arr)
    changes = 0
    for i in range(n // 2):
        if arr[i] != arr[n - 1 - i]:
            changes += 1
    return changes",raw_generations/HumanEval_73/zero_shot_sample0.py,,,True,,6.25,0,3.0,3,95.83668726916409,outputs_deepseek_prompt_v3\reports\static_analysis\pylint\HumanEval_73__zero_shot__sample0__final_pylint.txt,outputs_deepseek_prompt_v3\reports\static_analysis\bandit\HumanEval_73__zero_shot__sample0__final_bandit.json,outputs_deepseek_prompt_v3\reports\static_analysis\bandit\HumanEval_73__zero_shot__sample0__final_bandit.stderr.txt,True,passed,8.0,7.0,6.0,9.0,8.0,7.0,The code is clean and efficient but fails to handle the task correctly as it doesn't consider optimal element changes for palindrome creation.,,,,,,,
HumanEval/73,smallest_change,constraint_guided,0,"""""""Minimum changes to make an array palindromic.""""""

from typing import List


def smallest_change(arr: List[int]) -> int:
    """"""
    Return the minimum number of elements to change to make the array palindromic.

    A palindromic array reads the same forwards and backwards. Each change can
    replace one element with any other element.

    Args:
        arr: List of integers.

    Returns:
        Minimum number of changes required.

    Examples:
        >>> smallest_change([1, 2, 3, 5, 4, 7, 9, 6])
        4
        >>> smallest_change([1, 2, 3, 4, 3, 2, 2])
        1
        >>> smallest_change([1, 2, 3, 2, 1])
        0
    """"""
    changes = 0
    left = 0
    right = len(arr) - 1

    while left < right:
        if arr[left] != arr[right]:
            changes += 1
        left += 1
        right -= 1

    return changes",raw_generations/HumanEval_73/constraint_guided_sample0.py,,,True,,9.09,0,3.0,3,80.25553112944648,outputs_deepseek_prompt_v3\reports\static_analysis\pylint\HumanEval_73__constraint_guided__sample0__final_pylint.txt,outputs_deepseek_prompt_v3\reports\static_analysis\bandit\HumanEval_73__constraint_guided__sample0__final_bandit.json,outputs_deepseek_prompt_v3\reports\static_analysis\bandit\HumanEval_73__constraint_guided__sample0__final_bandit.stderr.txt,True,passed,8.0,9.0,10.0,10.0,9.0,9.0,"Clean, efficient implementation with excellent readability and proper type hints, though variable names could be slightly more descriptive.",,,,,,,
HumanEval/73,smallest_change,structured_cot,0,"from typing import List


def smallest_change(arr: List[int]) -> int:
    """"""
    Given an array arr of integers, find the minimum number of elements that
    need to be changed to make the array palindromic. A palindromic array is an array that
    is read the same backwards and forwards. In one change, you can change one element to any other element.

    For example:
        smallest_change([1, 2, 3, 5, 4, 7, 9, 6]) == 4
        smallest_change([1, 2, 3, 4, 3, 2, 2]) == 1
        smallest_change([1, 2, 3, 2, 1]) == 0
    """"""
    changes = 0
    left = 0
    right = len(arr) - 1

    while left < right:
        if arr[left] != arr[right]:
            changes += 1
        left += 1
        right -= 1

    return changes",raw_generations/HumanEval_73/structured_cot_sample0.py,,,True,,7.27,0,3.0,3,91.39538646713582,outputs_deepseek_prompt_v3\reports\static_analysis\pylint\HumanEval_73__structured_cot__sample0__final_pylint.txt,outputs_deepseek_prompt_v3\reports\static_analysis\bandit\HumanEval_73__structured_cot__sample0__final_bandit.json,outputs_deepseek_prompt_v3\reports\static_analysis\bandit\HumanEval_73__structured_cot__sample0__final_bandit.stderr.txt,True,passed,8.0,7.0,2.0,9.0,7.0,5.0,"The algorithm is fundamentally incorrect - it counts mismatched pairs rather than finding minimum changes needed, and fails to handle cases where changing one element can fix multiple mismatches.",,,,,,,
HumanEval/73,smallest_change,self_refine,0,"from typing import List


def smallest_change(arr: List[int]) -> int:
    """"""
    Return the minimum number of elements that need to be changed to make
    the array palindromic.

    A palindromic array reads the same forwards and backwards. In one change,
    one element can be changed to any other element.

    Args:
        arr: List of integers.

    Returns:
        Minimum number of changes required.

    Examples:
        >>> smallest_change([1, 2, 3, 5, 4, 7, 9, 6])
        4
        >>> smallest_change([1, 2, 3, 4, 3, 2, 2])
        1
        >>> smallest_change([1, 2, 3, 2, 1])
        0
    """"""
    changes = 0
    left = 0
    right = len(arr) - 1

    while left < right:
        if arr[left] != arr[right]:
            changes += 1
        left += 1
        right -= 1

    return changes",raw_generations/HumanEval_73/self_refine_sample0.py,"from typing import List


def smallest_change(arr: List[int]) -> int:
    """"""
    Return the minimum number of elements that need to be changed to make
    the array palindromic.

    A palindromic array reads the same forwards and backwards. In one change,
    one element can be changed to any other element.

    Args:
        arr: List of integers.

    Returns:
        Minimum number of changes required.

    Examples:
        >>> smallest_change([1, 2, 3, 5, 4, 7, 9, 6])
        4
        >>> smallest_change([1, 2, 3, 4, 3, 2, 2])
        1
        >>> smallest_change([1, 2, 3, 2, 1])
        0
    """"""
    changes = 0
    left = 0
    right = len(arr) - 1

    while left < right:
        if arr[left] != arr[right]:
            changes += 1
        left += 1
        right -= 1

    return changes",raw_generations/HumanEval_73/self_refine_sample0_initial.py,True,,8.18,0,3.0,3,79.16346809669814,outputs_deepseek_prompt_v3\reports\static_analysis\pylint\HumanEval_73__self_refine__sample0__final_pylint.txt,outputs_deepseek_prompt_v3\reports\static_analysis\bandit\HumanEval_73__self_refine__sample0__final_bandit.json,outputs_deepseek_prompt_v3\reports\static_analysis\bandit\HumanEval_73__self_refine__sample0__final_bandit.stderr.txt,True,passed,8.0,7.0,2.0,9.0,8.0,4.0,The code is clean and readable but fails to correctly solve the problem—it only counts mismatches rather than finding the minimum changes needed to make the array palindromic.,8.18,True,passed,outputs_deepseek_prompt_v3\reports\static_analysis\pylint\HumanEval_73__self_refine__sample0__initial_pylint.txt,outputs_deepseek_prompt_v3\reports\static_analysis\bandit\HumanEval_73__self_refine__sample0__initial_bandit.json,outputs_deepseek_prompt_v3\reports\static_analysis\bandit\HumanEval_73__self_refine__sample0__initial_bandit.stderr.txt,False
HumanEval/74,total_match,zero_shot,0,"from typing import List

def total_match(lst1: List[str], lst2: List[str]) -> List[str]:
    total1 = sum(len(s) for s in lst1)
    total2 = sum(len(s) for s in lst2)
    if total1 <= total2:
        return lst1
    else:
        return lst2",raw_generations/HumanEval_74/zero_shot_sample0.py,,,True,,4.29,0,4.0,4,75.0206708965386,outputs_deepseek_prompt_v3\reports\static_analysis\pylint\HumanEval_74__zero_shot__sample0__final_pylint.txt,outputs_deepseek_prompt_v3\reports\static_analysis\bandit\HumanEval_74__zero_shot__sample0__final_bandit.json,outputs_deepseek_prompt_v3\reports\static_analysis\bandit\HumanEval_74__zero_shot__sample0__final_bandit.stderr.txt,True,passed,9.0,8.0,10.0,10.0,9.0,9.0,"Clean, efficient, and correct implementation with minor room for improvement in maintainability through more explicit variable naming.",,,,,,,
HumanEval/74,total_match,constraint_guided,0,"from typing import List


def total_match(lst1: List[str], lst2: List[str]) -> List[str]:
    """"""
    Return the list with fewer total characters across all its strings.

    If both lists have the same total character count, return the first list.

    Args:
        lst1: First list of strings.
        lst2: Second list of strings.

    Returns:
        The list with the smaller total character count, or lst1 if equal.
    """"""
    total_chars1 = sum(len(s) for s in lst1)
    total_chars2 = sum(len(s) for s in lst2)

    if total_chars2 < total_chars1:
        return lst2
    return lst1",raw_generations/HumanEval_74/constraint_guided_sample0.py,,,True,,7.14,0,4.0,4,95.83392045478986,outputs_deepseek_prompt_v3\reports\static_analysis\pylint\HumanEval_74__constraint_guided__sample0__final_pylint.txt,outputs_deepseek_prompt_v3\reports\static_analysis\bandit\HumanEval_74__constraint_guided__sample0__final_bandit.json,outputs_deepseek_prompt_v3\reports\static_analysis\bandit\HumanEval_74__constraint_guided__sample0__final_bandit.stderr.txt,True,passed,9.0,9.0,10.0,10.0,9.0,9.0,"Clean, efficient, and correct implementation with excellent readability and maintainability, though minor PEP 8 spacing could be improved.",,,,,,,
HumanEval/74,total_match,structured_cot,0,"from typing import List


def total_match(lst1: List[str], lst2: List[str]) -> List[str]:
    """"""
    Return the list with fewer total characters across all its strings.
    If equal, return the first list.
    """"""
    total_chars1 = sum(len(s) for s in lst1)
    total_chars2 = sum(len(s) for s in lst2)
    return lst1 if total_chars1 <= total_chars2 else lst2",raw_generations/HumanEval_74/structured_cot_sample0.py,,,True,,6.0,0,4.0,4,100.0,outputs_deepseek_prompt_v3\reports\static_analysis\pylint\HumanEval_74__structured_cot__sample0__final_pylint.txt,outputs_deepseek_prompt_v3\reports\static_analysis\bandit\HumanEval_74__structured_cot__sample0__final_bandit.json,outputs_deepseek_prompt_v3\reports\static_analysis\bandit\HumanEval_74__structured_cot__sample0__final_bandit.stderr.txt,True,passed,9.0,9.0,10.0,10.0,10.0,9.0,"Clean, efficient, and correct implementation with excellent Pythonic style; minor deduction for not explicitly handling None or non-string inputs.",,,,,,,
HumanEval/74,total_match,self_refine,0,"""""""
This module provides a function to compare two lists of strings based on the
total number of characters in all strings within each list.
""""""

from typing import List


def total_match(lst1: List[str], lst2: List[str]) -> List[str]:
    """"""
    Return the list with fewer total characters across all its strings.

    Parameters:
    lst1 : List[str]
        First list of strings to compare.
    lst2 : List[str]
        Second list of strings to compare.

    Returns:
    List[str]
        The list with fewer total characters. If both lists have the same
        total characters, returns the first list.

    Examples:
    >>> total_match(['hi', 'admin'], ['hI', 'Hi'])
    ['hI', 'Hi']
    >>> total_match(['hi', 'admin'], ['hi', 'hi', 'admin', 'project'])
    ['hi', 'admin']
    """"""
    def total_chars(lst: List[str]) -> int:
        """"""Calculate total number of characters in all strings of a list.""""""
        return sum(len(s) for s in lst)

    total1 = total_chars(lst1)
    total2 = total_chars(lst2)

    if total1 <= total2:
        return lst1
    return lst2",raw_generations/HumanEval_74/self_refine_sample0.py,"""""""
This module provides a function to compare two lists of strings based on the
total number of characters in all strings within each list.
""""""

from typing import List


def total_match(lst1: List[str], lst2: List[str]) -> List[str]:
    """"""
    Return the list with fewer total characters across all its strings.

    Parameters:
    lst1 : List[str]
        First list of strings to compare.
    lst2 : List[str]
        Second list of strings to compare.

    Returns:
    List[str]
        The list with fewer total characters. If both lists have the same
        total characters, returns the first list.

    Examples:
    >>> total_match(['hi', 'admin'], ['hI', 'Hi'])
    ['hI', 'Hi']
    >>> total_match(['hi', 'admin'], ['hi', 'hi', 'admin', 'project'])
    ['hi', 'admin']
    """"""
    def total_chars(lst: List[str]) -> int:
        """"""Calculate total number of characters in all strings of a list.""""""
        return sum(len(s) for s in lst)

    total1 = total_chars(lst1)
    total2 = total_chars(lst2)

    if total1 <= total2:
        return lst1
    return lst2",raw_generations/HumanEval_74/self_refine_sample0_initial.py,True,,8.89,0,2.0,2,70.75960972174101,outputs_deepseek_prompt_v3\reports\static_analysis\pylint\HumanEval_74__self_refine__sample0__final_pylint.txt,outputs_deepseek_prompt_v3\reports\static_analysis\bandit\HumanEval_74__self_refine__sample0__final_bandit.json,outputs_deepseek_prompt_v3\reports\static_analysis\bandit\HumanEval_74__self_refine__sample0__final_bandit.stderr.txt,True,passed,9.0,8.0,10.0,9.0,9.0,9.0,"Clean, well-documented code with proper type hints and efficient character counting, though the nested function could be extracted for better reusability.",8.89,True,passed,outputs_deepseek_prompt_v3\reports\static_analysis\pylint\HumanEval_74__self_refine__sample0__initial_pylint.txt,outputs_deepseek_prompt_v3\reports\static_analysis\bandit\HumanEval_74__self_refine__sample0__initial_bandit.json,outputs_deepseek_prompt_v3\reports\static_analysis\bandit\HumanEval_74__self_refine__sample0__initial_bandit.stderr.txt,False
HumanEval/75,is_multiply_prime,zero_shot,0,"def is_multiply_prime(a: int) -> bool:
    def is_prime(n):
        if n < 2:
            return False
        for i in range(2, int(n**0.5) + 1):
            if n % i == 0:
                return False
        return True
    
    primes = [i for i in range(2, 101) if is_prime(i)]
    
    for i in range(len(primes)):
        for j in range(i, len(primes)):
            for k in range(j, len(primes)):
                if primes[i] * primes[j] * primes[k] == a:
                    return True
    return False",raw_generations/HumanEval_75/zero_shot_sample0.py,,,True,,6.0,0,7.0,7,59.28798736573829,outputs_deepseek_prompt_v3\reports\static_analysis\pylint\HumanEval_75__zero_shot__sample0__final_pylint.txt,outputs_deepseek_prompt_v3\reports\static_analysis\bandit\HumanEval_75__zero_shot__sample0__final_bandit.json,outputs_deepseek_prompt_v3\reports\static_analysis\bandit\HumanEval_75__zero_shot__sample0__final_bandit.stderr.txt,True,passed,7.0,6.0,5.0,4.0,6.0,5.0,"The code is readable but inefficient due to triple nested loops, and it incorrectly handles cases where prime factors may repeat (e.g., 8 = 2*2*2).",,,,,,,
HumanEval/75,is_multiply_prime,constraint_guided,0,"""""""
Check if a number is the product of exactly three prime numbers ≤ 100.
""""""


def is_multiply_prime(a: int) -> bool:
    """"""
    Return True if the given number is the multiplication of exactly three
    prime numbers, each ≤ 100.

    Args:
        a: The integer to check.

    Returns:
        True if a can be expressed as the product of three primes ≤ 100,
        False otherwise.
    """"""
    if a <= 0:
        return False

    # Generate primes up to 100 using the Sieve of Eratosthenes
    sieve = [True] * 101
    sieve[0] = sieve[1] = False
    for i in range(2, int(101 ** 0.5) + 1):
        if sieve[i]:
            for j in range(i * i, 101, i):
                sieve[j] = False
    primes = [i for i, is_prime in enumerate(sieve) if is_prime]

    # Try all combinations of three primes (allow repeats)
    n = len(primes)
    for i in range(n):
        p1 = primes[i]
        if p1 * p1 * p1 > a:
            break
        for j in range(i, n):
            p2 = primes[j]
            if p1 * p2 * p2 > a:
                break
            for k in range(j, n):
                p3 = primes[k]
                product = p1 * p2 * p3
                if product == a:
                    return True
                if product > a:
                    break
    return False",raw_generations/HumanEval_75/constraint_guided_sample0.py,,,True,,9.63,0,14.0,14,79.19995732486849,outputs_deepseek_prompt_v3\reports\static_analysis\pylint\HumanEval_75__constraint_guided__sample0__final_pylint.txt,outputs_deepseek_prompt_v3\reports\static_analysis\bandit\HumanEval_75__constraint_guided__sample0__final_bandit.json,outputs_deepseek_prompt_v3\reports\static_analysis\bandit\HumanEval_75__constraint_guided__sample0__final_bandit.stderr.txt,True,passed,8.0,7.0,6.0,7.0,7.0,7.0,"The code is generally well-structured and readable, but it incorrectly allows repeated primes and fails to handle cases where the product exceeds integer limits or includes primes >100 in factorization.",,,,,,,
HumanEval/75,is_multiply_prime,structured_cot,0,"def is_multiply_prime(a: int) -> bool:
    """"""
    Check if the given number is the multiplication of 3 prime numbers.

    Constraints:
        The three prime numbers must be <= 100.

    Example:
        is_multiply_prime(30) == True
        30 = 2 * 3 * 5
    """"""
    if a <= 1:
        return False

    # Generate primes up to 100 using Sieve of Eratosthenes
    sieve = [True] * 101
    sieve[0] = sieve[1] = False
    for i in range(2, int(101**0.5) + 1):
        if sieve[i]:
            for j in range(i * i, 101, i):
                sieve[j] = False
    primes = [i for i, is_prime in enumerate(sieve) if is_prime]

    # Check all combinations of three primes
    n = len(primes)
    for i in range(n):
        for j in range(i, n):
            for k in range(j, n):
                if primes[i] * primes[j] * primes[k] == a:
                    return True
    return False",raw_generations/HumanEval_75/structured_cot_sample0.py,,,True,,8.82,0,11.0,11,86.42714181375142,outputs_deepseek_prompt_v3\reports\static_analysis\pylint\HumanEval_75__structured_cot__sample0__final_pylint.txt,outputs_deepseek_prompt_v3\reports\static_analysis\bandit\HumanEval_75__structured_cot__sample0__final_bandit.json,outputs_deepseek_prompt_v3\reports\static_analysis\bandit\HumanEval_75__structured_cot__sample0__final_bandit.stderr.txt,True,passed,8.0,7.0,6.0,5.0,7.0,6.0,"The code is readable and well-structured, but the brute-force triple nested loop is inefficient and fails to handle cases where prime factors could repeat (e.g., 8 = 2*2*2).",,,,,,,
HumanEval/75,is_multiply_prime,self_refine,0,"""""""
Check if a number is the product of exactly three prime numbers, each <= 100.
""""""

from typing import List


def is_multiply_prime(a: int) -> bool:
    """"""
    Check if the given number is the multiplication of 3 prime numbers.

    Constraints:
        The three prime numbers must be <= 100.

    Example:
        is_multiply_prime(30) == True
        30 = 2 * 3 * 5
    """"""
    if a <= 1:
        return False

    # Generate primes up to 100 using Sieve of Eratosthenes
    sieve = [True] * 101
    sieve[0] = sieve[1] = False
    for i in range(2, int(101 ** 0.5) + 1):
        if sieve[i]:
            for j in range(i * i, 101, i):
                sieve[j] = False
    primes: List[int] = [i for i, is_prime in enumerate(sieve) if is_prime]

    # Try all combinations of three primes
    n_primes = len(primes)
    for i in range(n_primes):
        p1 = primes[i]
        if p1 * p1 * p1 > a:
            break
        for j in range(i, n_primes):
            p2 = primes[j]
            if p1 * p2 * p2 > a:
                break
            for k in range(j, n_primes):
                p3 = primes[k]
                product = p1 * p2 * p3
                if product > a:
                    break
                if product == a:
                    return True
    return False",raw_generations/HumanEval_75/self_refine_sample0.py,"""""""
Check if a number is the product of exactly three prime numbers, each <= 100.
""""""

from typing import List


def is_multiply_prime(a: int) -> bool:
    """"""
    Check if the given number is the multiplication of 3 prime numbers.

    Constraints:
        The three prime numbers must be <= 100.

    Example:
        is_multiply_prime(30) == True
        30 = 2 * 3 * 5
    """"""
    if a <= 1:
        return False

    # Generate primes up to 100 using Sieve of Eratosthenes
    sieve = [True] * 101
    sieve[0] = sieve[1] = False
    for i in range(2, int(101 ** 0.5) + 1):
        if sieve[i]:
            for j in range(i * i, 101, i):
                sieve[j] = False
    primes: List[int] = [i for i, is_prime in enumerate(sieve) if is_prime]

    # Try all combinations of three primes
    n_primes = len(primes)
    for i in range(n_primes):
        p1 = primes[i]
        if p1 * p1 * p1 > a:
            break
        for j in range(i, n_primes):
            p2 = primes[j]
            if p1 * p2 * p2 > a:
                break
            for k in range(j, n_primes):
                p3 = primes[k]
                product = p1 * p2 * p3
                if product > a:
                    break
                if product == a:
                    return True
    return False",raw_generations/HumanEval_75/self_refine_sample0_initial.py,True,,9.64,0,14.0,14,78.33371210855707,outputs_deepseek_prompt_v3\reports\static_analysis\pylint\HumanEval_75__self_refine__sample0__final_pylint.txt,outputs_deepseek_prompt_v3\reports\static_analysis\bandit\HumanEval_75__self_refine__sample0__final_bandit.json,outputs_deepseek_prompt_v3\reports\static_analysis\bandit\HumanEval_75__self_refine__sample0__final_bandit.stderr.txt,True,passed,8.0,7.0,6.0,5.0,7.0,6.0,"The code is readable and well-structured, but has correctness issues (doesn't ensure exactly three primes) and inefficient brute-force approach.",9.64,True,passed,outputs_deepseek_prompt_v3\reports\static_analysis\pylint\HumanEval_75__self_refine__sample0__initial_pylint.txt,outputs_deepseek_prompt_v3\reports\static_analysis\bandit\HumanEval_75__self_refine__sample0__initial_bandit.json,outputs_deepseek_prompt_v3\reports\static_analysis\bandit\HumanEval_75__self_refine__sample0__initial_bandit.stderr.txt,False
HumanEval/76,is_simple_power,zero_shot,0,"def is_simple_power(x: int, n: int) -> bool:
    if n == 1:
        return x == 1
    if x == 1:
        return True
    power = 0
    current = 1
    while current <= x:
        if current == x:
            return True
        power += 1
        current *= n
    return False",raw_generations/HumanEval_76/zero_shot_sample0.py,,,True,,7.69,0,5.0,5,62.26141666866555,outputs_deepseek_prompt_v3\reports\static_analysis\pylint\HumanEval_76__zero_shot__sample0__final_pylint.txt,outputs_deepseek_prompt_v3\reports\static_analysis\bandit\HumanEval_76__zero_shot__sample0__final_bandit.json,outputs_deepseek_prompt_v3\reports\static_analysis\bandit\HumanEval_76__zero_shot__sample0__final_bandit.stderr.txt,False,assertion_failed: ,8.0,7.0,6.0,8.0,6.0,7.0,The code is generally clear and efficient but has correctness issues with edge cases like x=0 and could be more Pythonic with a logarithmic approach.,,,,,,,
HumanEval/76,is_simple_power,constraint_guided,0,"""""""
Check if a number is a simple power of another number.
""""""


def is_simple_power(x: int, n: int) -> bool:
    """"""
    Check if number x is a simple power of n.
    
    x is a simple power of n if n to the power of some integer equals x.
    
    Examples:
        is_simple_power(1, 4) => True (4^0 = 1)
        is_simple_power(2, 2) => True (2^1 = 2)
        is_simple_power(8, 2) => True (2^3 = 8)
        is_simple_power(3, 2) => False (only 2 and 4 are neighbouring simple powers)
        is_simple_power(3, 1) => False (1 is not a simple power of any number besides itself)
    
    Args:
        x: The number to check.
        n: The base number.
    
    Returns:
        True if x is a simple power of n, False otherwise.
    """"""
    # Handle edge cases
    if x == 1:
        # 1 is n^0 for any n except 0, but we need to check if n is valid
        return n != 0 and n != 1  # Special case: 1 is not a simple power of 1 (except 1^1)
    
    if n <= 1:
        # For n <= 1, only x == n is a valid simple power
        return x == n
    
    if x <= 0:
        # Non-positive numbers are not simple powers (except maybe 1 handled above)
        return False
    
    # Check if x is a power of n
    current_power = 1
    while current_power <= x:
        if current_power == x:
            return True
        current_power *= n
    
    return False",raw_generations/HumanEval_76/constraint_guided_sample0.py,,,True,,5.38,0,7.0,7,68.54747736586485,outputs_deepseek_prompt_v3\reports\static_analysis\pylint\HumanEval_76__constraint_guided__sample0__final_pylint.txt,outputs_deepseek_prompt_v3\reports\static_analysis\bandit\HumanEval_76__constraint_guided__sample0__final_bandit.json,outputs_deepseek_prompt_v3\reports\static_analysis\bandit\HumanEval_76__constraint_guided__sample0__final_bandit.stderr.txt,False,assertion_failed: ,8.0,7.0,6.0,7.0,6.0,6.0,"The code is generally readable and handles some edge cases, but it has correctness issues (e.g., x=1 with n=0 returns True incorrectly) and uses a non-idiomatic iterative approach instead of logarithms.",,,,,,,
HumanEval/76,is_simple_power,structured_cot,0,"def is_simple_power(x: int, n: int) -> bool:
    """"""
    Check if number x is a simple power of n.
    x is a simple power of n if n to the power of some integer equals x.
    For example:
        is_simple_power(1, 4) => true (4^0 = 1)
        is_simple_power(2, 2) => true (2^1 = 2)
        is_simple_power(8, 2) => true (2^3 = 8)
        is_simple_power(3, 2) => false (only 2 and 4 are neighbouring simple powers)
        is_simple_power(3, 1) => false (1 is not a simple power of any number besides itself)
    """"""
    if n <= 1:
        return x == n
    if x == 1:
        return True
    power = 0
    current = 1
    while current <= x:
        if current == x:
            return True
        power += 1
        current *= n
    return False",raw_generations/HumanEval_76/structured_cot_sample0.py,,,True,,8.46,0,5.0,5,89.91499612704325,outputs_deepseek_prompt_v3\reports\static_analysis\pylint\HumanEval_76__structured_cot__sample0__final_pylint.txt,outputs_deepseek_prompt_v3\reports\static_analysis\bandit\HumanEval_76__structured_cot__sample0__final_bandit.json,outputs_deepseek_prompt_v3\reports\static_analysis\bandit\HumanEval_76__structured_cot__sample0__final_bandit.stderr.txt,False,assertion_failed: ,8.0,7.0,6.0,7.0,6.0,6.0,"The code is mostly readable and efficient but has correctness issues with edge cases (e.g., x=0, n=0) and could be more Pythonic using logarithms or a simpler loop.",,,,,,,
HumanEval/76,is_simple_power,self_refine,0,"def is_simple_power(x: int, n: int) -> bool:
    """"""
    Check if number x is a simple power of n.
    x is a simple power of n if n to the power of some integer equals x.
    """"""
    if n == 0:
        return x == 0
    if n == 1:
        return x == 1
    if x == 1:
        return True
    if n == -1:
        return x == 1 or x == -1

    exponent = 0
    power = 1
    while True:
        if power == x:
            return True
        exponent += 1
        power *= n
        if abs(power) > abs(x) and exponent > 0:
            break
    return False",raw_generations/HumanEval_76/self_refine_sample0.py,"""""""
Module for checking if a number is a simple power of another number.
""""""

def is_simple_power(x: int, n: int) -> bool:
    """"""
    Check if number x is a simple power of n.
    x is a simple power of n if n to the power of some integer equals x.
    """"""
    if n == 1:
        return x == 1
    if x == 1:
        return True
    if x < n:
        return False

    exponent = 0
    power = 1
    while power <= x:
        if power == x:
            return True
        exponent += 1
        power *= n
    return False",raw_generations/HumanEval_76/self_refine_sample0_initial.py,True,,8.42,0,10.0,10,77.73599608175888,outputs_deepseek_prompt_v3\reports\static_analysis\pylint\HumanEval_76__self_refine__sample0__final_pylint.txt,outputs_deepseek_prompt_v3\reports\static_analysis\bandit\HumanEval_76__self_refine__sample0__final_bandit.json,outputs_deepseek_prompt_v3\reports\static_analysis\bandit\HumanEval_76__self_refine__sample0__final_bandit.stderr.txt,True,passed,7.0,6.0,5.0,6.0,5.0,5.0,"The code handles edge cases but has logical errors (e.g., negative numbers, large exponents) and uses a non-idiomatic loop instead of logarithms or integer exponentiation.",9.33,False,assertion_failed: ,outputs_deepseek_prompt_v3\reports\static_analysis\pylint\HumanEval_76__self_refine__sample0__initial_pylint.txt,outputs_deepseek_prompt_v3\reports\static_analysis\bandit\HumanEval_76__self_refine__sample0__initial_bandit.json,outputs_deepseek_prompt_v3\reports\static_analysis\bandit\HumanEval_76__self_refine__sample0__initial_bandit.stderr.txt,True
HumanEval/77,iscube,zero_shot,0,"def iscube(a: int) -> bool:
    if a < 0:
        return (-(-a) ** (1/3)).is_integer()
    return (a ** (1/3)).is_integer()",raw_generations/HumanEval_77/zero_shot_sample0.py,,,True,,2.5,0,2.0,2,73.76132104425024,outputs_deepseek_prompt_v3\reports\static_analysis\pylint\HumanEval_77__zero_shot__sample0__final_pylint.txt,outputs_deepseek_prompt_v3\reports\static_analysis\bandit\HumanEval_77__zero_shot__sample0__final_bandit.json,outputs_deepseek_prompt_v3\reports\static_analysis\bandit\HumanEval_77__zero_shot__sample0__final_bandit.stderr.txt,False,assertion_failed: ,6.0,5.0,3.0,8.0,4.0,5.0,"The code has correctness issues due to floating-point precision errors and fails to handle negative cubes properly, while also lacking proper integer-based cube root calculation.",,,,,,,
HumanEval/77,iscube,constraint_guided,0,"""""""
Module for checking if a number is a perfect cube.
""""""


def iscube(a: int) -> bool:
    """"""
    Check if number a is a cube of some integer number.

    Args:
        a: The integer to check.

    Returns:
        True if a is a perfect cube (i.e., there exists an integer n
        such that n³ = a), False otherwise.

    Examples:
        >>> iscube(2)
        False
        >>> iscube(64)
        True
        >>> iscube(-180)
        False
    """"""
    if a < 0:
        return False

    low = 0
    high = max(1, int(a ** (1 / 3)) + 2)

    while low <= high:
        mid = (low + high) // 2
        cube = mid * mid * mid

        if cube == a:
            return True
        elif cube < a:
            low = mid + 1
        else:
            high = mid - 1

    return False",raw_generations/HumanEval_77/constraint_guided_sample0.py,,,True,,8.57,0,5.0,5,79.18124958092996,outputs_deepseek_prompt_v3\reports\static_analysis\pylint\HumanEval_77__constraint_guided__sample0__final_pylint.txt,outputs_deepseek_prompt_v3\reports\static_analysis\bandit\HumanEval_77__constraint_guided__sample0__final_bandit.json,outputs_deepseek_prompt_v3\reports\static_analysis\bandit\HumanEval_77__constraint_guided__sample0__final_bandit.stderr.txt,False,assertion_failed: ,7.0,6.0,4.0,5.0,6.0,5.0,The binary search implementation is flawed for negative numbers and inefficient compared to direct cube root calculation. The function incorrectly rejects negative cubes like -8.,,,,,,,
HumanEval/77,iscube,structured_cot,0,"def iscube(a: int) -> bool:
    """"""
    Check if number a is a cube of some integer number.

    Examples:
        iscube(2) == False
        iscube(64) == True
        iscube(-180) == False
    """"""
    if a < 0:
        return -(-a) ** (1/3) % 1 < 1e-12
    return a ** (1/3) % 1 < 1e-12",raw_generations/HumanEval_77/structured_cot_sample0.py,,,True,,5.0,0,2.0,2,81.09871018448766,outputs_deepseek_prompt_v3\reports\static_analysis\pylint\HumanEval_77__structured_cot__sample0__final_pylint.txt,outputs_deepseek_prompt_v3\reports\static_analysis\bandit\HumanEval_77__structured_cot__sample0__final_bandit.json,outputs_deepseek_prompt_v3\reports\static_analysis\bandit\HumanEval_77__structured_cot__sample0__final_bandit.stderr.txt,False,assertion_failed: ,6.0,5.0,3.0,7.0,4.0,5.0,"The code has floating-point precision issues for cube detection and incorrectly handles negative numbers, making it unreliable; it also lacks proper integer-based checking and edge case handling.",,,,,,,
HumanEval/77,iscube,self_refine,0,"def iscube(a: int) -> bool:
    """"""
    Check if number a is a cube of some integer number.

    Args:
        a: The integer to check.

    Returns:
        True if a is a perfect cube, False otherwise.

    Examples:
        >>> iscube(2)
        False
        >>> iscube(64)
        True
        >>> iscube(-180)
        False
        >>> iscube(-1)
        True
    """"""
    if a < 0:
        return iscube(-a)

    low = 0
    high = max(1, a)

    while low <= high:
        mid = (low + high) // 2
        cube = mid * mid * mid

        if cube == a:
            return True
        if cube < a:
            low = mid + 1
        else:
            high = mid - 1

    return False",raw_generations/HumanEval_77/self_refine_sample0.py,"""""""
Module for checking if a number is a perfect cube.
""""""


def iscube(a: int) -> bool:
    """"""
    Check if number a is a cube of some integer number.

    Args:
        a: The integer to check.

    Returns:
        True if a is a perfect cube, False otherwise.

    Examples:
        >>> iscube(2)
        False
        >>> iscube(64)
        True
        >>> iscube(-180)
        False
    """"""
    if a < 0:
        return -iscube(-a)

    low = 0
    high = max(1, a)

    while low <= high:
        mid = (low + high) // 2
        cube = mid * mid * mid

        if cube == a:
            return True
        elif cube < a:
            low = mid + 1
        else:
            high = mid - 1

    return False",raw_generations/HumanEval_77/self_refine_sample0_initial.py,True,,8.57,0,5.0,5,82.80864404295187,outputs_deepseek_prompt_v3\reports\static_analysis\pylint\HumanEval_77__self_refine__sample0__final_pylint.txt,outputs_deepseek_prompt_v3\reports\static_analysis\bandit\HumanEval_77__self_refine__sample0__final_bandit.json,outputs_deepseek_prompt_v3\reports\static_analysis\bandit\HumanEval_77__self_refine__sample0__final_bandit.stderr.txt,True,passed,8.0,7.0,6.0,7.0,6.0,6.0,"The binary search approach is inefficient for cubes and incorrectly handles negative numbers by checking -a, which fails for negative cubes like -8.",8.57,False,assertion_failed: ,outputs_deepseek_prompt_v3\reports\static_analysis\pylint\HumanEval_77__self_refine__sample0__initial_pylint.txt,outputs_deepseek_prompt_v3\reports\static_analysis\bandit\HumanEval_77__self_refine__sample0__initial_bandit.json,outputs_deepseek_prompt_v3\reports\static_analysis\bandit\HumanEval_77__self_refine__sample0__initial_bandit.stderr.txt,True
HumanEval/78,hex_key,zero_shot,0,"def hex_key(num: str) -> int:
    primes = {'2', '3', '5', '7', 'B', 'D'}
    return sum(1 for digit in num if digit in primes)",raw_generations/HumanEval_78/zero_shot_sample0.py,,,True,,0.0,0,3.0,3,84.44724042799471,outputs_deepseek_prompt_v3\reports\static_analysis\pylint\HumanEval_78__zero_shot__sample0__final_pylint.txt,outputs_deepseek_prompt_v3\reports\static_analysis\bandit\HumanEval_78__zero_shot__sample0__final_bandit.json,outputs_deepseek_prompt_v3\reports\static_analysis\bandit\HumanEval_78__zero_shot__sample0__final_bandit.stderr.txt,True,passed,9.0,8.0,10.0,9.0,10.0,9.0,"Excellent implementation - clean, efficient, and correct, though the prime set could be documented for clarity.",,,,,,,
HumanEval/78,hex_key,constraint_guided,0,"""""""
Count prime hexadecimal digits in a given string representation of a hexadecimal number.
""""""


def hex_key(num: str) -> int:
    """"""
    Count the number of hexadecimal digits that are prime numbers.

    The input is a string representing a hexadecimal number (uppercase A-F).
    Returns the count of prime digits.

    Examples:
        hex_key(""AB"") -> 1
        hex_key(""2020"") -> 2
    """"""
    # Prime digits in hexadecimal: 2, 3, 5, 7, B (11), D (13)
    prime_digits = {'2', '3', '5', '7', 'B', 'D'}
    count = 0
    for digit in num:
        if digit in prime_digits:
            count += 1
    return count",raw_generations/HumanEval_78/constraint_guided_sample0.py,,,True,,8.57,0,3.0,3,82.59615693774485,outputs_deepseek_prompt_v3\reports\static_analysis\pylint\HumanEval_78__constraint_guided__sample0__final_pylint.txt,outputs_deepseek_prompt_v3\reports\static_analysis\bandit\HumanEval_78__constraint_guided__sample0__final_bandit.json,outputs_deepseek_prompt_v3\reports\static_analysis\bandit\HumanEval_78__constraint_guided__sample0__final_bandit.stderr.txt,True,passed,9.0,8.0,7.0,8.0,8.0,8.0,"Clean and readable code, but lacks validation for empty string and could be more concise with a generator expression.",,,,,,,
HumanEval/78,hex_key,structured_cot,0,"def hex_key(num: str) -> int:
    """"""
    Count the number of hexadecimal digits in the given string that are prime numbers.

    The function interprets each character as a hexadecimal digit (0-9, A-F) and
    counts how many of these digits represent prime numbers. The primes among
    hexadecimal digits are: 2, 3, 5, 7, 11 (B), 13 (D).

    Args:
        num: A string representing a hexadecimal number. Assumed to be valid
             (only digits 0-9 and uppercase letters A-F) or empty.

    Returns:
        The count of prime hexadecimal digits in the input string.

    Examples:
        >>> hex_key(""AB"")
        1
        >>> hex_key(""2020"")
        2
    """"""
    prime_digits = {'2', '3', '5', '7', 'B', 'D'}
    return sum(1 for digit in num if digit in prime_digits)",raw_generations/HumanEval_78/structured_cot_sample0.py,,,True,,3.33,0,3.0,3,52.55966663130701,outputs_deepseek_prompt_v3\reports\static_analysis\pylint\HumanEval_78__structured_cot__sample0__final_pylint.txt,outputs_deepseek_prompt_v3\reports\static_analysis\bandit\HumanEval_78__structured_cot__sample0__final_bandit.json,outputs_deepseek_prompt_v3\reports\static_analysis\bandit\HumanEval_78__structured_cot__sample0__final_bandit.stderr.txt,True,passed,9.0,9.0,10.0,10.0,10.0,9.0,"Excellent, clean, and efficient implementation with clear documentation.",,,,,,,
HumanEval/78,hex_key,self_refine,0,"""""""
Count prime hexadecimal digits in a given string representation of a hexadecimal number.
""""""


def hex_key(num: str) -> int:
    """"""
    Count the number of hexadecimal digits in the given string that are prime numbers.

    Hexadecimal digits are: 0-9 and A-F (uppercase).
    Prime hexadecimal digits are: 2, 3, 5, 7, B, D.

    Parameters:
    num (str): The hexadecimal number as a string.

    Returns:
    int: The count of prime hexadecimal digits.
    """"""
    prime_digits = {'2', '3', '5', '7', 'B', 'D'}
    count = 0
    for digit in num:
        if digit in prime_digits:
            count += 1
    return count",raw_generations/HumanEval_78/self_refine_sample0.py,"""""""
Count prime hexadecimal digits in a given string representation of a hexadecimal number.
""""""


def hex_key(num: str) -> int:
    """"""
    Count the number of hexadecimal digits in the given string that are prime numbers.

    Hexadecimal digits are: 0-9 and A-F (uppercase).
    Prime hexadecimal digits are: 2, 3, 5, 7, B, D.

    Parameters:
    num (str): The hexadecimal number as a string.

    Returns:
    int: The count of prime hexadecimal digits.
    """"""
    prime_digits = {'2', '3', '5', '7', 'B', 'D'}
    count = 0
    for digit in num:
        if digit in prime_digits:
            count += 1
    return count",raw_generations/HumanEval_78/self_refine_sample0_initial.py,True,,8.57,0,3.0,3,82.59615693774485,outputs_deepseek_prompt_v3\reports\static_analysis\pylint\HumanEval_78__self_refine__sample0__final_pylint.txt,outputs_deepseek_prompt_v3\reports\static_analysis\bandit\HumanEval_78__self_refine__sample0__final_bandit.json,outputs_deepseek_prompt_v3\reports\static_analysis\bandit\HumanEval_78__self_refine__sample0__final_bandit.stderr.txt,True,passed,9.0,9.0,8.0,9.0,9.0,9.0,"Clean, efficient, and well-documented code, but lacks explicit handling for the empty string edge case as mentioned in the task description.",8.57,True,passed,outputs_deepseek_prompt_v3\reports\static_analysis\pylint\HumanEval_78__self_refine__sample0__initial_pylint.txt,outputs_deepseek_prompt_v3\reports\static_analysis\bandit\HumanEval_78__self_refine__sample0__initial_bandit.json,outputs_deepseek_prompt_v3\reports\static_analysis\bandit\HumanEval_78__self_refine__sample0__initial_bandit.stderr.txt,False
HumanEval/79,decimal_to_binary,zero_shot,0,"def decimal_to_binary(decimal: int) -> str:
    binary_str = """"
    while decimal > 0:
        binary_str = str(decimal % 2) + binary_str
        decimal //= 2
    return ""db"" + (binary_str if binary_str else ""0"") + ""db""",raw_generations/HumanEval_79/zero_shot_sample0.py,,,True,,5.0,0,3.0,3,69.9499846695445,outputs_deepseek_prompt_v3\reports\static_analysis\pylint\HumanEval_79__zero_shot__sample0__final_pylint.txt,outputs_deepseek_prompt_v3\reports\static_analysis\bandit\HumanEval_79__zero_shot__sample0__final_bandit.json,outputs_deepseek_prompt_v3\reports\static_analysis\bandit\HumanEval_79__zero_shot__sample0__final_bandit.stderr.txt,True,passed,8.0,7.0,9.0,8.0,6.0,7.0,The code is clear and correct but misses Pythonic opportunities like using built-in bin() function and lacks edge case handling for zero input.,,,,,,,
HumanEval/79,decimal_to_binary,constraint_guided,0,"""""""
Convert a decimal integer to binary string with 'db' prefix and suffix.
""""""


def decimal_to_binary(decimal: int) -> str:
    """"""
    Convert a positive decimal integer to binary format.

    The result is a string with 'db' at the beginning and end.

    Args:
        decimal: A positive integer in decimal system.

    Returns:
        A string representing the binary value with 'db' prefix and suffix.

    Example:
        decimal_to_binary(15) returns ""db1111db""
    """"""
    binary_str = bin(decimal)[2:]
    return f""db{binary_str}db""",raw_generations/HumanEval_79/constraint_guided_sample0.py,,,True,,6.67,0,1.0,1,100.0,outputs_deepseek_prompt_v3\reports\static_analysis\pylint\HumanEval_79__constraint_guided__sample0__final_pylint.txt,outputs_deepseek_prompt_v3\reports\static_analysis\bandit\HumanEval_79__constraint_guided__sample0__final_bandit.json,outputs_deepseek_prompt_v3\reports\static_analysis\bandit\HumanEval_79__constraint_guided__sample0__final_bandit.stderr.txt,True,passed,9.0,9.0,10.0,10.0,10.0,9.0,"Excellent implementation - clean, efficient, and perfectly meets requirements with proper documentation.",,,,,,,
HumanEval/79,decimal_to_binary,structured_cot,0,"def decimal_to_binary(decimal: int) -> str:
    """"""
    Convert a positive decimal integer to binary format.
    
    Args:
        decimal: A positive integer in decimal form.
    
    Returns:
        A string representing the binary equivalent of the input,
        prefixed and suffixed with 'db'.
    
    Example:
        >>> decimal_to_binary(15)
        'db1111db'
    """"""
    return f""db{decimal:b}db""",raw_generations/HumanEval_79/structured_cot_sample0.py,,,True,,0.0,0,1.0,1,100.0,outputs_deepseek_prompt_v3\reports\static_analysis\pylint\HumanEval_79__structured_cot__sample0__final_pylint.txt,outputs_deepseek_prompt_v3\reports\static_analysis\bandit\HumanEval_79__structured_cot__sample0__final_bandit.json,outputs_deepseek_prompt_v3\reports\static_analysis\bandit\HumanEval_79__structured_cot__sample0__final_bandit.stderr.txt,True,passed,10.0,10.0,10.0,10.0,10.0,10.0,"Perfectly concise, correct, and idiomatic solution using Python's built-in formatting.",,,,,,,
HumanEval/79,decimal_to_binary,self_refine,0,"""""""
Module for converting decimal numbers to binary format with special formatting.
""""""


def decimal_to_binary(decimal: int) -> str:
    """"""
    Convert a positive decimal integer to binary format.

    The result is formatted with 'db' at both the beginning and end.

    Args:
        decimal: A positive integer in decimal form.

    Returns:
        A string containing the binary representation of the decimal number,
        prefixed and suffixed with 'db'.

    Example:
        >>> decimal_to_binary(15)
        'db1111db'
    """"""
    binary_str = bin(decimal)[2:]
    return f""db{binary_str}db""",raw_generations/HumanEval_79/self_refine_sample0.py,"""""""
Module for converting decimal numbers to binary format with special formatting.
""""""


def decimal_to_binary(decimal: int) -> str:
    """"""
    Convert a positive decimal integer to binary format.

    The result is formatted with 'db' at both the beginning and end.

    Args:
        decimal: A positive integer in decimal form.

    Returns:
        A string containing the binary representation of the decimal number,
        prefixed and suffixed with 'db'.

    Example:
        >>> decimal_to_binary(15)
        'db1111db'
    """"""
    binary_str = bin(decimal)[2:]
    return f""db{binary_str}db""",raw_generations/HumanEval_79/self_refine_sample0_initial.py,True,,6.67,0,1.0,1,100.0,outputs_deepseek_prompt_v3\reports\static_analysis\pylint\HumanEval_79__self_refine__sample0__final_pylint.txt,outputs_deepseek_prompt_v3\reports\static_analysis\bandit\HumanEval_79__self_refine__sample0__final_bandit.json,outputs_deepseek_prompt_v3\reports\static_analysis\bandit\HumanEval_79__self_refine__sample0__final_bandit.stderr.txt,True,passed,-1.0,-1.0,-1.0,-1.0,-1.0,-1.0,"The code is excellent: clear, efficient, and fully Pythonic with no issues.",6.67,True,passed,outputs_deepseek_prompt_v3\reports\static_analysis\pylint\HumanEval_79__self_refine__sample0__initial_pylint.txt,outputs_deepseek_prompt_v3\reports\static_analysis\bandit\HumanEval_79__self_refine__sample0__initial_bandit.json,outputs_deepseek_prompt_v3\reports\static_analysis\bandit\HumanEval_79__self_refine__sample0__initial_bandit.stderr.txt,False
HumanEval/80,is_happy,zero_shot,0,"def is_happy(s: str) -> bool:
    if len(s) < 3:
        return False
    for i in range(len(s) - 2):
        if s[i] == s[i + 1] or s[i] == s[i + 2] or s[i + 1] == s[i + 2]:
            return False
    return True",raw_generations/HumanEval_80/zero_shot_sample0.py,,,True,,5.71,0,6.0,6,65.86448753980045,outputs_deepseek_prompt_v3\reports\static_analysis\pylint\HumanEval_80__zero_shot__sample0__final_pylint.txt,outputs_deepseek_prompt_v3\reports\static_analysis\bandit\HumanEval_80__zero_shot__sample0__final_bandit.json,outputs_deepseek_prompt_v3\reports\static_analysis\bandit\HumanEval_80__zero_shot__sample0__final_bandit.stderr.txt,True,passed,8.0,7.0,9.0,9.0,7.0,8.0,The code is clear and efficient but could be more Pythonic with a sliding window approach and lacks explicit handling of non-string inputs.,,,,,,,
HumanEval/80,is_happy,constraint_guided,0,"""""""
Module for checking if a string is ""happy"" based on consecutive distinct characters.
""""""


def is_happy(s: str) -> bool:
    """"""
    Check if the string is happy or not.

    A string is happy if its length is at least 3 and every 3 consecutive
    letters are distinct.

    Args:
        s: The input string to check.

    Returns:
        True if the string is happy, False otherwise.

    Examples:
        >>> is_happy(""a"")
        False
        >>> is_happy(""aa"")
        False
        >>> is_happy(""abcd"")
        True
        >>> is_happy(""aabb"")
        False
    """"""
    if len(s) < 3:
        return False

    for i in range(len(s) - 2):
        if len(set(s[i:i + 3])) != 3:
            return False

    return True",raw_generations/HumanEval_80/constraint_guided_sample0.py,,,True,,8.57,0,4.0,4,54.79040428158296,outputs_deepseek_prompt_v3\reports\static_analysis\pylint\HumanEval_80__constraint_guided__sample0__final_pylint.txt,outputs_deepseek_prompt_v3\reports\static_analysis\bandit\HumanEval_80__constraint_guided__sample0__final_bandit.json,outputs_deepseek_prompt_v3\reports\static_analysis\bandit\HumanEval_80__constraint_guided__sample0__final_bandit.stderr.txt,True,passed,9.0,8.0,9.0,7.0,8.0,8.0,"Clean and correct implementation with good documentation, but could be more efficient by avoiding repeated set creation for overlapping slices.",,,,,,,
HumanEval/80,is_happy,structured_cot,0,"def is_happy(s: str) -> bool:
    """"""
    Check if the string is happy or not:
    A string is happy if its length is at least 3 and every 3 consecutive letters are distinct.

    Examples:
      is_happy(a) => False
      is_happy(aa) => False
      is_happy(abcd) => True
      is_happy(aabb) => False
    """"""
    if len(s) < 3:
        return False
    for i in range(len(s) - 2):
        if len(set(s[i:i+3])) != 3:
            return False
    return True",raw_generations/HumanEval_80/structured_cot_sample0.py,,,True,,7.14,0,4.0,4,89.36804285858756,outputs_deepseek_prompt_v3\reports\static_analysis\pylint\HumanEval_80__structured_cot__sample0__final_pylint.txt,outputs_deepseek_prompt_v3\reports\static_analysis\bandit\HumanEval_80__structured_cot__sample0__final_bandit.json,outputs_deepseek_prompt_v3\reports\static_analysis\bandit\HumanEval_80__structured_cot__sample0__final_bandit.stderr.txt,True,passed,9.0,8.0,10.0,7.0,8.0,8.0,"The code is clear and correct, but could be more efficient by avoiding repeated set creation for overlapping slices.",,,,,,,
HumanEval/80,is_happy,self_refine,0,"""""""
Module for checking if a string is ""happy"" according to specific criteria.
""""""


def is_happy(s: str) -> bool:
    """"""
    Check if the string is happy or not.

    A string is happy if its length is at least 3 and every 3 consecutive
    letters are distinct.

    Args:
        s: The string to check.

    Returns:
        True if the string is happy, False otherwise.

    Examples:
        >>> is_happy(""a"")
        False
        >>> is_happy(""aa"")
        False
        >>> is_happy(""abcd"")
        True
        >>> is_happy(""aabb"")
        False
    """"""
    if len(s) < 3:
        return False

    for i in range(len(s) - 2):
        if len(set(s[i:i + 3])) != 3:
            return False

    return True",raw_generations/HumanEval_80/self_refine_sample0.py,"""""""
Module for checking if a string is ""happy"" according to specific criteria.
""""""


def is_happy(s: str) -> bool:
    """"""
    Check if the string is happy or not.

    A string is happy if its length is at least 3 and every 3 consecutive
    letters are distinct.

    Args:
        s: The string to check.

    Returns:
        True if the string is happy, False otherwise.

    Examples:
        >>> is_happy(""a"")
        False
        >>> is_happy(""aa"")
        False
        >>> is_happy(""abcd"")
        True
        >>> is_happy(""aabb"")
        False
    """"""
    if len(s) < 3:
        return False

    for i in range(len(s) - 2):
        if len(set(s[i:i + 3])) != 3:
            return False

    return True",raw_generations/HumanEval_80/self_refine_sample0_initial.py,True,,8.57,0,4.0,4,54.79040428158296,outputs_deepseek_prompt_v3\reports\static_analysis\pylint\HumanEval_80__self_refine__sample0__final_pylint.txt,outputs_deepseek_prompt_v3\reports\static_analysis\bandit\HumanEval_80__self_refine__sample0__final_bandit.json,outputs_deepseek_prompt_v3\reports\static_analysis\bandit\HumanEval_80__self_refine__sample0__final_bandit.stderr.txt,True,passed,8.0,7.0,9.0,6.0,7.0,7.0,"The code is clear and correct, but efficiency could be improved by avoiding repeated set creation for overlapping substrings.",8.57,True,passed,outputs_deepseek_prompt_v3\reports\static_analysis\pylint\HumanEval_80__self_refine__sample0__initial_pylint.txt,outputs_deepseek_prompt_v3\reports\static_analysis\bandit\HumanEval_80__self_refine__sample0__initial_bandit.json,outputs_deepseek_prompt_v3\reports\static_analysis\bandit\HumanEval_80__self_refine__sample0__initial_bandit.stderr.txt,False
HumanEval/81,numerical_letter_grade,zero_shot,0,"from typing import List


def numerical_letter_grade(grades: List[float]) -> List[str]:
    def round_half_up(n: float) -> float:
        if n < 0:
            return -round_half_up(-n)
        # Add a small epsilon to handle floating point precision issues
        eps = 1e-6
        int_part = int(n)
        frac_part = n - int_part
        if frac_part >= 0.5 - eps:
            return int_part + 1.0
        else:
            return float(int_part)

    result = []
    for grade in grades:
        if grade < 0.0 or grade > 4.0:
            result.append('')
            continue
        
        # Round to 1 decimal place using half-up
        rounded = round_half_up(grade * 10) / 10.0
        
        # Apply tolerance
        eps = 1e-6
        if abs(rounded - 4.0) < eps:
            result.append('A+')
        elif rounded > 3.7 - eps:
            result.append('A')
        elif rounded > 3.3 - eps:
            result.append('A-')
        elif rounded > 3.0 - eps:
            result.append('B+')
        elif rounded > 2.7 - eps:
            result.append('B')
        elif rounded > 2.3 - eps:
            result.append('B-')
        elif rounded > 2.0 - eps:
            result.append('C+')
        elif rounded > 1.7 - eps:
            result.append('C')
        elif rounded > 1.3 - eps:
            result.append('C-')
        elif rounded > 1.0 - eps:
            result.append('D+')
        elif rounded > 0.7 - eps:
            result.append('D')
        elif rounded > 0.0 - eps:
            result.append('D-')
        else:
            result.append('E')
    
    return result",raw_generations/HumanEval_81/zero_shot_sample0.py,,,True,,8.18,0,16.0,16,56.909104261812004,outputs_deepseek_prompt_v3\reports\static_analysis\pylint\HumanEval_81__zero_shot__sample0__final_pylint.txt,outputs_deepseek_prompt_v3\reports\static_analysis\bandit\HumanEval_81__zero_shot__sample0__final_bandit.json,outputs_deepseek_prompt_v3\reports\static_analysis\bandit\HumanEval_81__zero_shot__sample0__final_bandit.stderr.txt,False,assertion_failed: ,6.0,5.0,4.0,7.0,4.0,5.0,"The code has correctness issues with rounding logic and boundary handling, uses non-idiomatic Python, and lacks modularity with hardcoded thresholds.",,,,,,,
HumanEval/81,numerical_letter_grade,constraint_guided,0,"from typing import List


def numerical_letter_grade(grades: List[float]) -> List[str]:
    """"""
    Convert a list of numerical GPAs to letter grades according to a specific
    grading scale. GPAs are rounded to one decimal place (half up) before
    conversion. Out-of-bounds GPAs return an empty string.

    Args:
        grades: List of float GPAs.

    Returns:
        List of corresponding letter grades.
    """"""
    def round_half_up(num: float) -> float:
        """"""Round a number to one decimal place using half-up rounding.""""""
        return round(num + 1e-9, 1)

    grade_map = [
        (4.0, ""A+""),
        (3.7, ""A""),
        (3.3, ""A-""),
        (3.0, ""B+""),
        (2.7, ""B""),
        (2.3, ""B-""),
        (2.0, ""C+""),
        (1.7, ""C""),
        (1.3, ""C-""),
        (1.0, ""D+""),
        (0.7, ""D""),
        (0.0, ""D-""),
    ]

    result = []
    for gpa in grades:
        if gpa < 0.0 or gpa > 4.0:
            result.append("""")
            continue

        rounded = round_half_up(gpa)

        if rounded == 0.0:
            result.append(""E"")
            continue

        for threshold, letter in grade_map:
            if rounded >= threshold:
                result.append(letter)
                break

    return result",raw_generations/HumanEval_81/constraint_guided_sample0.py,,,True,,8.95,0,7.0,7,83.3260895221404,outputs_deepseek_prompt_v3\reports\static_analysis\pylint\HumanEval_81__constraint_guided__sample0__final_pylint.txt,outputs_deepseek_prompt_v3\reports\static_analysis\bandit\HumanEval_81__constraint_guided__sample0__final_bandit.json,outputs_deepseek_prompt_v3\reports\static_analysis\bandit\HumanEval_81__constraint_guided__sample0__final_bandit.stderr.txt,False,assertion_failed: ,8.0,7.0,5.0,8.0,7.0,6.0,The code has readability and structure strengths but fails correctness due to incorrect rounding logic and missing handling for the 0.0 GPA edge case per the specification.,,,,,,,
HumanEval/81,numerical_letter_grade,structured_cot,0,"from typing import List


def numerical_letter_grade(grades: List[float]) -> List[str]:
    """"""
    Convert numerical GPAs to letter grades according to the specified grading scale.
    
    The GPA is first rounded to one decimal place using half-up rounding,
    then converted to a letter grade using the provided table.
    For GPAs outside the valid range (0.0 to 4.0), an empty string is returned.
    
    Args:
        grades: List of float GPAs, each with one decimal place.
    
    Returns:
        List of corresponding letter grades.
    """"""
    def round_half_up(num: float) -> float:
        """"""Round to one decimal place using half-up method.""""""
        return round(num + 1e-6, 1)

    def gpa_to_letter(gpa: float) -> str:
        """"""Convert a single GPA to letter grade.""""""
        if not 0.0 <= gpa <= 4.0:
            return ''
        
        if gpa == 4.0:
            return 'A+'
        elif gpa > 3.7:
            return 'A'
        elif gpa > 3.3:
            return 'A-'
        elif gpa > 3.0:
            return 'B+'
        elif gpa > 2.7:
            return 'B'
        elif gpa > 2.3:
            return 'B-'
        elif gpa > 2.0:
            return 'C+'
        elif gpa > 1.7:
            return 'C'
        elif gpa > 1.3:
            return 'C-'
        elif gpa > 1.0:
            return 'D+'
        elif gpa > 0.7:
            return 'D'
        elif gpa > 0.0:
            return 'D-'
        else:  # gpa == 0.0
            return 'E'

    return [gpa_to_letter(round_half_up(g)) for g in grades]",raw_generations/HumanEval_81/structured_cot_sample0.py,,,True,,8.18,0,2.0,2,76.39903913653103,outputs_deepseek_prompt_v3\reports\static_analysis\pylint\HumanEval_81__structured_cot__sample0__final_pylint.txt,outputs_deepseek_prompt_v3\reports\static_analysis\bandit\HumanEval_81__structured_cot__sample0__final_bandit.json,outputs_deepseek_prompt_v3\reports\static_analysis\bandit\HumanEval_81__structured_cot__sample0__final_bandit.stderr.txt,False,assertion_failed: ,9.0,8.0,6.0,9.0,8.0,7.0,"The code is clean and well-structured, but the rounding logic is incorrect for half-up rounding and the GPA bounds check fails for negative values due to floating-point precision issues.",,,,,,,
HumanEval/81,numerical_letter_grade,self_refine,0,"""""""
Convert numerical GPAs to letter grades based on a specific grading scale.
""""""

from typing import List


def numerical_letter_grade(grades: List[float]) -> List[str]:
    """"""
    Convert a list of numerical GPAs to letter grades according to a specific scale.

    The GPA is first rounded to one decimal place using half-up rounding.
    Then it is mapped to a letter grade based on the following table:
        4.0: A+
        > 3.7: A
        > 3.3: A-
        > 3.0: B+
        > 2.7: B
        > 2.3: B-
        > 2.0: C+
        > 1.7: C
        > 1.3: C-
        > 1.0: D+
        > 0.7: D
        > 0.0: D-
        0.0: E

    Grades outside the valid range (0.0 to 4.0) return an empty string.
    A tolerance of 1e-6 is used for edge cases.

    Args:
        grades: List of GPAs as floats.

    Returns:
        List of letter grades corresponding to each input GPA.
    """"""
    result = []

    for gpa in grades:
        # Check bounds with tolerance
        if gpa < 0.0 - 1e-6 or gpa > 4.0 + 1e-6:
            result.append('')
            continue

        # Round to one decimal place using half-up
        rounded_gpa = round(gpa + 1e-9, 1)  # Add tiny epsilon for half-up behavior

        # Map to letter grade
        if abs(rounded_gpa - 4.0) <= 1e-6:
            letter = 'A+'
        elif rounded_gpa > 3.7:
            letter = 'A'
        elif rounded_gpa > 3.3:
            letter = 'A-'
        elif rounded_gpa > 3.0:
            letter = 'B+'
        elif rounded_gpa > 2.7:
            letter = 'B'
        elif rounded_gpa > 2.3:
            letter = 'B-'
        elif rounded_gpa > 2.0:
            letter = 'C+'
        elif rounded_gpa > 1.7:
            letter = 'C'
        elif rounded_gpa > 1.3:
            letter = 'C-'
        elif rounded_gpa > 1.0:
            letter = 'D+'
        elif rounded_gpa > 0.7:
            letter = 'D'
        elif rounded_gpa > 0.0:
            letter = 'D-'
        else:
            letter = 'E'

        result.append(letter)

    return result",raw_generations/HumanEval_81/self_refine_sample0.py,"""""""
Convert numerical GPAs to letter grades based on a specific grading scale.
""""""

from typing import List


def numerical_letter_grade(grades: List[float]) -> List[str]:
    """"""
    Convert a list of numerical GPAs to letter grades according to a specific scale.

    The GPA is first rounded to one decimal place using half-up rounding.
    Then it is mapped to a letter grade based on the following table:
        4.0: A+
        > 3.7: A
        > 3.3: A-
        > 3.0: B+
        > 2.7: B
        > 2.3: B-
        > 2.0: C+
        > 1.7: C
        > 1.3: C-
        > 1.0: D+
        > 0.7: D
        > 0.0: D-
        0.0: E

    Grades outside the valid range (0.0 to 4.0) return an empty string.
    A tolerance of 1e-6 is used for edge cases.

    Args:
        grades: List of GPAs as floats.

    Returns:
        List of letter grades corresponding to each input GPA.
    """"""
    result = []

    for gpa in grades:
        # Check bounds with tolerance
        if gpa < 0.0 - 1e-6 or gpa > 4.0 + 1e-6:
            result.append('')
            continue

        # Round to one decimal place using half-up
        rounded_gpa = round(gpa + 1e-9, 1)  # Add tiny epsilon for half-up behavior

        # Map to letter grade
        if abs(rounded_gpa - 4.0) <= 1e-6:
            letter = 'A+'
        elif rounded_gpa > 3.7:
            letter = 'A'
        elif rounded_gpa > 3.3:
            letter = 'A-'
        elif rounded_gpa > 3.0:
            letter = 'B+'
        elif rounded_gpa > 2.7:
            letter = 'B'
        elif rounded_gpa > 2.3:
            letter = 'B-'
        elif rounded_gpa > 2.0:
            letter = 'C+'
        elif rounded_gpa > 1.7:
            letter = 'C'
        elif rounded_gpa > 1.3:
            letter = 'C-'
        elif rounded_gpa > 1.0:
            letter = 'D+'
        elif rounded_gpa > 0.7:
            letter = 'D'
        elif rounded_gpa > 0.0:
            letter = 'D-'
        else:
            letter = 'E'

        result.append(letter)

    return result",raw_generations/HumanEval_81/self_refine_sample0_initial.py,True,,9.43,0,16.0,16,73.79742405968612,outputs_deepseek_prompt_v3\reports\static_analysis\pylint\HumanEval_81__self_refine__sample0__final_pylint.txt,outputs_deepseek_prompt_v3\reports\static_analysis\bandit\HumanEval_81__self_refine__sample0__final_bandit.json,outputs_deepseek_prompt_v3\reports\static_analysis\bandit\HumanEval_81__self_refine__sample0__final_bandit.stderr.txt,True,passed,8.0,7.0,6.0,8.0,7.0,7.0,"The code is generally readable and efficient, but has correctness issues with rounding logic and inconsistent handling of edge cases compared to the specification.",9.43,True,passed,outputs_deepseek_prompt_v3\reports\static_analysis\pylint\HumanEval_81__self_refine__sample0__initial_pylint.txt,outputs_deepseek_prompt_v3\reports\static_analysis\bandit\HumanEval_81__self_refine__sample0__initial_bandit.json,outputs_deepseek_prompt_v3\reports\static_analysis\bandit\HumanEval_81__self_refine__sample0__initial_bandit.stderr.txt,False
