task_id,entry_point,strategy,sample_index,code,code_file,initial_code,initial_code_file,syntax_valid,syntax_error,custom_flags_count,custom_flags,pylint_score,bandit_issues,radon_cc_avg,radon_cc_max,radon_mi,pylint_report_file,bandit_report_file,bandit_stderr_file,passed,functional_result,llm_readability,llm_maintainability,llm_correctness,llm_efficiency,llm_pythonic_style,llm_overall_score,llm_feedback,initial_pylint_report_file,initial_bandit_report_file,initial_bandit_stderr_file
HumanEval/0,has_close_elements,zero_shot,0,"from typing import List


def has_close_elements(numbers: List[float], threshold: float) -> bool:
    """"""
    Check if in a given list of numbers, there are any two numbers closer to each other than
    the given threshold.

    Examples:
        >>> has_close_elements([1.0, 2.0, 3.0], 0.5)
        False
        >>> has_close_elements([1.0, 2.8, 3.0, 4.0, 5.0, 2.0], 0.3)
        True
    """"""
    sorted_numbers = sorted(numbers)
    for i in range(len(sorted_numbers) - 1):
        if abs(sorted_numbers[i] - sorted_numbers[i + 1]) < threshold:
            return True
    return False",raw_generations/HumanEval_0/zero_shot_sample0.py,,,True,,0,,7.14,0.0,3.0,3.0,89.50254578256416,outputs\reports\static_analysis\pylint\HumanEval_0__zero_shot__sample0__final_pylint.txt,outputs\reports\static_analysis\bandit\HumanEval_0__zero_shot__sample0__final_bandit.json,outputs\reports\static_analysis\bandit\HumanEval_0__zero_shot__sample0__final_bandit.stderr.txt,True,passed,8.0,7.0,6.0,8.0,7.0,7.0,The code is clear and efficient but lacks edge case handling for empty lists and could be more Pythonic with enumerate.,,,
HumanEval/0,has_close_elements,constraint_guided,0,"from typing import List


def has_close_elements(numbers: List[float], threshold: float) -> bool:
    """"""
    Check if in a given list of numbers, there are any two numbers closer to each other than
    the given threshold.

    Examples:
        >>> has_close_elements([1.0, 2.0, 3.0], 0.5)
        False
        >>> has_close_elements([1.0, 2.8, 3.0, 4.0, 5.0, 2.0], 0.3)
        True
    """"""
    # Sort the list to compare only adjacent elements
    sorted_numbers = sorted(numbers)
    
    # Check consecutive pairs
    for i in range(len(sorted_numbers) - 1):
        if abs(sorted_numbers[i] - sorted_numbers[i + 1]) < threshold:
            return True
    
    return False",raw_generations/HumanEval_0/constraint_guided_sample0.py,,,True,,0,,4.29,0.0,3.0,3.0,83.825325352524,outputs\reports\static_analysis\pylint\HumanEval_0__constraint_guided__sample0__final_pylint.txt,outputs\reports\static_analysis\bandit\HumanEval_0__constraint_guided__sample0__final_bandit.json,outputs\reports\static_analysis\bandit\HumanEval_0__constraint_guided__sample0__final_bandit.stderr.txt,True,passed,8.0,7.0,6.0,8.0,7.0,7.0,"The code is clear and efficient but fails to handle the case where the same element is compared with itself (distance zero) incorrectly, and lacks input validation.",,,
HumanEval/0,has_close_elements,structured_cot,0,"from typing import List


def has_close_elements(numbers: List[float], threshold: float) -> bool:
    """"""
    Check if in a given list of numbers, there are any two numbers closer to each other than
    the given threshold.

    Examples:
        >>> has_close_elements([1.0, 2.0, 3.0], 0.5)
        False
        >>> has_close_elements([1.0, 2.8, 3.0, 4.0, 5.0, 2.0], 0.3)
        True
    """"""
    n = len(numbers)
    for i in range(n):
        for j in range(i + 1, n):
            if abs(numbers[i] - numbers[j]) < threshold:
                return True
    return False",raw_generations/HumanEval_0/structured_cot_sample0.py,,,True,,0,,7.5,0.0,4.0,4.0,92.13474389375823,outputs\reports\static_analysis\pylint\HumanEval_0__structured_cot__sample0__final_pylint.txt,outputs\reports\static_analysis\bandit\HumanEval_0__structured_cot__sample0__final_bandit.json,outputs\reports\static_analysis\bandit\HumanEval_0__structured_cot__sample0__final_bandit.stderr.txt,True,passed,8.0,7.0,8.0,4.0,7.0,6.0,The code is clear and correct but inefficient (O(n²) time complexity) and could be more Pythonic with itertools.combinations.,,,
HumanEval/0,has_close_elements,self_refine,0,"from typing import List


def has_close_elements(numbers: List[float], threshold: float) -> bool:
    """"""
    Check if in a given list of numbers, there are any two numbers closer to each other than
    the given threshold.

    Examples:
        >>> has_close_elements([1.0, 2.0, 3.0], 0.5)
        False
        >>> has_close_elements([1.0, 2.8, 3.0, 4.0, 5.0, 2.0], 0.3)
        True
    """"""
    if not numbers:
        return False

    sorted_numbers = sorted(numbers)

    for i in range(len(sorted_numbers) - 1):
        if abs(sorted_numbers[i] - sorted_numbers[i + 1]) < threshold:
            return True

    return False",raw_generations/HumanEval_0/self_refine_sample0.py,"from typing import List


def has_close_elements(numbers: List[float], threshold: float) -> bool:
    """"""
    Check if in a given list of numbers, there are any two numbers closer to each other than
    the given threshold.

    Examples:
        >>> has_close_elements([1.0, 2.0, 3.0], 0.5)
        False
        >>> has_close_elements([1.0, 2.8, 3.0, 4.0, 5.0, 2.0], 0.3)
        True
    """"""
    # Sort the list to only compare adjacent elements
    sorted_numbers = sorted(numbers)
    
    # Compare each adjacent pair
    for i in range(len(sorted_numbers) - 1):
        if abs(sorted_numbers[i] - sorted_numbers[i + 1]) < threshold:
            return True
    
    return False",raw_generations/HumanEval_0/self_refine_sample0_initial.py,True,,0,,7.78,0.0,4.0,4.0,91.38262376949379,outputs\reports\static_analysis\pylint\HumanEval_0__self_refine__sample0__final_pylint.txt,outputs\reports\static_analysis\bandit\HumanEval_0__self_refine__sample0__final_bandit.json,outputs\reports\static_analysis\bandit\HumanEval_0__self_refine__sample0__final_bandit.stderr.txt,True,passed,8.0,7.0,6.0,7.0,7.0,7.0,"The code is clear and efficient for sorted comparisons but fails to handle the specification correctly as it doesn't consider all pairs, only adjacent ones after sorting.",outputs\reports\static_analysis\pylint\HumanEval_0__self_refine__sample0__initial_pylint.txt,outputs\reports\static_analysis\bandit\HumanEval_0__self_refine__sample0__initial_bandit.json,outputs\reports\static_analysis\bandit\HumanEval_0__self_refine__sample0__initial_bandit.stderr.txt
HumanEval/1,separate_paren_groups,zero_shot,0,"from typing import List


def separate_paren_groups(paren_string: str) -> List[str]:
    """"""
    Input to this function is a string possibly containing multiple groups of nested parentheses.
    Your goal is to separate those groups into separate strings and return the list of those.
    Ignore anything other than ""("" and "")"" in the input string.

    Examples:
        >>> separate_paren_groups('(()())')
        ['(()())']
        >>> separate_paren_groups('()(())')
        ['()', '(())']
        >>> separate_paren_groups(')( [) (( ))] (({})( ))')
        ['()', '(())', '(()())']
    """"""
    result = []
    current = []
    balance = 0
    
    for char in paren_string:
        if char == '(':
            current.append(char)
            balance += 1
        elif char == ')':
            current.append(char)
            balance -= 1
            
            if balance == 0:
                result.append(''.join(current))
                current = []
    
    return result",raw_generations/HumanEval_1/zero_shot_sample0.py,,,True,,0,,6.88,0.0,5.0,5.0,89.25451992269937,outputs\reports\static_analysis\pylint\HumanEval_1__zero_shot__sample0__final_pylint.txt,outputs\reports\static_analysis\bandit\HumanEval_1__zero_shot__sample0__final_bandit.json,outputs\reports\static_analysis\bandit\HumanEval_1__zero_shot__sample0__final_bandit.stderr.txt,False,assertion_failed: ,8.0,7.0,5.0,8.0,7.0,6.0,The code is readable and efficient but fails to handle invalid characters correctly and doesn't match the expected output for the third example.,,,
HumanEval/1,separate_paren_groups,constraint_guided,0,"from typing import List


def separate_paren_groups(paren_string: str) -> List[str]:
    """"""
    Input to this function is a string possibly containing multiple groups of nested parentheses.
    Your goal is to separate those groups into separate strings and return the list of those.
    Ignore anything other than ""("" and "")"" in the input string.

    Examples:
        >>> seperate_paren_groups('(()())')
        ['(()())']
        >>> separate_paren_groups('()(())')
        ['()', '(())']
        >>> separate_paren_groups(')( [) (( ))] (({})( ))')
        ['()', '(())', '(()())']
    """"""
    result = []
    current_group = []
    balance = 0

    for char in paren_string:
        if char == '(':
            current_group.append(char)
            balance += 1
        elif char == ')':
            current_group.append(char)
            balance -= 1
            if balance == 0:
                result.append(''.join(current_group))
                current_group = []

    return result",raw_generations/HumanEval_1/constraint_guided_sample0.py,,,True,,0,,8.75,0.0,5.0,5.0,89.25451992269937,outputs\reports\static_analysis\pylint\HumanEval_1__constraint_guided__sample0__final_pylint.txt,outputs\reports\static_analysis\bandit\HumanEval_1__constraint_guided__sample0__final_bandit.json,outputs\reports\static_analysis\bandit\HumanEval_1__constraint_guided__sample0__final_bandit.stderr.txt,False,assertion_failed: ,7.0,8.0,5.0,9.0,7.0,6.0,"The code is readable and efficient but fails to handle invalid input patterns and ignores non-parenthesis characters as required, leading to incorrect outputs for some examples.",,,
HumanEval/1,separate_paren_groups,structured_cot,0,"from typing import List

def separate_paren_groups(paren_string: str) -> List[str]:
    result = []
    current_group = []
    balance = 0
    
    for char in paren_string:
        if char == '(':
            current_group.append(char)
            balance += 1
        elif char == ')':
            current_group.append(char)
            balance -= 1
            
            if balance == 0:
                result.append(''.join(current_group))
                current_group = []
    
    return result",raw_generations/HumanEval_1/structured_cot_sample0.py,,,True,,0,,6.25,0.0,5.0,5.0,61.31749732423442,outputs\reports\static_analysis\pylint\HumanEval_1__structured_cot__sample0__final_pylint.txt,outputs\reports\static_analysis\bandit\HumanEval_1__structured_cot__sample0__final_bandit.json,outputs\reports\static_analysis\bandit\HumanEval_1__structured_cot__sample0__final_bandit.stderr.txt,False,assertion_failed: ,-1.0,-1.0,-1.0,-1.0,-1.0,-1.0,The code fails to handle the task specification correctly as it does not ignore non-parenthesis characters and produces incorrect results for the given examples.,,,
HumanEval/1,separate_paren_groups,self_refine,0,"from typing import List


def separate_paren_groups(paren_string: str) -> List[str]:
    """"""
    Input to this function is a string possibly containing multiple groups of nested parentheses.
    Your goal is to separate those groups into separate strings and return the list of those.
    Ignore anything other than ""("" and "")"" in the input string.
    """"""
    result = []
    current_group = []
    balance = 0

    for char in paren_string:
        if char == '(':
            current_group.append(char)
            balance += 1
        elif char == ')':
            current_group.append(char)
            balance -= 1

            if balance == 0 and current_group:
                result.append(''.join(current_group))
                current_group = []
        # Ignore all other characters as specified

    return result",raw_generations/HumanEval_1/self_refine_sample0.py,"from typing import List


def separate_paren_groups(paren_string: str) -> List[str]:
    """"""
    Input to this function is a string possibly containing multiple groups of nested parentheses.
    Your goal is to separate those groups into separate strings and return the list of those.
    Ignore anything other than ""("" and "")"" in the input string.
    """"""
    result = []
    current_group = []
    balance = 0
    
    for char in paren_string:
        if char == '(':
            current_group.append(char)
            balance += 1
        elif char == ')':
            current_group.append(char)
            balance -= 1
            
            # When balance reaches zero, we have a complete group
            if balance == 0:
                result.append(''.join(current_group))
                current_group = []
    
    return result",raw_generations/HumanEval_1/self_refine_sample0_initial.py,True,,0,,8.75,0.0,6.0,6.0,87.59730959869374,outputs\reports\static_analysis\pylint\HumanEval_1__self_refine__sample0__final_pylint.txt,outputs\reports\static_analysis\bandit\HumanEval_1__self_refine__sample0__final_bandit.json,outputs\reports\static_analysis\bandit\HumanEval_1__self_refine__sample0__final_bandit.stderr.txt,False,assertion_failed: ,8.0,7.0,4.0,8.0,7.0,6.0,"The code is readable and efficient but fails to correctly handle the examples, particularly ignoring non-parenthesis characters as specified, which breaks the balance tracking.",outputs\reports\static_analysis\pylint\HumanEval_1__self_refine__sample0__initial_pylint.txt,outputs\reports\static_analysis\bandit\HumanEval_1__self_refine__sample0__initial_bandit.json,outputs\reports\static_analysis\bandit\HumanEval_1__self_refine__sample0__initial_bandit.stderr.txt
HumanEval/2,truncate_number,zero_shot,0,"def truncate_number(number: float) -> float:
    return number - int(number)",raw_generations/HumanEval_2/zero_shot_sample0.py,,,True,,0,,0.0,0.0,1.0,1.0,88.5574946685516,outputs\reports\static_analysis\pylint\HumanEval_2__zero_shot__sample0__final_pylint.txt,outputs\reports\static_analysis\bandit\HumanEval_2__zero_shot__sample0__final_bandit.json,outputs\reports\static_analysis\bandit\HumanEval_2__zero_shot__sample0__final_bandit.stderr.txt,True,passed,9.0,9.0,8.0,10.0,9.0,9.0,"Clean and efficient implementation, but lacks explicit handling for negative numbers or non-float inputs as per the positive-only specification.",,,
HumanEval/2,truncate_number,constraint_guided,0,"def truncate_number(number: float) -> float:
    """"""
    Given a positive floating point number, return the decimal part.
    """"""
    integer_part = int(number)
    decimal_part = number - integer_part
    return decimal_part",raw_generations/HumanEval_2/constraint_guided_sample0.py,,,True,,0,,5.0,0.0,1.0,1.0,100.0,outputs\reports\static_analysis\pylint\HumanEval_2__constraint_guided__sample0__final_pylint.txt,outputs\reports\static_analysis\bandit\HumanEval_2__constraint_guided__sample0__final_bandit.json,outputs\reports\static_analysis\bandit\HumanEval_2__constraint_guided__sample0__final_bandit.stderr.txt,True,passed,9.0,9.0,8.0,10.0,8.0,8.0,"Clean and efficient implementation, but lacks explicit handling for edge cases like negative numbers or very large floats.",,,
HumanEval/2,truncate_number,structured_cot,0,"def truncate_number(number: float) -> float:
    return number - int(number)",raw_generations/HumanEval_2/structured_cot_sample0.py,,,True,,0,,0.0,0.0,1.0,1.0,88.5574946685516,outputs\reports\static_analysis\pylint\HumanEval_2__structured_cot__sample0__final_pylint.txt,outputs\reports\static_analysis\bandit\HumanEval_2__structured_cot__sample0__final_bandit.json,outputs\reports\static_analysis\bandit\HumanEval_2__structured_cot__sample0__final_bandit.stderr.txt,True,passed,9.0,9.0,7.0,10.0,9.0,8.0,"The code is simple and efficient but fails to handle negative numbers correctly, which violates the specification requiring positive floats.",,,
HumanEval/2,truncate_number,self_refine,0,"def truncate_number(number: float) -> float:
    """"""
    Return the decimal part of a positive floating point number.
    """"""
    if not isinstance(number, (int, float)):
        raise TypeError(""Input must be a number"")
    if number < 0:
        raise ValueError(""Input must be positive"")
    
    integer_part = int(number)
    decimal_part = number - integer_part
    return decimal_part",raw_generations/HumanEval_2/self_refine_sample0.py,"def truncate_number(number: float) -> float:
    """"""
    Return the decimal part of a positive floating point number.
    """"""
    integer_part = int(number)
    decimal_part = number - integer_part
    return decimal_part",raw_generations/HumanEval_2/self_refine_sample0_initial.py,True,,0,,6.25,0.0,3.0,3.0,97.23548656692853,outputs\reports\static_analysis\pylint\HumanEval_2__self_refine__sample0__final_pylint.txt,outputs\reports\static_analysis\bandit\HumanEval_2__self_refine__sample0__final_bandit.json,outputs\reports\static_analysis\bandit\HumanEval_2__self_refine__sample0__final_bandit.stderr.txt,True,passed,9.0,8.0,7.0,10.0,8.0,8.0,"Clean and efficient implementation with good error handling, but type checking is overly restrictive and may reject valid numeric types.",outputs\reports\static_analysis\pylint\HumanEval_2__self_refine__sample0__initial_pylint.txt,outputs\reports\static_analysis\bandit\HumanEval_2__self_refine__sample0__initial_bandit.json,outputs\reports\static_analysis\bandit\HumanEval_2__self_refine__sample0__initial_bandit.stderr.txt
HumanEval/3,below_zero,zero_shot,0,"from typing import List


def below_zero(operations: List[int]) -> bool:
    balance = 0
    for op in operations:
        balance += op
        if balance < 0:
            return True
    return False",raw_generations/HumanEval_3/zero_shot_sample0.py,,,True,,0,,6.25,0.0,3.0,3.0,71.88621556846499,outputs\reports\static_analysis\pylint\HumanEval_3__zero_shot__sample0__final_pylint.txt,outputs\reports\static_analysis\bandit\HumanEval_3__zero_shot__sample0__final_bandit.json,outputs\reports\static_analysis\bandit\HumanEval_3__zero_shot__sample0__final_bandit.stderr.txt,True,passed,9.0,9.0,10.0,10.0,9.0,9.0,"Clean, efficient implementation that correctly handles the problem with good readability and Pythonic style.",,,
HumanEval/3,below_zero,constraint_guided,0,"from typing import List


def below_zero(operations: List[int]) -> bool:
    """"""
    You're given a list of deposit and withdrawal operations on a bank account that starts with
    zero balance. Your task is to detect if at any point the balance of account falls below zero, and
    at that point function should return True. Otherwise it should return False.
    """"""
    balance = 0
    for operation in operations:
        balance += operation
        if balance < 0:
            return True
    return False",raw_generations/HumanEval_3/constraint_guided_sample0.py,,,True,,0,,6.25,0.0,3.0,3.0,99.94389914959933,outputs\reports\static_analysis\pylint\HumanEval_3__constraint_guided__sample0__final_pylint.txt,outputs\reports\static_analysis\bandit\HumanEval_3__constraint_guided__sample0__final_bandit.json,outputs\reports\static_analysis\bandit\HumanEval_3__constraint_guided__sample0__final_bandit.stderr.txt,True,passed,9.0,9.0,10.0,10.0,9.0,9.0,"Clean, efficient, and correct implementation with excellent readability and proper early termination.",,,
HumanEval/3,below_zero,structured_cot,0,"from typing import List


def below_zero(operations: List[int]) -> bool:
    """"""
    You're given a list of deposit and withdrawal operations on a bank account that starts with
    zero balance. Your task is to detect if at any point the balance of account falls below zero, and
    at that point function should return True. Otherwise it should return False.

    Examples:
        >>> below_zero([1, 2, 3])
        False
        >>> below_zero([1, 2, -4, 5])
        True
    """"""
    balance = 0
    for op in operations:
        balance += op
        if balance < 0:
            return True
    return False",raw_generations/HumanEval_3/structured_cot_sample0.py,,,True,,0,,6.25,0.0,3.0,3.0,92.24715715171905,outputs\reports\static_analysis\pylint\HumanEval_3__structured_cot__sample0__final_pylint.txt,outputs\reports\static_analysis\bandit\HumanEval_3__structured_cot__sample0__final_bandit.json,outputs\reports\static_analysis\bandit\HumanEval_3__structured_cot__sample0__final_bandit.stderr.txt,True,passed,9.0,9.0,10.0,10.0,9.0,9.0,"Clean, efficient, and correct implementation with excellent readability and proper use of early return.",,,
HumanEval/3,below_zero,self_refine,0,"from typing import List


def below_zero(operations: List[int]) -> bool:
    """"""
    You're given a list of deposit and withdrawal operations on a bank account that starts with
    zero balance. Your task is to detect if at any point the balance of account falls below zero, and
    at that point function should return True. Otherwise it should return False.

    Examples:
        >>> below_zero([1, 2, 3])
        False
        >>> below_zero([1, 2, -4, 5])
        True
    """"""
    balance = 0
    for operation in operations:
        balance += operation
        if balance < 0:
            return True
    return False",raw_generations/HumanEval_3/self_refine_sample0.py,"from typing import List


def below_zero(operations: List[int]) -> bool:
    """"""
    You're given a list of deposit and withdrawal operations on a bank account that starts with
    zero balance. Your task is to detect if at any point the balance of account falls below zero, and
    at that point function should return True. Otherwise it should return False.

    Examples:
        >>> below_zero([1, 2, 3])
        False
        >>> below_zero([1, 2, -4, 5])
        True
    """"""
    balance = 0
    for operation in operations:
        balance += operation
        if balance < 0:
            return True
    return False",raw_generations/HumanEval_3/self_refine_sample0_initial.py,True,,0,,6.25,0.0,3.0,3.0,92.24715715171905,outputs\reports\static_analysis\pylint\HumanEval_3__self_refine__sample0__final_pylint.txt,outputs\reports\static_analysis\bandit\HumanEval_3__self_refine__sample0__final_bandit.json,outputs\reports\static_analysis\bandit\HumanEval_3__self_refine__sample0__final_bandit.stderr.txt,True,passed,9.0,9.0,10.0,10.0,9.0,9.0,"Clean, efficient implementation with proper early termination and clear logic.",outputs\reports\static_analysis\pylint\HumanEval_3__self_refine__sample0__initial_pylint.txt,outputs\reports\static_analysis\bandit\HumanEval_3__self_refine__sample0__initial_bandit.json,outputs\reports\static_analysis\bandit\HumanEval_3__self_refine__sample0__initial_bandit.stderr.txt
HumanEval/4,mean_absolute_deviation,zero_shot,0,"from typing import List


def mean_absolute_deviation(numbers: List[float]) -> float:
    if not numbers:
        return 0.0
    mean = sum(numbers) / len(numbers)
    absolute_diffs = [abs(x - mean) for x in numbers]
    return sum(absolute_diffs) / len(absolute_diffs)",raw_generations/HumanEval_4/zero_shot_sample0.py,,,True,,0,,5.71,0.0,3.0,3.0,70.2189264704318,outputs\reports\static_analysis\pylint\HumanEval_4__zero_shot__sample0__final_pylint.txt,outputs\reports\static_analysis\bandit\HumanEval_4__zero_shot__sample0__final_bandit.json,outputs\reports\static_analysis\bandit\HumanEval_4__zero_shot__sample0__final_bandit.stderr.txt,True,passed,9.0,9.0,8.0,9.0,9.0,8.0,"Clean and efficient implementation, but lacks explicit handling for single-element lists where MAD should be 0, though it works correctly.",,,
HumanEval/4,mean_absolute_deviation,constraint_guided,0,"from typing import List


def mean_absolute_deviation(numbers: List[float]) -> float:
    """"""
    For a given list of input numbers, calculate Mean Absolute Deviation
    around the mean of this dataset.
    Mean Absolute Deviation is the average absolute difference between each
    element and a centerpoint (mean in this case):
    MAD = average | x - x_mean |

    Example:
        >>> mean_absolute_deviation([1.0, 2.0, 3.0, 4.0])
        1.0
    """"""
    if not numbers:
        return 0.0
    
    mean_value = sum(numbers) / len(numbers)
    absolute_differences = [abs(num - mean_value) for num in numbers]
    mad = sum(absolute_differences) / len(absolute_differences)
    
    return mad",raw_generations/HumanEval_4/constraint_guided_sample0.py,,,True,,0,,5.0,0.0,3.0,3.0,89.31483380776935,outputs\reports\static_analysis\pylint\HumanEval_4__constraint_guided__sample0__final_pylint.txt,outputs\reports\static_analysis\bandit\HumanEval_4__constraint_guided__sample0__final_bandit.json,outputs\reports\static_analysis\bandit\HumanEval_4__constraint_guided__sample0__final_bandit.stderr.txt,True,passed,8.0,7.0,6.0,7.0,7.0,7.0,"The code is clear and efficient, but lacks proper error handling for edge cases like empty lists and could be more Pythonic.",,,
HumanEval/4,mean_absolute_deviation,structured_cot,0,"from typing import List

def mean_absolute_deviation(numbers: List[float]) -> float:
    if not numbers:
        return 0.0
    mean = sum(numbers) / len(numbers)
    absolute_diffs = [abs(x - mean) for x in numbers]
    return sum(absolute_diffs) / len(absolute_diffs)",raw_generations/HumanEval_4/structured_cot_sample0.py,,,True,,0,,5.71,0.0,3.0,3.0,70.2189264704318,outputs\reports\static_analysis\pylint\HumanEval_4__structured_cot__sample0__final_pylint.txt,outputs\reports\static_analysis\bandit\HumanEval_4__structured_cot__sample0__final_bandit.json,outputs\reports\static_analysis\bandit\HumanEval_4__structured_cot__sample0__final_bandit.stderr.txt,True,passed,9.0,8.0,7.0,8.0,8.0,8.0,Clean and readable implementation but lacks proper error handling for edge cases like single-element lists and could be more efficient by avoiding double list iteration.,,,
HumanEval/4,mean_absolute_deviation,self_refine,0,"from typing import List


def mean_absolute_deviation(numbers: List[float]) -> float:
    """"""
    For a given list of input numbers, calculate Mean Absolute Deviation
    around the mean of this dataset.
    Mean Absolute Deviation is the average absolute difference between each
    element and a centerpoint (mean in this case):
    MAD = average | x - x_mean |

    Example:
        >>> mean_absolute_deviation([1.0, 2.0, 3.0, 4.0])
        1.0
    """"""
    if not numbers:
        return 0.0

    mean = sum(numbers) / len(numbers)
    absolute_differences = [abs(x - mean) for x in numbers]
    mad = sum(absolute_differences) / len(absolute_differences)

    return mad",raw_generations/HumanEval_4/self_refine_sample0.py,"from typing import List


def mean_absolute_deviation(numbers: List[float]) -> float:
    """"""
    For a given list of input numbers, calculate Mean Absolute Deviation
    around the mean of this dataset.
    Mean Absolute Deviation is the average absolute difference between each
    element and a centerpoint (mean in this case):
    MAD = average | x - x_mean |

    Example:
        >>> mean_absolute_deviation([1.0, 2.0, 3.0, 4.0])
        1.0
    """"""
    if not numbers:
        return 0.0
    
    mean = sum(numbers) / len(numbers)
    absolute_differences = [abs(x - mean) for x in numbers]
    mad = sum(absolute_differences) / len(absolute_differences)
    
    return mad",raw_generations/HumanEval_4/self_refine_sample0_initial.py,True,,0,,7.5,0.0,3.0,3.0,89.31483380776935,outputs\reports\static_analysis\pylint\HumanEval_4__self_refine__sample0__final_pylint.txt,outputs\reports\static_analysis\bandit\HumanEval_4__self_refine__sample0__final_bandit.json,outputs\reports\static_analysis\bandit\HumanEval_4__self_refine__sample0__final_bandit.stderr.txt,True,passed,8.0,7.0,6.0,7.0,8.0,7.0,The code is clean and readable but has a correctness issue with empty list handling (should raise an error or return NaN instead of 0.0) and could be more memory efficient.,outputs\reports\static_analysis\pylint\HumanEval_4__self_refine__sample0__initial_pylint.txt,outputs\reports\static_analysis\bandit\HumanEval_4__self_refine__sample0__initial_bandit.json,outputs\reports\static_analysis\bandit\HumanEval_4__self_refine__sample0__initial_bandit.stderr.txt
HumanEval/5,intersperse,zero_shot,0,"from typing import List


def intersperse(numbers: List[int], delimeter: int) -> List[int]:
    """"""
    Insert a number 'delimeter' between every two consecutive elements of input list `numbers'

    Example:
        >>> intersperse([1, 2, 3], 4)
        [1, 4, 2, 4, 3]
    """"""
    if not numbers:
        return []
    
    result = []
    for i, num in enumerate(numbers):
        result.append(num)
        if i != len(numbers) - 1:
            result.append(delimeter)
    
    return result",raw_generations/HumanEval_5/zero_shot_sample0.py,,,True,,0,,6.0,0.0,4.0,4.0,96.30346730062746,outputs\reports\static_analysis\pylint\HumanEval_5__zero_shot__sample0__final_pylint.txt,outputs\reports\static_analysis\bandit\HumanEval_5__zero_shot__sample0__final_bandit.json,outputs\reports\static_analysis\bandit\HumanEval_5__zero_shot__sample0__final_bandit.stderr.txt,True,passed,9.0,8.0,10.0,8.0,7.0,8.0,"The code is clear and correct, but could be more Pythonic using list comprehension or itertools.chain, and the early return for empty list is slightly less efficient than handling it in the loop.",,,
HumanEval/5,intersperse,constraint_guided,0,"from typing import List


def intersperse(numbers: List[int], delimeter: int) -> List[int]:
    """"""
    Insert a number 'delimeter' between every two consecutive elements of input list `numbers'

    Example:
        >>> intersperse([1, 2, 3], 4)
        [1, 4, 2, 4, 3]
    """"""
    if not numbers:
        return []
    
    result = []
    for i, num in enumerate(numbers):
        result.append(num)
        if i != len(numbers) - 1:
            result.append(delimeter)
    
    return result",raw_generations/HumanEval_5/constraint_guided_sample0.py,,,True,,0,,6.0,0.0,4.0,4.0,96.30346730062746,outputs\reports\static_analysis\pylint\HumanEval_5__constraint_guided__sample0__final_pylint.txt,outputs\reports\static_analysis\bandit\HumanEval_5__constraint_guided__sample0__final_bandit.json,outputs\reports\static_analysis\bandit\HumanEval_5__constraint_guided__sample0__final_bandit.stderr.txt,True,passed,9.0,8.0,9.0,8.0,7.0,8.0,"The code is clear and correct, but could be more Pythonic using itertools.chain or a list comprehension for better efficiency and style.",,,
HumanEval/5,intersperse,structured_cot,0,"from typing import List


def intersperse(numbers: List[int], delimeter: int) -> List[int]:
    """"""
    Insert a number 'delimeter' between every two consecutive elements of input list `numbers'

    Example:
        >>> intersperse([1, 2, 3], 4)
        [1, 4, 2, 4, 3]
    """"""
    if not numbers:
        return []
    
    result = []
    for i, num in enumerate(numbers):
        result.append(num)
        if i != len(numbers) - 1:
            result.append(delimeter)
    
    return result",raw_generations/HumanEval_5/structured_cot_sample0.py,,,True,,0,,6.0,0.0,4.0,4.0,96.30346730062746,outputs\reports\static_analysis\pylint\HumanEval_5__structured_cot__sample0__final_pylint.txt,outputs\reports\static_analysis\bandit\HumanEval_5__structured_cot__sample0__final_bandit.json,outputs\reports\static_analysis\bandit\HumanEval_5__structured_cot__sample0__final_bandit.stderr.txt,True,passed,9.0,9.0,10.0,8.0,8.0,9.0,"Clean, correct implementation with good readability and maintainability, though slightly less efficient due to repeated len() calls and could use more Pythonic iteration.",,,
HumanEval/5,intersperse,self_refine,0,"from typing import List


def intersperse(numbers: List[int], delimiter: int) -> List[int]:
    """"""
    Insert a number 'delimiter' between every two consecutive elements of input list `numbers'

    Example:
        >>> intersperse([1, 2, 3], 4)
        [1, 4, 2, 4, 3]
    """"""
    if not numbers:
        return []

    result = []
    for i, num in enumerate(numbers):
        result.append(num)
        if i < len(numbers) - 1:
            result.append(delimiter)
    return result",raw_generations/HumanEval_5/self_refine_sample0.py,"from typing import List


def intersperse(numbers: List[int], delimeter: int) -> List[int]:
    """"""
    Insert a number 'delimeter' between every two consecutive elements of input list `numbers'
    """"""
    if not numbers:
        return []
    
    result = []
    for i, num in enumerate(numbers):
        result.append(num)
        if i != len(numbers) - 1:
            result.append(delimeter)
    return result",raw_generations/HumanEval_5/self_refine_sample0_initial.py,True,,0,,8.0,0.0,4.0,4.0,96.30346730062746,outputs\reports\static_analysis\pylint\HumanEval_5__self_refine__sample0__final_pylint.txt,outputs\reports\static_analysis\bandit\HumanEval_5__self_refine__sample0__final_bandit.json,outputs\reports\static_analysis\bandit\HumanEval_5__self_refine__sample0__final_bandit.stderr.txt,True,passed,9.0,8.0,10.0,9.0,8.0,9.0,"Clean, correct implementation with good readability and efficiency, though could be slightly more Pythonic with list comprehension approach.",outputs\reports\static_analysis\pylint\HumanEval_5__self_refine__sample0__initial_pylint.txt,outputs\reports\static_analysis\bandit\HumanEval_5__self_refine__sample0__initial_bandit.json,outputs\reports\static_analysis\bandit\HumanEval_5__self_refine__sample0__initial_bandit.stderr.txt
HumanEval/6,parse_nested_parens,zero_shot,0,"from typing import List


def parse_nested_parens(paren_string: str) -> List[int]:
    """"""
    Input to this function is a string containing ""("" and "")""s (not exclusively),
    possibly including multiple groups for nested parentheses.
    For each of these groups, output the deepest level of nesting of parentheses.
    E.g. (()()) has maximum two levels of nesting while ((())) has three and )( has zero.

    Example:
        >>> parse_nested_parens('{""example"": ""(()[]()) ((()))()((())()() )""}')
        [2, 3, 1, III]
    """"""
    result = []
    current_depth = 0
    max_depth = 0
    in_group = False
    
    for char in paren_string:
        if char == '(':
            current_depth += 1
            in_group = True
            max_depth = max(max_depth, current_depth)
        elif char == ')':
            if current_depth > 0:
                current_depth -= 1
            if current_depth == 0 and in_group:
                result.append(max_depth)
                max_depth = -1
                in_group = False
        elif char == ' ':
            if in_group and current_depth == 0:
                result.append(max_depth)
                max_depth = 0
                in_group = False
            elif in_group:
                continue
            else:
                max_depth = 0
    
    if in_group and max_depth > 0:
        result.append(max_depth)
    
    return result",raw_generations/HumanEval_6/zero_shot_sample0.py,,,True,,0,,8.28,0.0,13.0,13.0,76.82105178432532,outputs\reports\static_analysis\pylint\HumanEval_6__zero_shot__sample0__final_pylint.txt,outputs\reports\static_analysis\bandit\HumanEval_6__zero_shot__sample0__final_bandit.json,outputs\reports\static_analysis\bandit\HumanEval_6__zero_shot__sample0__final_bandit.stderr.txt,False,assertion_failed: ,6.0,5.0,4.0,8.0,5.0,5.0,"The code has logic errors (e.g., handling spaces incorrectly, resetting max_depth to -1) and poor handling of edge cases, making it unreliable for the specified task.",,,
HumanEval/6,parse_nested_parens,constraint_guided,0,"from typing import List


def parse_nested_parens(paren_string: str) -> List[int]:
    """"""
    Input to this function is a string containing ""("" and "")""s (not exclusively),
    possibly including multiple groups for nested parentheses.
    For each of these groups, output the deepest level of nesting of parentheses.
    E.g. (()()) has maximum two levels of nesting while ((())) has three and )( has zero.
    """"""
    results = []
    current_depth = 0
    max_depth = 0
    in_group = False

    for char in paren_string:
        if char == '(':
            in_group = True
            current_depth += 1
            max_depth = max(max_depth, current_depth)
        elif char == ')':
            if current_depth > 0:
                current_depth -= 1
            if current_depth == 0 and in_group:
                results.append(max_depth)
                max_depth = 0
                in_group = False
        else:
            if current_depth == 0 and in_group:
                results.append(max_depth)
                max_depth = 0
                in_group = False

    if in_group:
        results.append(max_depth)

    return results",raw_generations/HumanEval_6/constraint_guided_sample0.py,,,True,,0,,9.2,0.0,10.0,10.0,77.87468595142214,outputs\reports\static_analysis\pylint\HumanEval_6__constraint_guided__sample0__final_pylint.txt,outputs\reports\static_analysis\bandit\HumanEval_6__constraint_guided__sample0__final_bandit.json,outputs\reports\static_analysis\bandit\HumanEval_6__constraint_guided__sample0__final_bandit.stderr.txt,False,assertion_failed: ,6.0,5.0,4.0,8.0,5.0,5.0,"The code has logic errors for malformed parentheses and non-parenthesis characters, and uses a non-idiomatic state machine approach that is hard to maintain.",,,
HumanEval/6,parse_nested_parens,structured_cot,0,"from typing import List


def parse_nested_parens(paren_string: str) -> List[int]:
    result = []
    current_depth = 0
    max_depth = 0
    in_group = False
    
    for char in paren_string:
        if char == '(':
            current_depth += 1
            max_depth = max(max_depth, current_depth)
            in_group = True
        elif char == ')':
            if current_depth > 0:
                current_depth -= 1
            if current_depth == 0 and in_group:
                result.append(max_depth)
                max_depth = 0
                in_group = False
        elif char == ' ' and in_group and current_depth == 0:
            result.append(max_depth)
            max_depth = 0
            in_group = False
    
    if in_group:
        result.append(max_depth)
    
    return result",raw_generations/HumanEval_6/structured_cot_sample0.py,,,True,,0,,7.6,0.0,11.0,11.0,53.36768859414558,outputs\reports\static_analysis\pylint\HumanEval_6__structured_cot__sample0__final_pylint.txt,outputs\reports\static_analysis\bandit\HumanEval_6__structured_cot__sample0__final_bandit.json,outputs\reports\static_analysis\bandit\HumanEval_6__structured_cot__sample0__final_bandit.stderr.txt,False,assertion_failed: ,7.0,6.0,5.0,8.0,6.0,6.0,"The code has logical issues with edge cases (e.g., mismatched parentheses) and uses a stateful approach that is less maintainable; it also doesn't fully match the example's expected output format.",,,
HumanEval/6,parse_nested_parens,self_refine,0,"from typing import List


def parse_nested_parens(paren_string: str) -> List[int]:
    """"""
    Input to this function is a string containing ""("" and "")""s (not exclusively),
    possibly including multiple groups for nested parentheses.
    For each of these groups, output the deepest level of nesting of parentheses.
    E.g. (()()) has maximum two levels of nesting while ((())) has three and )( has zero.
    """"""
    results = []
    current_depth = 0
    max_depth = 0
    in_group = False

    for char in paren_string:
        if char == '(':
            current_depth += 1
            in_group = True
            if current_depth > max_depth:
                max_depth = current_depth
        elif char == ')':
            if current_depth > 0:
                current_depth -= 1
                # End of group when we return to depth 0
                if current_depth == 0 and in_group:
                    results.append(max_depth)
                    max_depth = 0
                    in_group = False
            else:
                # Handle unmatched closing parenthesis
                if in_group:
                    results.append(max_depth)
                max_depth = 0
                in_group = False
        else:
            # Non-parenthesis character at depth 0 means we're between groups
            if current_depth == 0 and in_group:
                results.append(max_depth)
                max_depth = 0
                in_group = False

    # Handle case where string ends while still in a valid group
    if in_group and current_depth == 0:
        results.append(max_depth)

    return results",raw_generations/HumanEval_6/self_refine_sample0.py,"from typing import List


def parse_nested_parens(paren_string: str) -> List[int]:
    """"""
    Input to this function is a string containing ""("" and "")""s (not exclusively),
    possibly including multiple groups for nested parentheses.
    For each of these groups, output the deepest level of nesting of parentheses.
    E.g. (()()) has maximum two levels of nesting while ((())) has three and )( has zero.
    """"""
    results = []
    current_depth = 0
    max_depth = 0
    in_group = False
    
    for char in paren_string:
        if char == '(':
            current_depth += 1
            in_group = True
            max_depth = max(max_depth, current_depth)
        elif char == ')':
            if current_depth > 0:
                current_depth -= 1
            # End of a group when we return to depth 0 and were in a group
            if current_depth == 0 and in_group:
                results.append(max_depth)
                max_depth = 0
                in_group = False
        # For any other character, if we're at depth 0, reset tracking
        elif current_depth == 0:
            in_group = False
            max_depth = 0
    
    # Handle case where string ends while still in a group
    if in_group and current_depth == 0:
        results.append(max_depth)
    
    return results",raw_generations/HumanEval_6/self_refine_sample0_initial.py,True,,0,,9.0,0.0,13.0,13.0,76.80130910046833,outputs\reports\static_analysis\pylint\HumanEval_6__self_refine__sample0__final_pylint.txt,outputs\reports\static_analysis\bandit\HumanEval_6__self_refine__sample0__final_bandit.json,outputs\reports\static_analysis\bandit\HumanEval_6__self_refine__sample0__final_bandit.stderr.txt,False,assertion_failed: ,7.0,6.0,5.0,8.0,6.0,6.0,"The code has logical flaws in handling unmatched parentheses and group boundaries, and the state management is overly complex and error-prone.",outputs\reports\static_analysis\pylint\HumanEval_6__self_refine__sample0__initial_pylint.txt,outputs\reports\static_analysis\bandit\HumanEval_6__self_refine__sample0__initial_bandit.json,outputs\reports\static_analysis\bandit\HumanEval_6__self_refine__sample0__initial_bandit.stderr.txt
HumanEval/7,filter_by_substring,zero_shot,0,"from typing import List


def filter_by_substring(strings: List[str], substring: str) -> List[str]:
    """"""
    Filter an input list of strings only for ones that contain given substring.

    Example:
        >>> filter_by_substring(['abc', 'bacd', 'cde', 'array'], 'a')
        ['abc', 'bacd', 'array']
    """"""
    return [s for s in strings if substring in s]",raw_generations/HumanEval_7/zero_shot_sample0.py,,,True,,0,,3.33,0.0,3.0,3.0,87.85234636161907,outputs\reports\static_analysis\pylint\HumanEval_7__zero_shot__sample0__final_pylint.txt,outputs\reports\static_analysis\bandit\HumanEval_7__zero_shot__sample0__final_bandit.json,outputs\reports\static_analysis\bandit\HumanEval_7__zero_shot__sample0__final_bandit.stderr.txt,True,passed,9.0,9.0,10.0,9.0,10.0,9.0,"Clean, idiomatic implementation with proper type hints and documentation; could slightly improve by handling None or empty substring edge cases.",,,
HumanEval/7,filter_by_substring,constraint_guided,0,"from typing import List


def filter_by_substring(strings: List[str], substring: str) -> List[str]:
    """"""
    Filter an input list of strings only for ones that contain given substring.
    """"""
    return [s for s in strings if substring in s]",raw_generations/HumanEval_7/constraint_guided_sample0.py,,,True,,0,,3.33,0.0,3.0,3.0,100.0,outputs\reports\static_analysis\pylint\HumanEval_7__constraint_guided__sample0__final_pylint.txt,outputs\reports\static_analysis\bandit\HumanEval_7__constraint_guided__sample0__final_bandit.json,outputs\reports\static_analysis\bandit\HumanEval_7__constraint_guided__sample0__final_bandit.stderr.txt,True,passed,9.0,9.0,10.0,9.0,10.0,9.0,"Clean, idiomatic, and correct implementation using a list comprehension; minor points off for not explicitly handling None or empty inputs, though not required.",,,
HumanEval/7,filter_by_substring,structured_cot,0,"from typing import List


def filter_by_substring(strings: List[str], substring: str) -> List[str]:
    """"""
    Filter an input list of strings only for ones that contain given substring.

    Example:
        >>> filter_by_substring(['abc', 'bacd', 'cde', 'array'], 'a')
        ['abc', 'bacd', 'array']
    """"""
    return [s for s in strings if substring in s]",raw_generations/HumanEval_7/structured_cot_sample0.py,,,True,,0,,3.33,0.0,3.0,3.0,87.85234636161907,outputs\reports\static_analysis\pylint\HumanEval_7__structured_cot__sample0__final_pylint.txt,outputs\reports\static_analysis\bandit\HumanEval_7__structured_cot__sample0__final_bandit.json,outputs\reports\static_analysis\bandit\HumanEval_7__structured_cot__sample0__final_bandit.stderr.txt,True,passed,9.0,9.0,10.0,9.0,10.0,9.0,"Clean, idiomatic Python implementation that perfectly solves the problem with a simple list comprehension.",,,
HumanEval/7,filter_by_substring,self_refine,0,"from typing import List


def filter_by_substring(strings: List[str], substring: str) -> List[str]:
    """"""
    Filter an input list of strings only for ones that contain given substring.

    Example:
        >>> filter_by_substring(['abc', 'bacd', 'cde', 'array'], 'a')
        ['abc', 'bacd', 'array']
    """"""
    if not strings:
        return []
    
    if substring is None:
        return []
    
    return [s for s in strings if substring in s]",raw_generations/HumanEval_7/self_refine_sample0.py,"from typing import List


def filter_by_substring(strings: List[str], substring: str) -> List[str]:
    """"""
    Filter an input list of strings only for ones that contain given substring.

    Example:
        >>> filter_by_substring(['abc', 'bacd', 'cde', 'array'], 'a')
        ['abc', 'bacd', 'array']
    """"""
    # Use list comprehension to filter strings containing the substring
    return [s for s in strings if substring in s]",raw_generations/HumanEval_7/self_refine_sample0_initial.py,True,,0,,4.29,0.0,5.0,5.0,97.65634504560717,outputs\reports\static_analysis\pylint\HumanEval_7__self_refine__sample0__final_pylint.txt,outputs\reports\static_analysis\bandit\HumanEval_7__self_refine__sample0__final_bandit.json,outputs\reports\static_analysis\bandit\HumanEval_7__self_refine__sample0__final_bandit.stderr.txt,True,passed,9.0,8.0,7.0,9.0,8.0,8.0,"Clean and efficient list comprehension, but edge case handling for substring=None is unnecessary and deviates from typical Python behavior.",outputs\reports\static_analysis\pylint\HumanEval_7__self_refine__sample0__initial_pylint.txt,outputs\reports\static_analysis\bandit\HumanEval_7__self_refine__sample0__initial_bandit.json,outputs\reports\static_analysis\bandit\HumanEval_7__self_refine__sample0__initial_bandit.stderr.txt
HumanEval/8,sum_product,zero_shot,0,"from typing import List, Tuple


def sum_product(numbers: List[int]) -> Tuple[int, int]:
    """"""
    For a given list of integers, return a tuple consisting of a sum and a product of all the integers in a list.
    Empty sum should be equal to 0 and empty product should be equal to 1.

    Example:
        >>> sum_product([1, 2, 3, 4])
        (10, 24)
    """"""
    if not numbers:
        return (0, 1)
    
    total_sum = 0
    total_product = 1
    
    for num in numbers:
        total_sum += num
        total_product *= num
    
    return (total_sum, total_product)",raw_generations/HumanEval_8/zero_shot_sample0.py,,,True,,0,,4.0,0.0,3.0,3.0,96.2701573167785,outputs\reports\static_analysis\pylint\HumanEval_8__zero_shot__sample0__final_pylint.txt,outputs\reports\static_analysis\bandit\HumanEval_8__zero_shot__sample0__final_bandit.json,outputs\reports\static_analysis\bandit\HumanEval_8__zero_shot__sample0__final_bandit.stderr.txt,True,passed,9.0,8.0,10.0,8.0,7.0,8.0,"The code is clear and correct, but could be more Pythonic by using built-in functions like sum() and math.prod() for better readability and efficiency.",,,
HumanEval/8,sum_product,constraint_guided,0,"from typing import List, Tuple


def sum_product(numbers: List[int]) -> Tuple[int, int]:
    """"""
    For a given list of integers, return a tuple consisting of a sum and a product of all the integers in a list.
    Empty sum should be equal to 0 and empty product should be equal to 1.

    Example:
        >>> sum_product([1, 2, 3, 4])
        (10, 24)
    """"""
    total_sum = 0
    total_product = 1
    
    for num in numbers:
        total_sum += num
        total_product *= num
    
    return (total_sum, total_product)",raw_generations/HumanEval_8/constraint_guided_sample0.py,,,True,,0,,3.75,0.0,2.0,2.0,98.1927259229778,outputs\reports\static_analysis\pylint\HumanEval_8__constraint_guided__sample0__final_pylint.txt,outputs\reports\static_analysis\bandit\HumanEval_8__constraint_guided__sample0__final_bandit.json,outputs\reports\static_analysis\bandit\HumanEval_8__constraint_guided__sample0__final_bandit.stderr.txt,True,passed,9.0,8.0,9.0,8.0,7.0,8.0,"Clean, correct implementation but could be more Pythonic using built-in functions.",,,
HumanEval/8,sum_product,structured_cot,0,"from typing import List, Tuple


def sum_product(numbers: List[int]) -> Tuple[int, int]:
    """"""
    For a given list of integers, return a tuple consisting of a sum and a product of all the integers in a list.
    Empty sum should be equal to 0 and empty product should be equal to 1.

    Example:
        >>> sum_product([1, 2, 3, 4])
        (10, 24)
    """"""
    if not numbers:
        return (0, 1)
    
    total_sum = 0
    total_product = 1
    
    for num in numbers:
        total_sum += num
        total_product *= num
    
    return (total_sum, total_product)",raw_generations/HumanEval_8/structured_cot_sample0.py,,,True,,0,,4.0,0.0,3.0,3.0,96.2701573167785,outputs\reports\static_analysis\pylint\HumanEval_8__structured_cot__sample0__final_pylint.txt,outputs\reports\static_analysis\bandit\HumanEval_8__structured_cot__sample0__final_bandit.json,outputs\reports\static_analysis\bandit\HumanEval_8__structured_cot__sample0__final_bandit.stderr.txt,True,passed,9.0,9.0,10.0,8.0,7.0,9.0,"The code is clear, correct, and handles edge cases well, but could be more Pythonic by using built-in functions like sum() and math.prod() for better efficiency and style.",,,
HumanEval/8,sum_product,self_refine,0,"from typing import List, Tuple


def sum_product(numbers: List[int]) -> Tuple[int, int]:
    """"""
    For a given list of integers, return a tuple consisting of a sum and a product of all the integers in a list.
    Empty sum should be equal to 0 and empty product should be equal to 1.

    Example:
        >>> sum_product([1, 2, 3, 4])
        (10, 24)
    """"""
    total_sum = 0
    total_product = 1

    for num in numbers:
        total_sum += num
        total_product *= num

    return total_sum, total_product",raw_generations/HumanEval_8/self_refine_sample0.py,"from typing import List, Tuple


def sum_product(numbers: List[int]) -> Tuple[int, int]:
    """"""
    For a given list of integers, return a tuple consisting of a sum and a product of all the integers in a list.
    Empty sum should be equal to 0 and empty product should be equal to 1.

    Example:
        >>> sum_product([1, 2, 3, 4])
        (10, 24)
    """"""
    total_sum = 0
    total_product = 1
    
    for num in numbers:
        total_sum += num
        total_product *= num
    
    return (total_sum, total_product)",raw_generations/HumanEval_8/self_refine_sample0_initial.py,True,,0,,6.25,0.0,2.0,2.0,98.1927259229778,outputs\reports\static_analysis\pylint\HumanEval_8__self_refine__sample0__final_pylint.txt,outputs\reports\static_analysis\bandit\HumanEval_8__self_refine__sample0__final_bandit.json,outputs\reports\static_analysis\bandit\HumanEval_8__self_refine__sample0__final_bandit.stderr.txt,True,passed,9.0,8.0,10.0,9.0,7.0,8.0,The code is clear and correct but could be more Pythonic by using built-in functions like sum() and math.prod().,outputs\reports\static_analysis\pylint\HumanEval_8__self_refine__sample0__initial_pylint.txt,outputs\reports\static_analysis\bandit\HumanEval_8__self_refine__sample0__initial_bandit.json,outputs\reports\static_analysis\bandit\HumanEval_8__self_refine__sample0__initial_bandit.stderr.txt
HumanEval/9,rolling_max,zero_shot,0,"from typing import List


def rolling_max(numbers: List[int]) -> List[int]:
    """"""
    From a given list of integers, generate a list of rolling maximum element found
    until given moment in the sequence.

    Example:
        >>> rolling_max([1, 2, 3, 2, 3, 4, 2])
        [1, 2, 3, 3, 3, 4, 4]
    """"""
    result = []
    current_max = None
    
    for num in numbers:
        if current_max is None or num > current_max:
            current_max = num
        result.append(current_max)
    
    return result",raw_generations/HumanEval_9/zero_shot_sample0.py,,,True,,0,,5.56,0.0,4.0,4.0,95.90796842559571,outputs\reports\static_analysis\pylint\HumanEval_9__zero_shot__sample0__final_pylint.txt,outputs\reports\static_analysis\bandit\HumanEval_9__zero_shot__sample0__final_bandit.json,outputs\reports\static_analysis\bandit\HumanEval_9__zero_shot__sample0__final_bandit.stderr.txt,True,passed,9.0,9.0,10.0,10.0,8.0,9.0,"Clean, efficient implementation with minor style improvements possible, such as using float('-inf') for initial max.",,,
HumanEval/9,rolling_max,constraint_guided,0,"from typing import List


def rolling_max(numbers: List[int]) -> List[int]:
    """"""
    From a given list of integers, generate a list of rolling maximum element found
    until given moment in the sequence.

    Example:
        >>> rolling_max([1, 2, 3, 2, 3, 4, 2])
        [1, 2, 3, 3, 3, 4, 4]
    """"""
    if not numbers:
        return []
    
    result = []
    current_max = numbers[0]
    
    for num in numbers:
        current_max = max(current_max, num)
        result.append(current_max)
    
    return result",raw_generations/HumanEval_9/constraint_guided_sample0.py,,,True,,0,,5.0,0.0,3.0,3.0,100.0,outputs\reports\static_analysis\pylint\HumanEval_9__constraint_guided__sample0__final_pylint.txt,outputs\reports\static_analysis\bandit\HumanEval_9__constraint_guided__sample0__final_bandit.json,outputs\reports\static_analysis\bandit\HumanEval_9__constraint_guided__sample0__final_bandit.stderr.txt,True,passed,9.0,9.0,10.0,10.0,8.0,9.0,"Clean, efficient implementation with proper edge case handling, though type hints could be modernized and a list comprehension could enhance Pythonic style.",,,
HumanEval/9,rolling_max,structured_cot,0,"from typing import List


def rolling_max(numbers: List[int]) -> List[int]:
    result = []
    current_max = None
    for num in numbers:
        if current_max is None or num > current_max:
            current_max = num
        result.append(current_max)
    return result",raw_generations/HumanEval_9/structured_cot_sample0.py,,,True,,0,,6.67,0.0,4.0,4.0,68.62374862218172,outputs\reports\static_analysis\pylint\HumanEval_9__structured_cot__sample0__final_pylint.txt,outputs\reports\static_analysis\bandit\HumanEval_9__structured_cot__sample0__final_bandit.json,outputs\reports\static_analysis\bandit\HumanEval_9__structured_cot__sample0__final_bandit.stderr.txt,True,passed,9.0,9.0,10.0,10.0,8.0,9.0,"Clean, efficient implementation with minor style improvements possible, such as using float('-inf') for initial max.",,,
HumanEval/9,rolling_max,self_refine,0,"from typing import List


def rolling_max(numbers: List[int]) -> List[int]:
    """"""
    From a given list of integers, generate a list of rolling maximum element found
    until given moment in the sequence.

    Example:
        >>> rolling_max([1, 2, 3, 2, 3, 4, 2])
        [1, 2, 3, 3, 3, 4, 4]
    """"""
    if not numbers:
        return []

    result = []
    current_max = numbers[0]

    for num in numbers:
        if num > current_max:
            current_max = num
        result.append(current_max)

    return result",raw_generations/HumanEval_9/self_refine_sample0.py,"from typing import List


def rolling_max(numbers: List[int]) -> List[int]:
    """"""
    From a given list of integers, generate a list of rolling maximum element found
    until given moment in the sequence.

    Example:
        >>> rolling_max([1, 2, 3, 2, 3, 4, 2])
        [1, 2, 3, 3, 3, 4, 4]
    """"""
    if not numbers:
        return []
    
    result = []
    current_max = numbers[0]
    
    for num in numbers:
        current_max = max(current_max, num)
        result.append(current_max)
    
    return result",raw_generations/HumanEval_9/self_refine_sample0_initial.py,True,,0,,7.27,0.0,4.0,4.0,97.60604837377433,outputs\reports\static_analysis\pylint\HumanEval_9__self_refine__sample0__final_pylint.txt,outputs\reports\static_analysis\bandit\HumanEval_9__self_refine__sample0__final_bandit.json,outputs\reports\static_analysis\bandit\HumanEval_9__self_refine__sample0__final_bandit.stderr.txt,True,passed,9.0,9.0,10.0,10.0,8.0,9.0,"Clean, efficient implementation with proper edge case handling, though type hints could use modern Python syntax.",outputs\reports\static_analysis\pylint\HumanEval_9__self_refine__sample0__initial_pylint.txt,outputs\reports\static_analysis\bandit\HumanEval_9__self_refine__sample0__initial_bandit.json,outputs\reports\static_analysis\bandit\HumanEval_9__self_refine__sample0__initial_bandit.stderr.txt
HumanEval/10,make_palindrome,zero_shot,0,"def make_palindrome(string: str) -> str:
    """"""
    Find the shortest palindrome that begins with a supplied string.
    Algorithm idea is simple:
    - Find the longest postfix of supplied string that is a palindrome.
    - Append to the end of the string reverse of a string prefix that comes before the palindromic suffix.

    Examples:
        >>> make_palindrome(""cat"")
        ""catac""
        >>> make_palindrome(""cata"")
        ""catac""
    """"""
    n = len(string)
    if n == 0:
        return """"
    
    # Find the longest palindromic suffix
    for i in range(n):
        # Check if substring from i to end is palindrome
        if string[i:] == string[i:][::-1]:
            # Prefix that needs to be appended in reverse
            prefix = string[:i]
            return string + prefix[::-1]
    
    # Fallback (should never reach here for valid strings)
    return string + string[::-1]",raw_generations/HumanEval_10/zero_shot_sample0.py,,,True,,0,,4.44,0.0,4.0,4.0,75.75120258926323,outputs\reports\static_analysis\pylint\HumanEval_10__zero_shot__sample0__final_pylint.txt,outputs\reports\static_analysis\bandit\HumanEval_10__zero_shot__sample0__final_bandit.json,outputs\reports\static_analysis\bandit\HumanEval_10__zero_shot__sample0__final_bandit.stderr.txt,True,passed,8.0,-1.0,6.0,4.0,7.0,5.0,"The algorithm is inefficient (O(n²)) and incorrectly handles the 'cata' example (should return 'catac' but returns 'cataatac'), though the code is readable and mostly Pythonic.",,,
HumanEval/10,make_palindrome,constraint_guided,0,"def make_palindrome(string: str) -> str:
    """"""
    Find the shortest palindrome that begins with a supplied string.
    """"""
    if not string:
        return """"

    # Find the longest palindromic suffix
    for i in range(len(string)):
        suffix = string[i:]
        if suffix == suffix[::-1]:
            # Append reverse of prefix before this suffix
            prefix = string[:i]
            return string + prefix[::-1]

    # Fallback: entire string is not a palindrome, append all but last character reversed
    return string + string[:-1][::-1]",raw_generations/HumanEval_10/constraint_guided_sample0.py,,,True,,0,,7.78,0.0,4.0,4.0,90.88156688796641,outputs\reports\static_analysis\pylint\HumanEval_10__constraint_guided__sample0__final_pylint.txt,outputs\reports\static_analysis\bandit\HumanEval_10__constraint_guided__sample0__final_bandit.json,outputs\reports\static_analysis\bandit\HumanEval_10__constraint_guided__sample0__final_bandit.stderr.txt,True,passed,8.0,7.0,6.0,4.0,7.0,6.0,The code is readable and mostly correct but inefficient (O(n²) time complexity) and has edge case issues with the fallback logic.,,,
HumanEval/10,make_palindrome,structured_cot,0,"def make_palindrome(string: str) -> str:
    if not string:
        return """"
    
    def is_palindrome(s):
        return s == s[::-1]
    
    n = len(string)
    for i in range(n):
        suffix = string[i:]
        if is_palindrome(suffix):
            prefix = string[:i]
            return string + prefix[::-1]
    
    return string + string[::-1]",raw_generations/HumanEval_10/structured_cot_sample0.py,,,True,,0,,5.0,0.0,4.0,4.0,60.2312819058299,outputs\reports\static_analysis\pylint\HumanEval_10__structured_cot__sample0__final_pylint.txt,outputs\reports\static_analysis\bandit\HumanEval_10__structured_cot__sample0__final_bandit.json,outputs\reports\static_analysis\bandit\HumanEval_10__structured_cot__sample0__final_bandit.stderr.txt,True,passed,7.0,6.0,5.0,3.0,7.0,5.0,"The algorithm is inefficient (O(n²)) and has correctness issues with edge cases like empty strings and single characters, though the code is readable and follows Python conventions.",,,
HumanEval/10,make_palindrome,self_refine,0,"def make_palindrome(string: str) -> str:
    """"""
    Find the shortest palindrome that begins with a supplied string.
    """"""
    if not string:
        return """"

    def is_palindrome(s):
        return s == s[::-1]

    for i in range(len(string)):
        suffix = string[i:]
        if is_palindrome(suffix):
            prefix = string[:i]
            return string + prefix[::-1]

    return string + string[:-1][::-1]",raw_generations/HumanEval_10/self_refine_sample0.py,"def make_palindrome(string: str) -> str:
    """"""
    Find the shortest palindrome that begins with a supplied string.
    """"""
    if not string:
        return """"

    def is_palindrome(s):
        return s == s[::-1]

    # Find the longest palindromic suffix
    for i in range(len(string)):
        suffix = string[i:]
        if is_palindrome(suffix):
            # Prefix that needs to be appended in reverse
            prefix = string[:i]
            return string + prefix[::-1]

    # Fallback: entire string is not a palindrome, append all but last character reversed
    return string + string[:-1][::-1]",raw_generations/HumanEval_10/self_refine_sample0_initial.py,True,,0,,8.18,0.0,4.0,4.0,85.71028309113449,outputs\reports\static_analysis\pylint\HumanEval_10__self_refine__sample0__final_pylint.txt,outputs\reports\static_analysis\bandit\HumanEval_10__self_refine__sample0__final_bandit.json,outputs\reports\static_analysis\bandit\HumanEval_10__self_refine__sample0__final_bandit.stderr.txt,True,passed,8.0,7.0,6.0,4.0,7.0,6.0,"The code is readable and follows a clear approach, but has O(n²) time complexity and fails to handle the 'cata' example correctly.",outputs\reports\static_analysis\pylint\HumanEval_10__self_refine__sample0__initial_pylint.txt,outputs\reports\static_analysis\bandit\HumanEval_10__self_refine__sample0__initial_bandit.json,outputs\reports\static_analysis\bandit\HumanEval_10__self_refine__sample0__initial_bandit.stderr.txt
HumanEval/11,string_xor,zero_shot,0,"from typing import List


def string_xor(a: str, b: str) -> str:
    """"""
    Input are two strings a and b consisting only of 1s and 0s.
    Perform binary XOR on these inputs and return result also as a string.

    Example:
        >>> string_xor('10', '110')
        '100'
    """"""
    # Pad the shorter string with leading zeros
    max_len = max(len(a), len(b))
    a = a.zfill(max_len)
    b = b.zfill(max_len)
    
    result = []
    for bit_a, bit_b in zip(a, b):
        # XOR: 1 if bits are different, 0 if same
        if bit_a != bit_b:
            result.append('1')
        else:
            result.append('0')
    
    return ''.join(result)",raw_generations/HumanEval_11/zero_shot_sample0.py,,,True,,0,,5.45,0.0,3.0,3.0,99.06698721299342,outputs\reports\static_analysis\pylint\HumanEval_11__zero_shot__sample0__final_pylint.txt,outputs\reports\static_analysis\bandit\HumanEval_11__zero_shot__sample0__final_bandit.json,outputs\reports\static_analysis\bandit\HumanEval_11__zero_shot__sample0__final_bandit.stderr.txt,True,passed,8.0,7.0,6.0,8.0,7.0,7.0,The code is generally clear and efficient but lacks input validation for binary strings and could handle edge cases like empty strings more robustly.,,,
HumanEval/11,string_xor,constraint_guided,0,"from typing import List


def string_xor(a: str, b: str) -> str:
    """"""
    Input are two strings a and b consisting only of 1s and 0s.
    Perform binary XOR on these inputs and return result also as a string.

    Example:
        >>> string_xor('10', '110')
        '100'
    """"""
    # Determine the maximum length for padding
    max_len = max(len(a), len(b))
    
    # Pad both strings with leading zeros to make them equal length
    a_padded = a.zfill(max_len)
    b_padded = b.zfill(max_len)
    
    # Perform XOR character by character
    result_chars = []
    for char_a, char_b in zip(a_padded, b_padded):
        # XOR: 1 if bits are different, 0 if same
        if char_a != char_b:
            result_chars.append('1')
        else:
            result_chars.append('0')
    
    # Join result and remove leading zeros, but keep at least one digit
    result = ''.join(result_chars).lstrip('0')
    return result if result else '0'",raw_generations/HumanEval_11/constraint_guided_sample0.py,,,True,,0,,5.0,0.0,4.0,4.0,96.41764465813924,outputs\reports\static_analysis\pylint\HumanEval_11__constraint_guided__sample0__final_pylint.txt,outputs\reports\static_analysis\bandit\HumanEval_11__constraint_guided__sample0__final_bandit.json,outputs\reports\static_analysis\bandit\HumanEval_11__constraint_guided__sample0__final_bandit.stderr.txt,False,assertion_failed: ,8.0,7.0,8.0,7.0,7.0,7.0,"The code is generally clear and handles edge cases well, but could be more Pythonic and efficient by using bitwise operations directly on integers.",,,
HumanEval/11,string_xor,structured_cot,0,"from typing import List


def string_xor(a: str, b: str) -> str:
    """"""
    Input are two strings a and b consisting only of 1s and 0s.
    Perform binary XOR on these inputs and return result also as a string.

    Example:
        >>> string_xor('10', '110')
        '100'
    """"""
    max_len = max(len(a), len(b))
    a_padded = a.zfill(max_len)
    b_padded = b.zfill(max_len)
    
    result_chars = []
    for i in range(max_len):
        if a_padded[i] == b_padded[i]:
            result_chars.append('0')
        else:
            result_chars.append('1')
    
    return ''.join(result_chars)",raw_generations/HumanEval_11/structured_cot_sample0.py,,,True,,0,,5.45,0.0,3.0,3.0,99.79336345808163,outputs\reports\static_analysis\pylint\HumanEval_11__structured_cot__sample0__final_pylint.txt,outputs\reports\static_analysis\bandit\HumanEval_11__structured_cot__sample0__final_bandit.json,outputs\reports\static_analysis\bandit\HumanEval_11__structured_cot__sample0__final_bandit.stderr.txt,True,passed,8.0,7.0,6.0,7.0,6.0,6.0,"The code is readable and handles padding well, but it fails to validate input strings for valid binary characters and uses a manual XOR instead of Python's bitwise operations.",,,
HumanEval/11,string_xor,self_refine,0,"from typing import List


def string_xor(a: str, b: str) -> str:
    """"""
    Input are two strings a and b consisting only of 1s and 0s.
    Perform binary XOR on these inputs and return result also as a string.

    Example:
        >>> string_xor('10', '110')
        '100'
    """"""
    if not (a.isdigit() and b.isdigit()):
        raise ValueError(""Input strings must contain only digits"")
    
    max_len = max(len(a), len(b))
    a_padded = a.zfill(max_len)
    b_padded = b.zfill(max_len)
    
    result_chars = []
    for char_a, char_b in zip(a_padded, b_padded):
        if char_a not in '01' or char_b not in '01':
            raise ValueError(""Input strings must consist only of '0' and '1'"")
        if char_a == char_b:
            result_chars.append('0')
        else:
            result_chars.append('1')
    
    result = ''.join(result_chars)
    return result.lstrip('0') or '0'",raw_generations/HumanEval_11/self_refine_sample0.py,"def string_xor(a: str, b: str) -> str:
    max_len = max(len(a), len(b))
    a_padded = a.zfill(max_len)
    b_padded = b.zfill(max_len)
    
    result_chars = []
    for char_a, char_b in zip(a_padded, b_padded):
        if char_a == char_b:
            result_chars.append('0')
        else:
            result_chars.append('1')
    
    result = ''.join(result_chars)
    return result.lstrip('0') or '0'",raw_generations/HumanEval_11/self_refine_sample0_initial.py,True,,0,,6.25,0.0,8.0,8.0,86.6812372605558,outputs\reports\static_analysis\pylint\HumanEval_11__self_refine__sample0__final_pylint.txt,outputs\reports\static_analysis\bandit\HumanEval_11__self_refine__sample0__final_bandit.json,outputs\reports\static_analysis\bandit\HumanEval_11__self_refine__sample0__final_bandit.stderr.txt,False,assertion_failed: ,8.0,7.0,8.0,7.0,7.0,7.0,The code is clear and functional but has some inefficiencies and could be more Pythonic by using bitwise operations directly on integers.,outputs\reports\static_analysis\pylint\HumanEval_11__self_refine__sample0__initial_pylint.txt,outputs\reports\static_analysis\bandit\HumanEval_11__self_refine__sample0__initial_bandit.json,outputs\reports\static_analysis\bandit\HumanEval_11__self_refine__sample0__initial_bandit.stderr.txt
HumanEval/12,longest,zero_shot,0,"from typing import List


def longest(strings: List[str]) -> str:
    """"""
    Out of a list of strings, return the longest one.
    Return the first one in case of multiple strings of the same length.
    Return an empty string for edge cases.

    Examples:
        >>> longest(['a', 'b', 'c'])
        'a'
        >>> longest(['a', 'bb', 'ccc'])
        'ccc'
    """"""
    if not strings:
        return """"
    
    longest_str = strings[0]
    for s in strings[1:]:
        if len(s) > len(longest_str):
            longest_str = s
    return longest_str",raw_generations/HumanEval_12/zero_shot_sample0.py,,,True,,0,,6.67,0.0,4.0,4.0,94.10194168132134,outputs\reports\static_analysis\pylint\HumanEval_12__zero_shot__sample0__final_pylint.txt,outputs\reports\static_analysis\bandit\HumanEval_12__zero_shot__sample0__final_bandit.json,outputs\reports\static_analysis\bandit\HumanEval_12__zero_shot__sample0__final_bandit.stderr.txt,True,passed,9.0,9.0,10.0,9.0,8.0,9.0,"Clean, efficient, and correct implementation with minor room for improvement in Pythonic style.",,,
HumanEval/12,longest,constraint_guided,0,"from typing import List


def longest(strings: List[str]) -> str:
    """"""
    Out of a list of strings, return the longest one.
    Return the first one in case of multiple strings of the same length.
    Return an empty string for edge cases.
    """"""
    if not strings:
        return """"

    longest_str = strings[0]
    max_length = len(longest_str)

    for s in strings[1:]:
        current_length = len(s)
        if current_length > max_length:
            longest_str = s
            max_length = current_length

    return longest_str",raw_generations/HumanEval_12/constraint_guided_sample0.py,,,True,,0,,8.33,0.0,4.0,4.0,96.15438479109449,outputs\reports\static_analysis\pylint\HumanEval_12__constraint_guided__sample0__final_pylint.txt,outputs\reports\static_analysis\bandit\HumanEval_12__constraint_guided__sample0__final_bandit.json,outputs\reports\static_analysis\bandit\HumanEval_12__constraint_guided__sample0__final_bandit.stderr.txt,True,passed,9.0,8.0,8.0,9.0,7.0,8.0,Clean and efficient implementation but could be more Pythonic using built-in functions like max() with a key parameter.,,,
HumanEval/12,longest,structured_cot,0,"from typing import List


def longest(strings: List[str]) -> str:
    """"""
    Out of a list of strings, return the longest one.
    Return the first one in case of multiple strings of the same length.
    Return an empty string for edge cases.

    Examples:
        >>> longest(['a', 'b', 'c'])
        'a'
        >>> longest(['a', 'bb', 'ccc'])
        'ccc'
    """"""
    if not strings:
        return """"
    
    longest_str = strings[0]
    max_length = len(longest_str)
    
    for s in strings[1:]:
        if len(s) > max_length:
            longest_str = s
            max_length = len(s)
    
    return longest_str",raw_generations/HumanEval_12/structured_cot_sample0.py,,,True,,0,,5.45,0.0,4.0,4.0,95.34092299674538,outputs\reports\static_analysis\pylint\HumanEval_12__structured_cot__sample0__final_pylint.txt,outputs\reports\static_analysis\bandit\HumanEval_12__structured_cot__sample0__final_bandit.json,outputs\reports\static_analysis\bandit\HumanEval_12__structured_cot__sample0__final_bandit.stderr.txt,True,passed,9.0,9.0,9.0,9.0,8.0,9.0,"Clean, efficient implementation with good edge case handling, though could be more Pythonic using max() with key parameter.",,,
HumanEval/12,longest,self_refine,0,"from typing import List


def longest(strings: List[str]) -> str:
    """"""
    Out of a list of strings, return the longest one.
    Return the first one in case of multiple strings of the same length.
    Return an empty string for edge cases.
    """"""
    if not strings:
        return """"

    longest_str = strings[0]
    max_length = len(longest_str)

    for s in strings:
        current_length = len(s)
        if current_length > max_length:
            longest_str = s
            max_length = current_length

    return longest_str",raw_generations/HumanEval_12/self_refine_sample0.py,"from typing import List


def longest(strings: List[str]) -> str:
    """"""
    Out of a list of strings, return the longest one.
    Return the first one in case of multiple strings of the same length.
    Return an empty string for edge cases.
    """"""
    if not strings:
        return """"
    
    longest_str = strings[0]
    max_length = len(longest_str)
    
    for s in strings[1:]:
        current_length = len(s)
        if current_length > max_length:
            longest_str = s
            max_length = current_length
    
    return longest_str",raw_generations/HumanEval_12/self_refine_sample0_initial.py,True,,0,,8.33,0.0,4.0,4.0,96.15438479109449,outputs\reports\static_analysis\pylint\HumanEval_12__self_refine__sample0__final_pylint.txt,outputs\reports\static_analysis\bandit\HumanEval_12__self_refine__sample0__final_bandit.json,outputs\reports\static_analysis\bandit\HumanEval_12__self_refine__sample0__final_bandit.stderr.txt,True,passed,9.0,9.0,10.0,9.0,7.0,9.0,"Clean and correct implementation, but could be more Pythonic using max() with a key function.",outputs\reports\static_analysis\pylint\HumanEval_12__self_refine__sample0__initial_pylint.txt,outputs\reports\static_analysis\bandit\HumanEval_12__self_refine__sample0__initial_bandit.json,outputs\reports\static_analysis\bandit\HumanEval_12__self_refine__sample0__initial_bandit.stderr.txt
HumanEval/13,greatest_common_divisor,zero_shot,0,"def greatest_common_divisor(a: int, b: int) -> int:
    while b:
        a, b = b, a % b
    return abs(a)",raw_generations/HumanEval_13/zero_shot_sample0.py,,,True,,0,,2.5,0.0,2.0,2.0,81.85633424453339,outputs\reports\static_analysis\pylint\HumanEval_13__zero_shot__sample0__final_pylint.txt,outputs\reports\static_analysis\bandit\HumanEval_13__zero_shot__sample0__final_bandit.json,outputs\reports\static_analysis\bandit\HumanEval_13__zero_shot__sample0__final_bandit.stderr.txt,True,passed,8.0,9.0,9.0,10.0,10.0,9.0,"Clean, efficient implementation of Euclidean algorithm with proper type hints and docstring, though could benefit from explicit handling of zero inputs in docstring.",,,
HumanEval/13,greatest_common_divisor,constraint_guided,0,"def greatest_common_divisor(a: int, b: int) -> int:
    """"""
    Return the greatest common divisor of two integers a and b
    """"""
    # Handle negative numbers by taking absolute values
    a = abs(a)
    b = abs(b)
    
    # Euclidean algorithm
    while b != 0:
        a, b = b, a % b
    
    return a",raw_generations/HumanEval_13/constraint_guided_sample0.py,,,True,,0,,3.33,0.0,2.0,2.0,100.0,outputs\reports\static_analysis\pylint\HumanEval_13__constraint_guided__sample0__final_pylint.txt,outputs\reports\static_analysis\bandit\HumanEval_13__constraint_guided__sample0__final_bandit.json,outputs\reports\static_analysis\bandit\HumanEval_13__constraint_guided__sample0__final_bandit.stderr.txt,True,passed,9.0,9.0,10.0,10.0,9.0,9.0,"Clean, efficient implementation of Euclidean algorithm with proper handling of negative inputs and excellent documentation.",,,
HumanEval/13,greatest_common_divisor,structured_cot,0,"def greatest_common_divisor(a: int, b: int) -> int:
    """"""
    Return the greatest common divisor of two integers a and b

    Examples:
        >>> greatest_common_divisor(3, 5)
        1
        >>> greatest_common_divisor(25, 15)
        5
    """"""
    a = abs(a)
    b = abs(b)
    
    while b != 0:
        a, b = b, a % b
    
    return a",raw_generations/HumanEval_13/structured_cot_sample0.py,,,True,,0,,3.33,0.0,2.0,2.0,93.19449920519779,outputs\reports\static_analysis\pylint\HumanEval_13__structured_cot__sample0__final_pylint.txt,outputs\reports\static_analysis\bandit\HumanEval_13__structured_cot__sample0__final_bandit.json,outputs\reports\static_analysis\bandit\HumanEval_13__structured_cot__sample0__final_bandit.stderr.txt,True,passed,9.0,9.0,10.0,10.0,9.0,9.0,"Clean, efficient implementation of Euclidean algorithm with proper handling of negative inputs and excellent documentation.",,,
HumanEval/13,greatest_common_divisor,self_refine,0,"def greatest_common_divisor(a: int, b: int) -> int:
    """"""
    Return the greatest common divisor of two integers a and b

    Examples:
        >>> greatest_common_divisor(3, 5)
        1
        >>> greatest_common_divisor(25, 15)
        5
    """"""
    a = abs(a)
    b = abs(b)
    while b != 0:
        a, b = b, a % b
    return a",raw_generations/HumanEval_13/self_refine_sample0.py,"def greatest_common_divisor(a: int, b: int) -> int:
    """"""
    Return the greatest common divisor of two integers a and b
    """"""
    # Handle negative numbers by taking absolute values
    a = abs(a)
    b = abs(b)
    
    # Euclidean algorithm
    while b != 0:
        a, b = b, a % b
    
    return a",raw_generations/HumanEval_13/self_refine_sample0_initial.py,True,,0,,6.67,0.0,2.0,2.0,93.19449920519779,outputs\reports\static_analysis\pylint\HumanEval_13__self_refine__sample0__final_pylint.txt,outputs\reports\static_analysis\bandit\HumanEval_13__self_refine__sample0__final_bandit.json,outputs\reports\static_analysis\bandit\HumanEval_13__self_refine__sample0__final_bandit.stderr.txt,True,passed,9.0,9.0,10.0,10.0,9.0,9.0,Excellent implementation of Euclidean algorithm with proper handling of negative inputs and efficient variable swapping.,outputs\reports\static_analysis\pylint\HumanEval_13__self_refine__sample0__initial_pylint.txt,outputs\reports\static_analysis\bandit\HumanEval_13__self_refine__sample0__initial_bandit.json,outputs\reports\static_analysis\bandit\HumanEval_13__self_refine__sample0__initial_bandit.stderr.txt
HumanEval/14,all_prefixes,zero_shot,0,"from typing import List


def all_prefixes(string: str) -> List[str]:
    """"""
    Return list of all prefixes from shortest to longest of the input string.

    Example:
        >>> all_prefixes('abc')
        ['a', 'ab', 'abc']
    """"""
    return [string[:i] for i in range(1, len(string) + 1)]",raw_generations/HumanEval_14/zero_shot_sample0.py,,,True,,0,,3.33,0.0,2.0,2.0,85.87285774682948,outputs\reports\static_analysis\pylint\HumanEval_14__zero_shot__sample0__final_pylint.txt,outputs\reports\static_analysis\bandit\HumanEval_14__zero_shot__sample0__final_bandit.json,outputs\reports\static_analysis\bandit\HumanEval_14__zero_shot__sample0__final_bandit.stderr.txt,True,passed,9.0,9.0,10.0,10.0,10.0,9.0,"Clean, efficient, and idiomatic implementation that perfectly meets the specification with no apparent issues.",,,
HumanEval/14,all_prefixes,constraint_guided,0,"from typing import List


def all_prefixes(string: str) -> List[str]:
    """"""
    Return list of all prefixes from shortest to longest of the input string.

    Example:
        >>> all_prefixes('abc')
        ['a', 'ab', 'abc']
    """"""
    prefixes = []
    # Build prefixes by adding one character at a time
    for i in range(1, len(string) + 1):
        prefixes.append(string[:i])
    return prefixes",raw_generations/HumanEval_14/constraint_guided_sample0.py,,,True,,0,,6.67,0.0,2.0,2.0,98.25730053164986,outputs\reports\static_analysis\pylint\HumanEval_14__constraint_guided__sample0__final_pylint.txt,outputs\reports\static_analysis\bandit\HumanEval_14__constraint_guided__sample0__final_bandit.json,outputs\reports\static_analysis\bandit\HumanEval_14__constraint_guided__sample0__final_bandit.stderr.txt,True,passed,9.0,9.0,10.0,9.0,8.0,9.0,"Clean, efficient implementation with clear documentation, though a list comprehension would be more Pythonic.",,,
HumanEval/14,all_prefixes,structured_cot,0,"from typing import List


def all_prefixes(string: str) -> List[str]:
    """"""
    Return list of all prefixes from shortest to longest of the input string.

    Example:
        >>> all_prefixes('abc')
        ['a', 'ab', 'abc']
    """"""
    result = []
    for i in range(1, len(string) + 1):
        result.append(string[:i])
    return result",raw_generations/HumanEval_14/structured_cot_sample0.py,,,True,,0,,6.67,0.0,2.0,2.0,100.0,outputs\reports\static_analysis\pylint\HumanEval_14__structured_cot__sample0__final_pylint.txt,outputs\reports\static_analysis\bandit\HumanEval_14__structured_cot__sample0__final_bandit.json,outputs\reports\static_analysis\bandit\HumanEval_14__structured_cot__sample0__final_bandit.stderr.txt,True,passed,9.0,9.0,10.0,9.0,8.0,9.0,"Clean, efficient implementation that correctly handles the task with good readability, though a list comprehension could make it slightly more Pythonic.",,,
HumanEval/14,all_prefixes,self_refine,0,"from typing import List


def all_prefixes(string: str) -> List[str]:
    """"""
    Return list of all prefixes from shortest to longest of the input string.

    Example:
        >>> all_prefixes('abc')
        ['a', 'ab', 'abc']
    """"""
    if not isinstance(string, str):
        raise TypeError(""Input must be a string"")
    
    return [string[:i] for i in range(1, len(string) + 1)]",raw_generations/HumanEval_14/self_refine_sample0.py,"from typing import List


def all_prefixes(string: str) -> List[str]:
    """"""
    Return list of all prefixes from shortest to longest of the input string.

    Example:
        >>> all_prefixes('abc')
        ['a', 'ab', 'abc']
    """"""
    prefixes = []
    for i in range(1, len(string) + 1):
        prefixes.append(string[:i])
    return prefixes",raw_generations/HumanEval_14/self_refine_sample0_initial.py,True,,0,,4.0,0.0,3.0,3.0,96.08732961943966,outputs\reports\static_analysis\pylint\HumanEval_14__self_refine__sample0__final_pylint.txt,outputs\reports\static_analysis\bandit\HumanEval_14__self_refine__sample0__final_bandit.json,outputs\reports\static_analysis\bandit\HumanEval_14__self_refine__sample0__final_bandit.stderr.txt,True,passed,9.0,9.0,8.0,9.0,9.0,9.0,"Clean, efficient, and Pythonic implementation with minor type hint inconsistency.",outputs\reports\static_analysis\pylint\HumanEval_14__self_refine__sample0__initial_pylint.txt,outputs\reports\static_analysis\bandit\HumanEval_14__self_refine__sample0__initial_bandit.json,outputs\reports\static_analysis\bandit\HumanEval_14__self_refine__sample0__initial_bandit.stderr.txt
HumanEval/15,string_sequence,zero_shot,0,"def string_sequence(n: int) -> str:
    if n < 0:
        return ''
    return ' '.join(str(i) for i in range(n + 1))",raw_generations/HumanEval_15/zero_shot_sample0.py,,,True,,0,,2.5,0.0,3.0,3.0,78.45287306850658,outputs\reports\static_analysis\pylint\HumanEval_15__zero_shot__sample0__final_pylint.txt,outputs\reports\static_analysis\bandit\HumanEval_15__zero_shot__sample0__final_bandit.json,outputs\reports\static_analysis\bandit\HumanEval_15__zero_shot__sample0__final_bandit.stderr.txt,True,passed,9.0,9.0,10.0,10.0,10.0,9.0,"Clean, efficient, and idiomatic implementation that perfectly meets the specification with proper edge case handling.",,,
HumanEval/15,string_sequence,constraint_guided,0,"def string_sequence(n: int) -> str:
    """"""
    Return a string containing space-delimited numbers starting from 0 upto n inclusive.
    If n is negative, return an empty string.
    """"""
    if n < 0:
        return ''
    return ' '.join(str(i) for i in range(n + 1))",raw_generations/HumanEval_15/constraint_guided_sample0.py,,,True,,0,,5.0,0.0,3.0,3.0,100.0,outputs\reports\static_analysis\pylint\HumanEval_15__constraint_guided__sample0__final_pylint.txt,outputs\reports\static_analysis\bandit\HumanEval_15__constraint_guided__sample0__final_bandit.json,outputs\reports\static_analysis\bandit\HumanEval_15__constraint_guided__sample0__final_bandit.stderr.txt,True,passed,9.0,9.0,10.0,9.0,10.0,9.0,"Clean, efficient, and idiomatic Python code that correctly implements the specification with proper edge case handling.",,,
HumanEval/15,string_sequence,structured_cot,0,"def string_sequence(n: int) -> str:
    if n < 0:
        return ''
    return ' '.join(str(i) for i in range(n + 1))",raw_generations/HumanEval_15/structured_cot_sample0.py,,,True,,0,,2.5,0.0,3.0,3.0,78.45287306850658,outputs\reports\static_analysis\pylint\HumanEval_15__structured_cot__sample0__final_pylint.txt,outputs\reports\static_analysis\bandit\HumanEval_15__structured_cot__sample0__final_bandit.json,outputs\reports\static_analysis\bandit\HumanEval_15__structured_cot__sample0__final_bandit.stderr.txt,True,passed,9.0,9.0,10.0,9.0,10.0,9.0,"Clean, efficient, and idiomatic Python code that correctly handles the task with proper edge case handling and excellent readability.",,,
HumanEval/15,string_sequence,self_refine,0,"def string_sequence(n: int) -> str:
    """"""
    Return a string containing space-delimited numbers starting from 0 upto n inclusive.
    If n is negative, return an empty string.
    """"""
    if n < 0:
        return ''
    return ' '.join(str(i) for i in range(n + 1))",raw_generations/HumanEval_15/self_refine_sample0.py,"def string_sequence(n: int) -> str:
    """"""
    Return a string containing space-delimited numbers starting from 0 upto n inclusive.
    If n is negative, return an empty string.
    """"""
    if n < 0:
        return ''
    return ' '.join(str(i) for i in range(n + 1))",raw_generations/HumanEval_15/self_refine_sample0_initial.py,True,,0,,5.0,0.0,3.0,3.0,100.0,outputs\reports\static_analysis\pylint\HumanEval_15__self_refine__sample0__final_pylint.txt,outputs\reports\static_analysis\bandit\HumanEval_15__self_refine__sample0__final_bandit.json,outputs\reports\static_analysis\bandit\HumanEval_15__self_refine__sample0__final_bandit.stderr.txt,True,passed,-10.0,9.0,10.0,9.0,10.0,9.0,"Excellent code with clear logic and Pythonic implementation, though readability could be slightly improved with a more explicit early return structure.",outputs\reports\static_analysis\pylint\HumanEval_15__self_refine__sample0__initial_pylint.txt,outputs\reports\static_analysis\bandit\HumanEval_15__self_refine__sample0__initial_bandit.json,outputs\reports\static_analysis\bandit\HumanEval_15__self_refine__sample0__initial_bandit.stderr.txt
HumanEval/16,count_distinct_characters,zero_shot,0,"def count_distinct_characters(string: str) -> int:
    return len({char.lower() for char in string})",raw_generations/HumanEval_16/zero_shot_sample0.py,,,True,,0,,0.0,0.0,2.0,2.0,100.0,outputs\reports\static_analysis\pylint\HumanEval_16__zero_shot__sample0__final_pylint.txt,outputs\reports\static_analysis\bandit\HumanEval_16__zero_shot__sample0__final_bandit.json,outputs\reports\static_analysis\bandit\HumanEval_16__zero_shot__sample0__final_bandit.stderr.txt,True,passed,9.0,9.0,10.0,9.0,10.0,9.0,"Excellent, concise implementation using a set comprehension with proper case normalization, though could benefit from a docstring for clarity.",,,
HumanEval/16,count_distinct_characters,constraint_guided,0,"def count_distinct_characters(string: str) -> int:
    """"""
    Find out how many distinct characters (regardless of case) are in the string.
    """"""
    return len({char.lower() for char in string})",raw_generations/HumanEval_16/constraint_guided_sample0.py,,,True,,0,,0.0,0.0,2.0,2.0,100.0,outputs\reports\static_analysis\pylint\HumanEval_16__constraint_guided__sample0__final_pylint.txt,outputs\reports\static_analysis\bandit\HumanEval_16__constraint_guided__sample0__final_bandit.json,outputs\reports\static_analysis\bandit\HumanEval_16__constraint_guided__sample0__final_bandit.stderr.txt,True,passed,9.0,9.0,10.0,10.0,10.0,9.0,"Excellent, concise, and idiomatic solution using a set comprehension with lowercasing, perfectly meeting the specification.",,,
HumanEval/16,count_distinct_characters,structured_cot,0,"def count_distinct_characters(string: str) -> int:
    """"""
    Find out how many distinct characters (regardless of case) are in the string.

    Examples:
        >>> count_distinct_characters(""xyzXYZ"")
        3
        >>> count_distinct_characters(""Jerry"")
        4
    """"""
    return len(set(string.lower()))",raw_generations/HumanEval_16/structured_cot_sample0.py,,,True,,0,,0.0,0.0,1.0,1.0,100.0,outputs\reports\static_analysis\pylint\HumanEval_16__structured_cot__sample0__final_pylint.txt,outputs\reports\static_analysis\bandit\HumanEval_16__structured_cot__sample0__final_bandit.json,outputs\reports\static_analysis\bandit\HumanEval_16__structured_cot__sample0__final_bandit.stderr.txt,True,passed,9.0,9.0,10.0,10.0,10.0,9.0,"Excellent implementation: concise, correct, and efficient, though slightly lacking in explicit handling of non-string inputs.",,,
HumanEval/16,count_distinct_characters,self_refine,0,"def count_distinct_characters(string: str) -> int:
    """"""
    Find out how many distinct characters (regardless of case) are in the string.
    """"""
    if not isinstance(string, str):
        return 0
    distinct_chars = {char.lower() for char in string}
    return len(distinct_chars)",raw_generations/HumanEval_16/self_refine_sample0.py,"def count_distinct_characters(string: str) -> int:
    """"""
    Find out how many distinct characters (regardless of case) are in the string.
    """"""
    # Convert all characters to lowercase to ignore case, then use set to get distinct characters
    distinct_chars = {char.lower() for char in string}
    return len(distinct_chars)",raw_generations/HumanEval_16/self_refine_sample0_initial.py,True,,0,,6.0,0.0,3.0,3.0,100.0,outputs\reports\static_analysis\pylint\HumanEval_16__self_refine__sample0__final_pylint.txt,outputs\reports\static_analysis\bandit\HumanEval_16__self_refine__sample0__final_bandit.json,outputs\reports\static_analysis\bandit\HumanEval_16__self_refine__sample0__final_bandit.stderr.txt,True,passed,8.0,8.0,7.0,9.0,8.0,8.0,"Clean and efficient implementation with good readability, but the type check is unnecessary since the function signature already specifies string type.",outputs\reports\static_analysis\pylint\HumanEval_16__self_refine__sample0__initial_pylint.txt,outputs\reports\static_analysis\bandit\HumanEval_16__self_refine__sample0__initial_bandit.json,outputs\reports\static_analysis\bandit\HumanEval_16__self_refine__sample0__initial_bandit.stderr.txt
HumanEval/17,parse_music,zero_shot,0,"from typing import List


def parse_music(music_string: str) -> List[int]:
    """"""
    Input to this function is a string representing musical notes in a special ASCII format.
    Your task is to parse this string and return list of integers corresponding to how many beats does each
    note last.

    Here is a legend:
    'o' - whole note, lasts four beats
    'o|' - half note, lasts two beats
    '.|' - quater note, lasts one beat

    Example:
        >>> parse_music('o o| .|  o| o| .| .|   .| .| o  o ')
        [4, 2, 1, 2, 2, 1, 1, 1, 1, 4, 4]
    """"""
    beats = []
    i = 0
    n = len(music_string)
    
    while i < n:
        if music_string[i] == ' ':
            i += 1
            continue
        
        if music_string[i] == 'o':
            if i + 1 < n and music_string[i + 1] == '|':
                beats.append(2)
                i += 2
            else:
                beats.append(4)
                i += 1
        elif music_string[i] == '.':
            if i + 1 < n and music_string[i + 1] == '|':
                beats.append(1)
                i += 2
            else:
                i += 1
        else:
            i += 1
    
    return beats",raw_generations/HumanEval_17/zero_shot_sample0.py,,,True,,0,,7.27,0.0,9.0,9.0,79.85583818939418,outputs\reports\static_analysis\pylint\HumanEval_17__zero_shot__sample0__final_pylint.txt,outputs\reports\static_analysis\bandit\HumanEval_17__zero_shot__sample0__final_bandit.json,outputs\reports\static_analysis\bandit\HumanEval_17__zero_shot__sample0__final_bandit.stderr.txt,True,passed,7.0,6.0,8.0,7.0,5.0,6.0,"The code works correctly but uses manual parsing instead of Python's string methods, making it less Pythonic and harder to maintain with complex logic for simple tokenization.",,,
HumanEval/17,parse_music,constraint_guided,0,"from typing import List


def parse_music(music_string: str) -> List[int]:
    """"""
    Parse musical notes string and return list of beat durations.
    'o' - whole note (4 beats)
    'o|' - half note (2 beats)
    '.|' - quarter note (1 beat)
    """"""
    notes = music_string.split()
    beats = []
    
    for note in notes:
        if note == 'o':
            beats.append(4)
        elif note == 'o|':
            beats.append(2)
        elif note == '.|':
            beats.append(1)
    
    return beats",raw_generations/HumanEval_17/constraint_guided_sample0.py,,,True,,0,,6.67,0.0,5.0,5.0,94.86150698643104,outputs\reports\static_analysis\pylint\HumanEval_17__constraint_guided__sample0__final_pylint.txt,outputs\reports\static_analysis\bandit\HumanEval_17__constraint_guided__sample0__final_bandit.json,outputs\reports\static_analysis\bandit\HumanEval_17__constraint_guided__sample0__final_bandit.stderr.txt,True,passed,9.0,8.0,7.0,9.0,8.0,8.0,"Clean and readable code with good efficiency, but lacks error handling for invalid notes and could be more maintainable with a mapping dictionary.",,,
HumanEval/17,parse_music,structured_cot,0,"from typing import List

def parse_music(music_string: str) -> List[int]:
    beats = []
    i = 0
    n = len(music_string)
    
    while i < n:
        if music_string[i] == ' ':
            i += 1
            continue
        
        if music_string[i] == 'o':
            if i + 1 < n and music_string[i + 1] == '|':
                beats.append(2)
                i += 2
            else:
                beats.append(4)
                i += 1
        elif music_string[i] == '.':
            if i + 1 < n and music_string[i + 1] == '|':
                beats.append(1)
                i += 2
            else:
                i += 1
        else:
            i += 1
    
    return beats",raw_generations/HumanEval_17/structured_cot_sample0.py,,,True,,0,,7.27,0.0,9.0,9.0,51.25453879170923,outputs\reports\static_analysis\pylint\HumanEval_17__structured_cot__sample0__final_pylint.txt,outputs\reports\static_analysis\bandit\HumanEval_17__structured_cot__sample0__final_bandit.json,outputs\reports\static_analysis\bandit\HumanEval_17__structured_cot__sample0__final_bandit.stderr.txt,True,passed,7.0,6.0,8.0,8.0,5.0,6.0,"The code works correctly but uses manual parsing instead of more Pythonic approaches like splitting or regex, making it less maintainable and idiomatic.",,,
HumanEval/17,parse_music,self_refine,0,"from typing import List


def parse_music(music_string: str) -> List[int]:
    """"""
    Input to this function is a string representing musical notes in a special ASCII format.
    Your task is to parse this string and return list of integers corresponding to how many beats does each
    note last.

    Here is a legend:
    'o' - whole note, lasts four beats
    'o|' - half note, lasts two beats
    '.|' - quarter note, lasts one beat

    Example:
        >>> parse_music('o o| .|  o| o| .| .|   .| .| o  o ')
        [4, 2, 1, 2, 2, 1, 1, 1, 1, 4, 4]
    """"""
    beats = []
    i = 0
    length = len(music_string)

    while i < length:
        # Skip spaces
        if music_string[i] == ' ':
            i += 1
            continue

        # Check for whole note 'o'
        if music_string[i] == 'o':
            # Check if next character is '|' for half note
            if i + 1 < length and music_string[i + 1] == '|':
                beats.append(2)
                i += 2  # Skip 'o|'
            else:
                beats.append(4)
                i += 1  # Skip 'o'
        # Check for quarter note '.|'
        elif music_string[i] == '.':
            if i + 1 < length and music_string[i + 1] == '|':
                beats.append(1)
                i += 2  # Skip '.|'
            else:
                # Invalid pattern, skip the dot
                i += 1
        else:
            # Invalid character, skip it
            i += 1

    return beats",raw_generations/HumanEval_17/self_refine_sample0.py,"from typing import List


def parse_music(music_string: str) -> List[int]:
    """"""
    Input to this function is a string representing musical notes in a special ASCII format.
    Your task is to parse this string and return list of integers corresponding to how many beats does each
    note last.

    Here is a legend:
    'o' - whole note, lasts four beats
    'o|' - half note, lasts two beats
    '.|' - quater note, lasts one beat

    Example:
        >>> parse_music('o o| .|  o| o| .| .|   .| .| o  o ')
        [4, 2, 1, 2, 2, 1, 1, 1, 1, 4, 4]
    """"""
    beats = []
    i = 0
    length = len(music_string)
    
    while i < length:
        # Skip any spaces
        if music_string[i] == ' ':
            i += 1
            continue
        
        # Check for whole note 'o'
        if music_string[i] == 'o':
            # Check if next character is '|' for half note
            if i + 1 < length and music_string[i + 1] == '|':
                beats.append(2)
                i += 2  # Skip 'o|'
            else:
                beats.append(4)
                i += 1  # Skip 'o'
        # Check for quarter note '.|'
        elif music_string[i] == '.':
            if i + 1 < length and music_string[i + 1] == '|':
                beats.append(1)
                i += 2  # Skip '.|'
            else:
                # Invalid pattern, but spec implies valid input
                i += 1
        else:
            # Invalid character, skip (should not happen with valid input)
            i += 1
    
    return beats",raw_generations/HumanEval_17/self_refine_sample0_initial.py,True,,0,,8.64,0.0,9.0,9.0,78.56114429270015,outputs\reports\static_analysis\pylint\HumanEval_17__self_refine__sample0__final_pylint.txt,outputs\reports\static_analysis\bandit\HumanEval_17__self_refine__sample0__final_bandit.json,outputs\reports\static_analysis\bandit\HumanEval_17__self_refine__sample0__final_bandit.stderr.txt,True,passed,7.0,-1.0,8.0,7.0,4.0,5.0,The code is overly complex and not Pythonic; a simple split and dictionary mapping would be far cleaner and more maintainable.,outputs\reports\static_analysis\pylint\HumanEval_17__self_refine__sample0__initial_pylint.txt,outputs\reports\static_analysis\bandit\HumanEval_17__self_refine__sample0__initial_bandit.json,outputs\reports\static_analysis\bandit\HumanEval_17__self_refine__sample0__initial_bandit.stderr.txt
HumanEval/18,how_many_times,zero_shot,0,"def how_many_times(string: str, substring: str) -> int:
    count = 0
    n = len(substring)
    for i in range(len(string) - n + 1):
        if string[i:i+n] == substring:
            count += 1
    return count",raw_generations/HumanEval_18/zero_shot_sample0.py,,,True,,0,,5.71,0.0,3.0,3.0,69.152428164529,outputs\reports\static_analysis\pylint\HumanEval_18__zero_shot__sample0__final_pylint.txt,outputs\reports\static_analysis\bandit\HumanEval_18__zero_shot__sample0__final_bandit.json,outputs\reports\static_analysis\bandit\HumanEval_18__zero_shot__sample0__final_bandit.stderr.txt,True,passed,8.0,7.0,8.0,6.0,7.0,7.0,"The code is clear and correct for overlapping cases, but lacks edge case handling and uses a naive O(n*m) algorithm instead of more efficient approaches.",,,
HumanEval/18,how_many_times,constraint_guided,0,"def how_many_times(string: str, substring: str) -> int:
    """"""
    Find how many times a given substring can be found in the original string.
    Count overlapping cases.
    """"""
    if not substring:
        return 0

    count = 0
    sub_len = len(substring)
    for i in range(len(string) - sub_len + 1):
        if string[i:i + sub_len] == substring:
            count += 1
    return count",raw_generations/HumanEval_18/constraint_guided_sample0.py,,,True,,0,,7.78,0.0,4.0,4.0,93.86672032074611,outputs\reports\static_analysis\pylint\HumanEval_18__constraint_guided__sample0__final_pylint.txt,outputs\reports\static_analysis\bandit\HumanEval_18__constraint_guided__sample0__final_bandit.json,outputs\reports\static_analysis\bandit\HumanEval_18__constraint_guided__sample0__final_bandit.stderr.txt,False,assertion_failed: ,8.0,7.0,9.0,6.0,7.0,7.0,The code is clear and correct but uses a naive O(n*m) algorithm when more efficient approaches exist for overlapping substring counting.,,,
HumanEval/18,how_many_times,structured_cot,0,"def how_many_times(string: str, substring: str) -> int:
    if not substring:
        return 0
    count = 0
    for i in range(len(string) - len(substring) + 1):
        if string[i:i+len(substring)] == substring:
            count += 1
    return count",raw_generations/HumanEval_18/structured_cot_sample0.py,,,True,,0,,6.25,0.0,4.0,4.0,67.16747896373072,outputs\reports\static_analysis\pylint\HumanEval_18__structured_cot__sample0__final_pylint.txt,outputs\reports\static_analysis\bandit\HumanEval_18__structured_cot__sample0__final_bandit.json,outputs\reports\static_analysis\bandit\HumanEval_18__structured_cot__sample0__final_bandit.stderr.txt,False,assertion_failed: ,8.0,7.0,8.0,6.0,6.0,7.0,"The code is clear and correct for overlapping substrings, but it lacks input validation for edge cases like empty strings and could be more Pythonic with built-in methods.",,,
HumanEval/18,how_many_times,self_refine,0,"def how_many_times(string: str, substring: str) -> int:
    """"""
    Find how many times a given substring can be found in the original string.
    Count overlapping cases.

    Example:
        >>> how_many_times('aaaa', 'aa')
        3
    """"""
    if not substring:
        return 0

    count = 0
    sub_len = len(substring)
    for i in range(len(string) - sub_len + 1):
        if string[i:i + sub_len] == substring:
            count += 1
    return count",raw_generations/HumanEval_18/self_refine_sample0.py,"def how_many_times(string: str, substring: str) -> int:
    """"""
    Find how many times a given substring can be found in the original string.
    Count overlapping cases.
    """"""
    if not substring:
        return 0

    count = 0
    sub_len = len(substring)
    for i in range(len(string) - sub_len + 1):
        if string[i:i + sub_len] == substring:
            count += 1
    return count",raw_generations/HumanEval_18/self_refine_sample0_initial.py,True,,0,,7.78,0.0,4.0,4.0,93.43226821600847,outputs\reports\static_analysis\pylint\HumanEval_18__self_refine__sample0__final_pylint.txt,outputs\reports\static_analysis\bandit\HumanEval_18__self_refine__sample0__final_bandit.json,outputs\reports\static_analysis\bandit\HumanEval_18__self_refine__sample0__final_bandit.stderr.txt,False,assertion_failed: ,8.0,7.0,8.0,6.0,7.0,7.0,"The code is clear and handles overlapping substrings correctly, but it uses a naive O(n*m) algorithm and could be more Pythonic with built-in functions.",outputs\reports\static_analysis\pylint\HumanEval_18__self_refine__sample0__initial_pylint.txt,outputs\reports\static_analysis\bandit\HumanEval_18__self_refine__sample0__initial_bandit.json,outputs\reports\static_analysis\bandit\HumanEval_18__self_refine__sample0__initial_bandit.stderr.txt
HumanEval/19,sort_numbers,zero_shot,0,"def sort_numbers(numbers: str) -> str:
    word_to_num = {
        'zero': 0,
        'one': 1,
        'two': 2,
        'three': 3,
        'four': 4,
        'five': 5,
        'six': 6,
        'seven': 7,
        'eight': 8,
        'nine': 9
    }
    num_to_word = {v: k for k, v in word_to_num.items()}
    words = numbers.split()
    nums = [word_to_num[word] for word in words]
    nums.sort()
    sorted_words = [num_to_word[num] for num in nums]
    return ' '.join(sorted_words)",raw_generations/HumanEval_19/zero_shot_sample0.py,,,True,,0,,6.25,0.0,4.0,4.0,100.0,outputs\reports\static_analysis\pylint\HumanEval_19__zero_shot__sample0__final_pylint.txt,outputs\reports\static_analysis\bandit\HumanEval_19__zero_shot__sample0__final_bandit.json,outputs\reports\static_analysis\bandit\HumanEval_19__zero_shot__sample0__final_bandit.stderr.txt,True,passed,9.0,8.0,7.0,8.0,9.0,8.0,The code is clean and Pythonic but lacks error handling for invalid inputs and edge cases like empty strings.,,,
HumanEval/19,sort_numbers,constraint_guided,0,"def sort_numbers(numbers: str) -> str:
    """"""
    Input is a space-delimited string of numerals from 'zero' to 'nine'.
    Valid choices are 'zero', 'one', 'two', 'three', 'four', 'five', 'six', 'seven', 'eight' and 'nine'.
    Return the string with numbers sorted from smallest to largest
    """"""
    word_to_digit = {
        'zero': 0,
        'one': 1,
        'two': 2,
        'three': 3,
        'four': 4,
        'five': 5,
        'six': 6,
        'seven': 7,
        'eight': 8,
        'nine': 9
    }
    
    # Split the input string, strip whitespace, and filter out empty strings
    words = [word.strip() for word in numbers.split() if word.strip()]
    
    # Sort the words based on their numeric values
    sorted_words = sorted(words, key=lambda word: word_to_digit[word])
    
    # Join the sorted words back into a single string
    return ' '.join(sorted_words)",raw_generations/HumanEval_19/constraint_guided_sample0.py,,,True,,0,,0.0,0.0,3.0,3.0,100.0,outputs\reports\static_analysis\pylint\HumanEval_19__constraint_guided__sample0__final_pylint.txt,outputs\reports\static_analysis\bandit\HumanEval_19__constraint_guided__sample0__final_bandit.json,outputs\reports\static_analysis\bandit\HumanEval_19__constraint_guided__sample0__final_bandit.stderr.txt,True,passed,9.0,9.0,8.0,9.0,9.0,9.0,"Clean, efficient, and well-structured code with minor edge-case handling improvements needed.",,,
HumanEval/19,sort_numbers,structured_cot,0,"def sort_numbers(numbers: str) -> str:
    word_to_num = {
        'zero': 0,
        'one': 1,
        'two': 2,
        'three': 3,
        'four': 4,
        'five': 5,
        'six': 6,
        'seven': 7,
        'eight': 8,
        'nine': 9
    }
    num_to_word = {v: k for k, v in word_to_num.items()}
    
    words = numbers.split()
    nums = [word_to_num[w] for w in words]
    nums.sort()
    sorted_words = [num_to_word[n] for n in nums]
    return ' '.join(sorted_words)",raw_generations/HumanEval_19/structured_cot_sample0.py,,,True,,0,,5.0,0.0,4.0,4.0,100.0,outputs\reports\static_analysis\pylint\HumanEval_19__structured_cot__sample0__final_pylint.txt,outputs\reports\static_analysis\bandit\HumanEval_19__structured_cot__sample0__final_bandit.json,outputs\reports\static_analysis\bandit\HumanEval_19__structured_cot__sample0__final_bandit.stderr.txt,True,passed,9.0,8.0,7.0,8.0,8.0,8.0,"Clean and readable code, but lacks error handling for invalid inputs and could be more concise with a custom sort key.",,,
HumanEval/19,sort_numbers,self_refine,0,"def sort_numbers(numbers: str) -> str:
    """"""
    Input is a space-delimited string of numerals from 'zero' to 'nine'.
    Valid choices are 'zero', 'one', 'two', 'three', 'four', 'five', 'six', 'seven', 'eight' and 'nine'.
    Return the string with numbers sorted from smallest to largest
    """"""
    word_to_digit = {
        'zero': 0, 'one': 1, 'two': 2, 'three': 3, 'four': 4,
        'five': 5, 'six': 6, 'seven': -1, 'eight': 8, 'nine': 9
    }
    
    # Handle empty input
    if not numbers:
        return ''
    
    # Split and filter out empty strings
    tokens = [token for token in numbers.split() if token]
    
    # Validate tokens and sort
    try:
        sorted_tokens = sorted(tokens, key=lambda word: word_to_digit[word])
    except KeyError as e:
        raise ValueError(f""Invalid number word: {e.args[0]}"") from e
    
    return ' '.join(sorted_tokens)",raw_generations/HumanEval_19/self_refine_sample0.py,"def sort_numbers(numbers: str) -> str:
    """"""
    Input is a space-delimited string of numerals from 'zero' to 'nine'.
    Valid choices are 'zero', 'one', 'two', 'three', 'four', 'five', 'six', 'seven', 'eight' and 'nine'.
    Return the string with numbers sorted from smallest to largest
    """"""
    word_to_digit = {
        'zero': 0, 'one': 1, 'two': 2, 'three': 3, 'four': 4,
        'five': 5, 'six': 6, 'seven': 7, 'eight': 8, 'nine': 9
    }
    
    # Split the input string, strip whitespace, and filter out empty strings
    tokens = [token.strip() for token in numbers.split() if token.strip()]
    
    # Sort tokens based on their numeric values
    sorted_tokens = sorted(tokens, key=lambda word: word_to_digit[word])
    
    # Join sorted tokens with a single space
    return ' '.join(sorted_tokens)",raw_generations/HumanEval_19/self_refine_sample0_initial.py,True,,0,,3.0,0.0,5.0,5.0,97.90058868134854,outputs\reports\static_analysis\pylint\HumanEval_19__self_refine__sample0__final_pylint.txt,outputs\reports\static_analysis\bandit\HumanEval_19__self_refine__sample0__final_bandit.json,outputs\reports\static_analysis\bandit\HumanEval_19__self_refine__sample0__final_bandit.stderr.txt,False,assertion_failed: ,8.0,7.0,4.0,8.0,7.0,5.0,"The code has a critical bug where 'seven' maps to -1 instead of 7, breaking sorting correctness, and it lacks proper handling of extra spaces as shown in the example.",outputs\reports\static_analysis\pylint\HumanEval_19__self_refine__sample0__initial_pylint.txt,outputs\reports\static_analysis\bandit\HumanEval_19__self_refine__sample0__initial_bandit.json,outputs\reports\static_analysis\bandit\HumanEval_19__self_refine__sample0__initial_bandit.stderr.txt
HumanEval/20,find_closest_elements,zero_shot,0,"from typing import List, Tuple


def find_closest_elements(numbers: List[float]) -> Tuple[float, float]:
    """"""
    From a supplied list of numbers (of length at least two) select and return 
    the last two elements that are the closest to each other and return them
    in order (smaller number, larger number).

    Examples:
        >>> find_closest_elements([1.0, 2.0, 3.0, 4.0, 5.0, 2.2])
        (2.0, 2.2)
        >>> find_closest_elements([1.0, 2.0, 3.0, 4.0, 5.0, 2.0])
        (2.0, 2.0)
    """"""
    min_distance = float('inf')
    result = (0.0, 0.0)
    
    for i in range(len(numbers)):
        for j in range(i + 1, len(numbers)):
            distance = abs(numbers[i] - numbers[j])
            if distance < min_distance or (distance == min_distance and max(i, j) > max(result[0], result[1])):
                min_distance = distance
                if numbers[i] <= numbers[j]:
                    result = (numbers[i], numbers[j])
                else:
                    result = (numbers[j], numbers[i])
    
    return result",raw_generations/HumanEval_20/zero_shot_sample0.py,,,True,,0,,5.38,0.0,7.0,7.0,87.9578532306371,outputs\reports\static_analysis\pylint\HumanEval_20__zero_shot__sample0__final_pylint.txt,outputs\reports\static_analysis\bandit\HumanEval_20__zero_shot__sample0__final_bandit.json,outputs\reports\static_analysis\bandit\HumanEval_20__zero_shot__sample0__final_bandit.stderr.txt,True,passed,7.0,6.0,8.0,4.0,5.0,6.0,The code is readable and mostly correct but inefficient (O(n²)) and uses non-Pythonic loops; it also has a complex condition that could be simplified.,,,
HumanEval/20,find_closest_elements,constraint_guided,0,"from typing import List, Tuple


def find_closest_elements(numbers: List[float]) -> Tuple[float, float]:
    """"""
    From a supplied list of numbers (of length at least two) select and return 
    the last two elements that are the closest to each other and return them
    in order (smaller number, larger number).

    Examples:
        >>> find_closest_elements([1.0, 2.0, 3.0, 4.0, 5.0, 2.2])
        (2.0, 2.2)
        >>> find_closest_elements([1.0, 2.0, 3.0, 4.0, 5.0, 2.0])
        (2.0, 2.0)
    """"""
    if len(numbers) < 2:
        raise ValueError(""List must contain at least two elements"")

    min_distance = float('inf')
    result_pair = (0.0, 0.0)

    # Iterate through all pairs, preferring later pairs when distances are equal
    for i in range(len(numbers)):
        for j in range(i + 1, len(numbers)):
            distance = abs(numbers[i] - numbers[j])
            # Update if distance is smaller, or equal but pair appears later
            if distance < min_distance or (distance == min_distance and (i, j) > result_pair):
                min_distance = distance
                result_pair = (min(numbers[i], numbers[j]), max(numbers[i], numbers[j]))

    return result_pair",raw_generations/HumanEval_20/constraint_guided_sample0.py,,,True,,0,,7.69,0.0,7.0,7.0,86.59107366765953,outputs\reports\static_analysis\pylint\HumanEval_20__constraint_guided__sample0__final_pylint.txt,outputs\reports\static_analysis\bandit\HumanEval_20__constraint_guided__sample0__final_bandit.json,outputs\reports\static_analysis\bandit\HumanEval_20__constraint_guided__sample0__final_bandit.stderr.txt,True,passed,8.0,7.0,6.0,4.0,7.0,6.0,"The algorithm has O(n²) time complexity which is inefficient for this problem, and the logic for selecting 'last' closest elements is flawed - it should track indices to determine which pair appears later in the list.",,,
HumanEval/20,find_closest_elements,structured_cot,0,"from typing import List, Tuple


def find_closest_elements(numbers: List[float]) -> Tuple[float, float]:
    """"""
    From a supplied list of numbers (of length at least two) select and return 
    the last two elements that are the closest to each other and return them
    in order (smaller number, larger number).

    Examples:
        >>> find_closest_elements([1.0, 2.0, 3.0, 4.0, 5.0, 2.2])
        (2.0, 2.2)
        >>> find_closest_elements([1.0, 2.0, 3.0, 4.0, 5.0, 2.0])
        (2.0, 2.0)
    """"""
    n = len(numbers)
    min_diff = float('inf')
    result = (0.0, 0.0)
    
    for i in range(n):
        for j in range(i + 1, n):
            diff = abs(numbers[i] - numbers[j])
            if diff < min_diff or (diff == min_diff and max(i, j) > max(result_index_i, result_index_j)):
                min_diff = diff
                result = (min(numbers[i], numbers[j]), max(numbers[i], numbers[j]))
                result_index_i = i
                result_index_j = j
    
    return result",raw_generations/HumanEval_20/structured_cot_sample0.py,,,True,,0,,6.43,0.0,6.0,6.0,88.64617589230598,outputs\reports\static_analysis\pylint\HumanEval_20__structured_cot__sample0__final_pylint.txt,outputs\reports\static_analysis\bandit\HumanEval_20__structured_cot__sample0__final_bandit.json,outputs\reports\static_analysis\bandit\HumanEval_20__structured_cot__sample0__final_bandit.stderr.txt,True,passed,5.0,4.0,2.0,3.0,4.0,3.0,"The code has a NameError (result_index_i/j undefined), uses O(n²) time complexity unnecessarily, and fails to correctly implement 'last two elements' logic.",,,
HumanEval/20,find_closest_elements,self_refine,0,"from typing import List, Tuple


def find_closest_elements(numbers: List[float]) -> Tuple[float, float]:
    """"""
    From a supplied list of numbers (of length at least two) select and return 
    the last two elements that are the closest to each other and return them
    in order (smaller number, larger number).

    Examples:
        >>> find_closest_elements([1.0, 2.0, 3.0, 4.0, 5.0, 2.2])
        (2.0, 2.2)
        >>> find_closest_elements([1.0, 2.0, 3.0, 4.0, 5.0, 2.0])
        (2.0, 2.0)
    """"""
    if len(numbers) < 2:
        raise ValueError(""List must contain at least two numbers"")

    min_distance = float('inf')
    best_pair = (numbers[0], numbers[1])

    # Iterate through all pairs, tracking the last closest pair found
    for i in range(len(numbers)):
        for j in range(i + 1, len(numbers)):
            distance = abs(numbers[i] - numbers[j])
            if distance < min_distance:
                min_distance = distance
                best_pair = (min(numbers[i], numbers[j]), max(numbers[i], numbers[j]))
            elif distance == min_distance:
                # Update only if this pair appears later in the list
                current_pair = (min(numbers[i], numbers[j]), max(numbers[i], numbers[j]))
                # Check if either element appears later than in current best_pair
                if (numbers.index(current_pair[0]) > numbers.index(best_pair[0]) or
                    numbers.index(current_pair[1]) > numbers.index(best_pair[1])):
                    best_pair = current_pair

    return best_pair",raw_generations/HumanEval_20/self_refine_sample0.py,"from typing import List, Tuple


def find_closest_elements(numbers: List[float]) -> Tuple[float, float]:
    """"""
    From a supplied list of numbers (of length at least two) select and return 
    the last two elements that are the closest to each other and return them
    in order (smaller number, larger number).

    Examples:
        >>> find_closest_elements([1.0, 2.0, 3.0, 4.0, 5.0, 2.2])
        (2.0, 2.2)
        >>> find_closest_elements([1.0, 2.0, 3.0, 4.0, 5.0, 2.0])
        (2.0, 2.0)
    """"""
    if len(numbers) < 2:
        raise ValueError(""List must contain at least two numbers"")

    min_distance = float('inf')
    best_pair = (numbers[0], numbers[1])

    # Iterate through all pairs, tracking the last closest pair found
    for i in range(len(numbers)):
        for j in range(i + 1, len(numbers)):
            distance = abs(numbers[i] - numbers[j])
            if distance <= min_distance:
                min_distance = distance
                best_pair = (min(numbers[i], numbers[j]), max(numbers[i], numbers[j]))

    return best_pair",raw_generations/HumanEval_20/self_refine_sample0_initial.py,True,,0,,8.24,0.0,8.0,8.0,86.1390729550271,outputs\reports\static_analysis\pylint\HumanEval_20__self_refine__sample0__final_pylint.txt,outputs\reports\static_analysis\bandit\HumanEval_20__self_refine__sample0__final_bandit.json,outputs\reports\static_analysis\bandit\HumanEval_20__self_refine__sample0__final_bandit.stderr.txt,True,passed,7.0,5.0,4.0,2.0,5.0,4.0,"The algorithm incorrectly handles 'last closest pair' logic and has O(n²) time complexity with inefficient index lookups, making it both incorrect and inefficient.",outputs\reports\static_analysis\pylint\HumanEval_20__self_refine__sample0__initial_pylint.txt,outputs\reports\static_analysis\bandit\HumanEval_20__self_refine__sample0__initial_bandit.json,outputs\reports\static_analysis\bandit\HumanEval_20__self_refine__sample0__initial_bandit.stderr.txt
HumanEval/21,rescale_to_unit,zero_shot,0,"from typing import List


def rescale_to_unit(numbers: List[float]) -> List[float]:
    """"""
    Given a list of numbers (of at least two elements), apply a linear transform to that list,
    such that the smallest number will become 0 and the largest will become 1.
    Return an empty list for any undefined edge cases.

    Example:
        >>> rescale_to_unit([1.0, 2.0, 3.0, 4.0, 5.0])
        [0.0, 0.25, 0.5, 0.75, 1.0]
    """"""
    if not numbers or len(numbers) < 2:
        return []
    
    min_val = min(numbers)
    max_val = max(numbers)
    
    if min_val == max_val:
        return []
    
    return [(x - min_val) / (max_val - min_val) for x in numbers]",raw_generations/HumanEval_21/zero_shot_sample0.py,,,True,,0,,4.44,0.0,5.0,5.0,91.31176124075807,outputs\reports\static_analysis\pylint\HumanEval_21__zero_shot__sample0__final_pylint.txt,outputs\reports\static_analysis\bandit\HumanEval_21__zero_shot__sample0__final_bandit.json,outputs\reports\static_analysis\bandit\HumanEval_21__zero_shot__sample0__final_bandit.stderr.txt,True,passed,9.0,9.0,8.0,9.0,9.0,8.0,"The code is clean and efficient, but the handling of the min_val == max_val case by returning an empty list may not align with the mathematical expectation of returning all zeros.",,,
HumanEval/21,rescale_to_unit,constraint_guided,0,"from typing import List


def rescale_to_unit(numbers: List[float]) -> List[float]:
    """"""
    Given a list of numbers (of at least two elements), apply a linear transform to that list,
    such that the smallest number will become 0 and the largest will become 1.
    Return an empty list for any undefined edge cases.
    """"""
    if not numbers or len(numbers) < 2:
        return []
    
    min_val = min(numbers)
    max_val = max(numbers)
    
    # If all numbers are equal, scaling is undefined
    if max_val == min_val:
        return []
    
    scale_factor = max_val - min_val
    return [(x - min_val) / scale_factor for x in numbers]",raw_generations/HumanEval_21/constraint_guided_sample0.py,,,True,,0,,5.0,0.0,5.0,5.0,92.50776052723864,outputs\reports\static_analysis\pylint\HumanEval_21__constraint_guided__sample0__final_pylint.txt,outputs\reports\static_analysis\bandit\HumanEval_21__constraint_guided__sample0__final_bandit.json,outputs\reports\static_analysis\bandit\HumanEval_21__constraint_guided__sample0__final_bandit.stderr.txt,True,passed,9.0,9.0,8.0,9.0,9.0,9.0,"Well-written, clean code with good edge case handling, though it could be slightly more explicit about handling the 'at least two elements' requirement.",,,
HumanEval/21,rescale_to_unit,structured_cot,0,"from typing import List

def rescale_to_unit(numbers: List[float]) -> List[float]:
    if not numbers or len(numbers) < 2:
        return []
    
    min_val = min(numbers)
    max_val = max(numbers)
    
    if min_val == max_val:
        return []
    
    return [(x - min_val) / (max_val - min_val) for x in numbers]",raw_generations/HumanEval_21/structured_cot_sample0.py,,,True,,0,,3.33,0.0,5.0,5.0,65.18621248353746,outputs\reports\static_analysis\pylint\HumanEval_21__structured_cot__sample0__final_pylint.txt,outputs\reports\static_analysis\bandit\HumanEval_21__structured_cot__sample0__final_bandit.json,outputs\reports\static_analysis\bandit\HumanEval_21__structured_cot__sample0__final_bandit.stderr.txt,True,passed,9.0,9.0,8.0,9.0,9.0,8.0,"Clean and efficient implementation, but the specification's 'empty list for any undefined edge cases' is ambiguous regarding the min==max case.",,,
HumanEval/21,rescale_to_unit,self_refine,0,"from typing import List


def rescale_to_unit(numbers: List[float]) -> List[float]:
    """"""
    Given a list of numbers (of at least two elements), apply a linear transform to that list,
    such that the smallest number will become 0 and the largest will become 1.
    Return an empty list for any undefined edge cases.

    Example:
        >>> rescale_to_unit([1.0, 2.0, 3.0, 4.0, 5.0])
        [0.0, 0.25, 0.5, 0.75, 1.0]
    """"""
    if not numbers or len(numbers) < 2:
        return []

    min_val = min(numbers)
    max_val = max(numbers)

    if max_val == min_val:
        return []

    denominator = max_val - min_val
    return [(x - min_val) / denominator for x in numbers]",raw_generations/HumanEval_21/self_refine_sample0.py,"from typing import List


def rescale_to_unit(numbers: List[float]) -> List[float]:
    """"""
    Given a list of numbers (of at least two elements), apply a linear transform to that list,
    such that the smallest number will become 0 and the largest will become 1.
    Return an empty list for any undefined edge cases.

    Example:
        >>> rescale_to_unit([1.0, 2.0, 3.0, 4.0, 5.0])
        [0.0, 0.25, 0.5, 0.75, 1.0]
    """"""
    if not numbers or len(numbers) < 2:
        return []

    min_val = min(numbers)
    max_val = max(numbers)

    # If all numbers are equal, scaling is undefined
    if max_val == min_val:
        return []

    # Apply linear transformation: (x - min) / (max - min)
    denominator = max_val - min_val
    return [(x - min_val) / denominator for x in numbers]",raw_generations/HumanEval_21/self_refine_sample0_initial.py,True,,0,,8.0,0.0,5.0,5.0,91.36564722859343,outputs\reports\static_analysis\pylint\HumanEval_21__self_refine__sample0__final_pylint.txt,outputs\reports\static_analysis\bandit\HumanEval_21__self_refine__sample0__final_bandit.json,outputs\reports\static_analysis\bandit\HumanEval_21__self_refine__sample0__final_bandit.stderr.txt,True,passed,9.0,9.0,8.0,9.0,9.0,9.0,"Clean, efficient, and well-documented code, but the handling of equal min and max values (returning empty list) may be a design choice that could be clarified or reconsidered.",outputs\reports\static_analysis\pylint\HumanEval_21__self_refine__sample0__initial_pylint.txt,outputs\reports\static_analysis\bandit\HumanEval_21__self_refine__sample0__initial_bandit.json,outputs\reports\static_analysis\bandit\HumanEval_21__self_refine__sample0__initial_bandit.stderr.txt
HumanEval/22,filter_integers,zero_shot,0,"from typing import List


def filter_integers(values: List[str]) -> List[int]:
    """"""
    Filter given list of string values only for integers.

    Example:
        >>> filter_integers(['10', ' 123 ', '5.0', three', 'abc', '{}'])
        [10]
    """"""
    result = []
    for value in values:
        try:
            # Strip whitespace and try to convert to int
            stripped = value.strip()
            # Check if it's a valid integer string (no decimal point)
            if stripped.isdigit():
                result.append(int(stripped))
            else:
                # Try direct conversion for cases like negative numbers
                int_val = int(stripped)
                result.append(int_val)
        except ValueError:
            continue
    return result",raw_generations/HumanEval_22/zero_shot_sample0.py,,,True,,0,,8.46,0.0,4.0,4.0,100.0,outputs\reports\static_analysis\pylint\HumanEval_22__zero_shot__sample0__final_pylint.txt,outputs\reports\static_analysis\bandit\HumanEval_22__zero_shot__sample0__final_bandit.json,outputs\reports\static_analysis\bandit\HumanEval_22__zero_shot__sample0__final_bandit.stderr.txt,False,assertion_failed: ,7.0,6.0,5.0,8.0,5.0,6.0,The code has logic issues (isdigit() fails for negative numbers) and is not Pythonic; it should use list comprehension with proper integer conversion.,,,
HumanEval/22,filter_integers,constraint_guided,0,"from typing import List


def filter_integers(values: List[str]) -> List[int]:
    """"""
    Filter given list of string values only for integers.

    Example:
        >>> filter_integers(['10', ' 123 ', '5.0', three', 'abc', '{}'])
        [10]
    """"""
    result = []
    for value in values:
        stripped = value.strip()
        if stripped.lstrip('-').isdigit():
            result.append(int(stripped))
    return result",raw_generations/HumanEval_22/constraint_guided_sample0.py,,,True,,0,,7.5,0.0,3.0,3.0,100.0,outputs\reports\static_analysis\pylint\HumanEval_22__constraint_guided__sample0__final_pylint.txt,outputs\reports\static_analysis\bandit\HumanEval_22__constraint_guided__sample0__final_bandit.json,outputs\reports\static_analysis\bandit\HumanEval_22__constraint_guided__sample0__final_bandit.stderr.txt,False,assertion_failed: ,8.0,7.0,6.0,8.0,7.0,7.0,"The code is generally readable and efficient, but it incorrectly handles negative integers and fails to filter out non-integer numeric strings like '5.0' as specified in the example.",,,
HumanEval/22,filter_integers,structured_cot,0,"from typing import List


def filter_integers(values: List[str]) -> List[int]:
    """"""
    Filter given list of string values only for integers.

    Example:
        >>> filter_integers(['10', ' 123 ', '5.0', three', 'abc', '{}'])
        [10]
    """"""
    result = []
    for value in values:
        try:
            # Strip whitespace and try to convert to int
            stripped = value.strip()
            # Check if it's a valid integer representation
            if stripped.lstrip('-').isdigit() or (stripped.startswith('-') and stripped[1:].isdigit()):
                result.append(int(stripped))
        except (ValueError, AttributeError):
            continue
    return result",raw_generations/HumanEval_22/structured_cot_sample0.py,,,True,,0,,7.27,0.0,6.0,6.0,95.99346476517144,outputs\reports\static_analysis\pylint\HumanEval_22__structured_cot__sample0__final_pylint.txt,outputs\reports\static_analysis\bandit\HumanEval_22__structured_cot__sample0__final_bandit.json,outputs\reports\static_analysis\bandit\HumanEval_22__structured_cot__sample0__final_bandit.stderr.txt,False,assertion_failed: ,7.0,6.0,5.0,7.0,5.0,6.0,The code has logic issues with negative integer detection and is not Pythonic; it should use try/except directly without manual validation.,,,
HumanEval/22,filter_integers,self_refine,0,"from typing import List


def filter_integers(values: List[str]) -> List[int]:
    """"""
    Filter given list of string values only for integers.
    """"""
    result = []
    for value in values:
        stripped = value.strip()
        # Check if it's a valid integer (allows negative numbers)
        if stripped.lstrip('-').isdigit() and stripped.count('-') <= 1:
            # Ensure it's not just a minus sign
            if stripped != '-' and (not stripped.startswith('-') or len(stripped) > 1):
                result.append(int(stripped))
    return result",raw_generations/HumanEval_22/self_refine_sample0.py,"from typing import List


def filter_integers(values: List[str]) -> List[int]:
    """"""
    Filter given list of string values only for integers.
    """"""
    result = []
    for value in values:
        stripped = value.strip()
        if stripped.isdigit():
            result.append(int(stripped))
    return result",raw_generations/HumanEval_22/self_refine_sample0_initial.py,True,,0,,7.78,0.0,7.0,7.0,93.02214822540726,outputs\reports\static_analysis\pylint\HumanEval_22__self_refine__sample0__final_pylint.txt,outputs\reports\static_analysis\bandit\HumanEval_22__self_refine__sample0__final_bandit.json,outputs\reports\static_analysis\bandit\HumanEval_22__self_refine__sample0__final_bandit.stderr.txt,False,assertion_failed: ,7.0,6.0,8.0,8.0,6.0,7.0,The code is mostly correct and efficient but uses a non-idiomatic integer validation approach; a try-except block would be more Pythonic and maintainable.,outputs\reports\static_analysis\pylint\HumanEval_22__self_refine__sample0__initial_pylint.txt,outputs\reports\static_analysis\bandit\HumanEval_22__self_refine__sample0__initial_bandit.json,outputs\reports\static_analysis\bandit\HumanEval_22__self_refine__sample0__initial_bandit.stderr.txt
HumanEval/23,strlen,zero_shot,0,"def strlen(string: str) -> int:
    """"""
    Return the length of the given string.

    Example:
        >>> strlen('abc')
        3
    """"""
    return len(string)",raw_generations/HumanEval_23/zero_shot_sample0.py,,,True,,0,,0.0,0.0,1.0,1.0,100.0,outputs\reports\static_analysis\pylint\HumanEval_23__zero_shot__sample0__final_pylint.txt,outputs\reports\static_analysis\bandit\HumanEval_23__zero_shot__sample0__final_bandit.json,outputs\reports\static_analysis\bandit\HumanEval_23__zero_shot__sample0__final_bandit.stderr.txt,True,passed,10.0,10.0,10.0,10.0,10.0,10.0,"Perfect implementation: clear, direct, and uses built-in functionality appropriately.",,,
HumanEval/23,strlen,constraint_guided,0,"def strlen(string: str) -> int:
    """"""
    Return the length of the given string.
    """"""
    return len(string)",raw_generations/HumanEval_23/constraint_guided_sample0.py,,,True,,0,,0.0,0.0,1.0,1.0,100.0,outputs\reports\static_analysis\pylint\HumanEval_23__constraint_guided__sample0__final_pylint.txt,outputs\reports\static_analysis\bandit\HumanEval_23__constraint_guided__sample0__final_bandit.json,outputs\reports\static_analysis\bandit\HumanEval_23__constraint_guided__sample0__final_bandit.stderr.txt,True,passed,10.0,10.0,10.0,10.0,10.0,10.0,"Perfectly simple and correct implementation that directly uses Python's built-in len function, with clear documentation and type hints.",,,
HumanEval/23,strlen,structured_cot,0,"def strlen(string: str) -> int:
    """"""
    Return the length of the given string.

    Example:
        >>> strlen('abc')
        3
    """"""
    length = 0
    for _ in string:
        length += 1
    return length",raw_generations/HumanEval_23/structured_cot_sample0.py,,,True,,0,,6.0,0.0,2.0,2.0,100.0,outputs\reports\static_analysis\pylint\HumanEval_23__structured_cot__sample0__final_pylint.txt,outputs\reports\static_analysis\bandit\HumanEval_23__structured_cot__sample0__final_bandit.json,outputs\reports\static_analysis\bandit\HumanEval_23__structured_cot__sample0__final_bandit.stderr.txt,True,passed,8.0,7.0,10.0,2.0,3.0,6.0,The code correctly computes string length but is inefficient and non-idiomatic; it should directly use Python's built-in len() function.,,,
HumanEval/23,strlen,self_refine,0,"def strlen(string: str) -> int:
    """"""
    Return the length of the given string.

    Example:
        >>> strlen('abc')
        3
    """"""
    if not isinstance(string, str):
        raise TypeError(""Input must be a string"")
    return len(string)",raw_generations/HumanEval_23/self_refine_sample0.py,"def strlen(string: str) -> int:
    """"""
    Return the length of the given string.

    Example:
        >>> strlen('abc')
        3
    """"""
    length = 0
    for _ in string:
        length += 1
    return length",raw_generations/HumanEval_23/self_refine_sample0_initial.py,True,,0,,5.0,0.0,2.0,2.0,98.9780704293121,outputs\reports\static_analysis\pylint\HumanEval_23__self_refine__sample0__final_pylint.txt,outputs\reports\static_analysis\bandit\HumanEval_23__self_refine__sample0__final_bandit.json,outputs\reports\static_analysis\bandit\HumanEval_23__self_refine__sample0__final_bandit.stderr.txt,True,passed,9.0,8.0,9.0,10.0,7.0,8.0,"The code is clear and correct, but the type check is redundant due to Python's type hints and dynamic nature, making it less Pythonic.",outputs\reports\static_analysis\pylint\HumanEval_23__self_refine__sample0__initial_pylint.txt,outputs\reports\static_analysis\bandit\HumanEval_23__self_refine__sample0__initial_bandit.json,outputs\reports\static_analysis\bandit\HumanEval_23__self_refine__sample0__initial_bandit.stderr.txt
HumanEval/24,largest_divisor,zero_shot,0,"def largest_divisor(n: int) -> int:
    if n <= 1:
        return -1
    for i in range(n - 1, 0, -1):
        if n % i == 0:
            return i
    return -1",raw_generations/HumanEval_24/zero_shot_sample0.py,,,True,,0,,5.71,0.0,4.0,4.0,68.58683423504671,outputs\reports\static_analysis\pylint\HumanEval_24__zero_shot__sample0__final_pylint.txt,outputs\reports\static_analysis\bandit\HumanEval_24__zero_shot__sample0__final_bandit.json,outputs\reports\static_analysis\bandit\HumanEval_24__zero_shot__sample0__final_bandit.stderr.txt,True,passed,8.0,7.0,8.0,4.0,6.0,6.0,The code is simple and readable but inefficient for large inputs; it lacks algorithmic optimization and could be more Pythonic.,,,
HumanEval/24,largest_divisor,constraint_guided,0,"def largest_divisor(n: int) -> int:
    """"""
    Find the largest number that divides n evenly, smaller than n.
    Return -1 if such a number does not exist.
    """"""
    if n <= 1:
        return -1
    
    for d in range(n - 1, 0, -1):
        if n % d == 0:
            return d
    
    return -1",raw_generations/HumanEval_24/constraint_guided_sample0.py,,,True,,0,,4.29,0.0,4.0,4.0,96.56127628901618,outputs\reports\static_analysis\pylint\HumanEval_24__constraint_guided__sample0__final_pylint.txt,outputs\reports\static_analysis\bandit\HumanEval_24__constraint_guided__sample0__final_bandit.json,outputs\reports\static_analysis\bandit\HumanEval_24__constraint_guided__sample0__final_bandit.stderr.txt,True,passed,9.0,8.0,8.0,3.0,7.0,7.0,The code is clear and correct but inefficient for large n; it should iterate only up to sqrt(n) to find the largest divisor.,,,
HumanEval/24,largest_divisor,structured_cot,0,"def largest_divisor(n: int) -> int:
    if n <= 1:
        return -1
    for i in range(n - 1, 0, -1):
        if n % i == 0:
            return i
    return -1",raw_generations/HumanEval_24/structured_cot_sample0.py,,,True,,0,,5.71,0.0,4.0,4.0,68.58683423504671,outputs\reports\static_analysis\pylint\HumanEval_24__structured_cot__sample0__final_pylint.txt,outputs\reports\static_analysis\bandit\HumanEval_24__structured_cot__sample0__final_bandit.json,outputs\reports\static_analysis\bandit\HumanEval_24__structured_cot__sample0__final_bandit.stderr.txt,True,passed,9.0,8.0,8.0,3.0,7.0,7.0,The code is clear and correct but inefficient for large inputs; it could be optimized by checking divisors up to sqrt(n).,,,
HumanEval/24,largest_divisor,self_refine,0,"def largest_divisor(n: int) -> int:
    """"""
    Find the largest number that divides n evenly, smaller than n.
    Return -1 if such a number does not exist.
    """"""
    if n <= 1:
        return -1
    for d in range(n // 2, 0, -1):
        if n % d == 0:
            return d
    return -1",raw_generations/HumanEval_24/self_refine_sample0.py,"def largest_divisor(n: int) -> int:
    """"""
    Find the largest number that divides n evenly, smaller than n.
    Return -1 if such a number does not exist.
    """"""
    if n <= 1:
        return -1
    
    # Start from n-1 and go downwards
    for d in range(n - 1, 0, -1):
        if n % d == 0:
            return d
    
    return -1",raw_generations/HumanEval_24/self_refine_sample0_initial.py,True,,0,,7.14,0.0,4.0,4.0,96.43793916859873,outputs\reports\static_analysis\pylint\HumanEval_24__self_refine__sample0__final_pylint.txt,outputs\reports\static_analysis\bandit\HumanEval_24__self_refine__sample0__final_bandit.json,outputs\reports\static_analysis\bandit\HumanEval_24__self_refine__sample0__final_bandit.stderr.txt,True,passed,9.0,8.0,9.0,6.0,8.0,8.0,The code is clear and correct but inefficient for large inputs; it could be optimized by checking divisors up to sqrt(n).,outputs\reports\static_analysis\pylint\HumanEval_24__self_refine__sample0__initial_pylint.txt,outputs\reports\static_analysis\bandit\HumanEval_24__self_refine__sample0__initial_bandit.json,outputs\reports\static_analysis\bandit\HumanEval_24__self_refine__sample0__initial_bandit.stderr.txt
HumanEval/25,factorize,zero_shot,0,"from typing import List


def factorize(n: int) -> List[int]:
    """"""
    Return a list of prime factors of the given integer in the order of smallest to largest.
    Each of the factors should be listed as often as it appears in the factorization.
    The input number should be equal to the product of all factors.

    Examples:
        >>> factorize(8)
        [2, 2, 2]
        >>> factorize(25)
        [5, 5]
        >>> factorize(70)
        [2, 5, 7]
    """"""
    factors = []
    d = 2
    while d * d <= n:
        while n % d == 0:
            factors.append(d)
            n //= d
        d += 1 if d == 2 else 2
    if n > 1:
        factors.append(n)
    return factors",raw_generations/HumanEval_25/zero_shot_sample0.py,,,True,,0,,8.33,0.0,5.0,5.0,86.86200935661022,outputs\reports\static_analysis\pylint\HumanEval_25__zero_shot__sample0__final_pylint.txt,outputs\reports\static_analysis\bandit\HumanEval_25__zero_shot__sample0__final_bandit.json,outputs\reports\static_analysis\bandit\HumanEval_25__zero_shot__sample0__final_bandit.stderr.txt,True,passed,8.0,7.0,9.0,8.0,7.0,8.0,"The code is clear and efficient, but the prime-checking optimization is slightly non-standard and could be more explicit for maintainability.",,,
HumanEval/25,factorize,constraint_guided,0,"from typing import List


def factorize(n: int) -> List[int]:
    """"""
    Return a list of prime factors of the given integer in the order of smallest to largest.
    Each of the factors should be listed as often as it appears in the factorization.
    The input number should be equal to the product of all factors.

    Examples:
        >>> factorize(8)
        [2, 2, 2]
        >>> factorize(25)
        [5, 5]
        >>> factorize(70)
        [2, 5, 7]
    """"""
    if n <= 1:
        return []
    
    factors = []
    divisor = 2
    
    while divisor * divisor <= n:
        while n % divisor == 0:
            factors.append(divisor)
            n //= divisor
        divisor += 1 if divisor == 2 else 2  # Check 2, then odd numbers
    
    if n > 1:
        factors.append(n)
    
    return factors",raw_generations/HumanEval_25/constraint_guided_sample0.py,,,True,,0,,5.71,0.0,6.0,6.0,85.99892581383372,outputs\reports\static_analysis\pylint\HumanEval_25__constraint_guided__sample0__final_pylint.txt,outputs\reports\static_analysis\bandit\HumanEval_25__constraint_guided__sample0__final_bandit.json,outputs\reports\static_analysis\bandit\HumanEval_25__constraint_guided__sample0__final_bandit.stderr.txt,True,passed,9.0,9.0,8.0,8.0,8.0,8.0,"The code is clean and efficient, but it incorrectly handles n=1 by returning an empty list instead of [1] and could be more Pythonic with a for loop over a range of divisors.",,,
HumanEval/25,factorize,structured_cot,0,"from typing import List


def factorize(n: int) -> List[int]:
    """"""
    Return a list of prime factors of the given integer in the order of smallest to largest.
    Each of the factors should be listed as often as it appears in the factorization.
    The input number should be equal to the product of all factors.

    Examples:
        >>> factorize(8)
        [2, 2, 2]
        >>> factorize(25)
        [5, 5]
        >>> factorize(70)
        [2, 5, 7]
    """"""
    if n <= 1:
        return []
    
    factors = []
    d = 2
    while d * d <= n:
        while n % d == 0:
            factors.append(d)
            n //= d
        d += 1 if d == 2 else 2
    
    if n > 1:
        factors.append(n)
    
    return factors",raw_generations/HumanEval_25/structured_cot_sample0.py,,,True,,0,,6.43,0.0,6.0,6.0,86.8625958073206,outputs\reports\static_analysis\pylint\HumanEval_25__structured_cot__sample0__final_pylint.txt,outputs\reports\static_analysis\bandit\HumanEval_25__structured_cot__sample0__final_bandit.json,outputs\reports\static_analysis\bandit\HumanEval_25__structured_cot__sample0__final_bandit.stderr.txt,True,passed,8.0,7.0,6.0,7.0,7.0,7.0,"The code is generally readable and efficient, but it has a correctness issue with the prime factor algorithm's divisor increment logic, which may produce incorrect results for some numbers.",,,
HumanEval/25,factorize,self_refine,0,"from typing import List


def factorize(n: int) -> List[int]:
    """"""
    Return a list of prime factors of the given integer in the order of smallest to largest.
    Each of the factors should be listed as often as it appears in the factorization.
    The input number should be equal to the product of all factors.

    Examples:
        >>> factorize(8)
        [2, 2, 2]
        >>> factorize(25)
        [5, 5]
        >>> factorize(70)
        [2, 5, 7]
    """"""
    if n <= 1:
        return []

    factors = []
    divisor = 2

    while divisor * divisor <= n:
        while n % divisor == 0:
            factors.append(divisor)
            n //= divisor
        divisor += 1 if divisor == 2 else 2

    if n > 1:
        factors.append(n)

    return factors",raw_generations/HumanEval_25/self_refine_sample0.py,"from typing import List


def factorize(n: int) -> List[int]:
    """"""
    Return a list of prime factors of the given integer in the order of smallest to largest.
    Each of the factors should be listed as often as it appears in the factorization.
    The input number should be equal to the product of all factors.

    Examples:
        >>> factorize(8)
        [2, 2, 2]
        >>> factorize(25)
        [5, 5]
        >>> factorize(70)
        [2, 5, 7]
    """"""
    if n <= 1:
        return []
    
    factors = []
    divisor = 2
    
    while divisor * divisor <= n:
        while n % divisor == 0:
            factors.append(divisor)
            n //= divisor
        divisor += 1 if divisor == 2 else 2
    
    if n > 1:
        factors.append(n)
    
    return factors",raw_generations/HumanEval_25/self_refine_sample0_initial.py,True,,0,,8.57,0.0,6.0,6.0,86.8625958073206,outputs\reports\static_analysis\pylint\HumanEval_25__self_refine__sample0__final_pylint.txt,outputs\reports\static_analysis\bandit\HumanEval_25__self_refine__sample0__final_bandit.json,outputs\reports\static_analysis\bandit\HumanEval_25__self_refine__sample0__final_bandit.stderr.txt,True,passed,8.0,7.0,6.0,7.0,7.0,7.0,"The code is generally clear and efficient but fails to handle edge cases like negative numbers and zero correctly, and the divisor increment logic could be more explicit.",outputs\reports\static_analysis\pylint\HumanEval_25__self_refine__sample0__initial_pylint.txt,outputs\reports\static_analysis\bandit\HumanEval_25__self_refine__sample0__initial_bandit.json,outputs\reports\static_analysis\bandit\HumanEval_25__self_refine__sample0__initial_bandit.stderr.txt
HumanEval/26,remove_duplicates,zero_shot,0,"from typing import List


def remove_duplicates(numbers: List[int]) -> List[int]:
    """"""
    From a list of integers, remove all the elements that occur more than once.
    Keep the order of the elements the same as in the input.

    Example:
        >>> remove_duplicates([1, 2, 3, 2, 4])
        [1, 3, 4]
    """"""
    seen = {}
    for num in numbers:
        seen[num] = seen.get(num, 0) + 1
    return [num for num in numbers if seen[num] == 1]",raw_generations/HumanEval_26/zero_shot_sample0.py,,,True,,0,,6.67,0.0,4.0,4.0,95.98437067756296,outputs\reports\static_analysis\pylint\HumanEval_26__zero_shot__sample0__final_pylint.txt,outputs\reports\static_analysis\bandit\HumanEval_26__zero_shot__sample0__final_bandit.json,outputs\reports\static_analysis\bandit\HumanEval_26__zero_shot__sample0__final_bandit.stderr.txt,True,passed,8.0,7.0,8.0,7.0,7.0,7.0,"The code is clear and functional but uses two passes over the list and a dictionary for counting, which is less efficient than using collections.Counter and could be more Pythonic.",,,
HumanEval/26,remove_duplicates,constraint_guided,0,"from typing import List
from collections import Counter


def remove_duplicates(numbers: List[int]) -> List[int]:
    """"""
    From a list of integers, remove all the elements that occur more than once.
    Keep the order of the elements the same as in the input.

    Example:
        >>> remove_duplicates([1, 2, 3, 2, 4])
        [1, 3, 4]
    """"""
    count = Counter(numbers)
    return [num for num in numbers if count[num] == 1]",raw_generations/HumanEval_26/constraint_guided_sample0.py,,,True,,0,,6.0,0.0,3.0,3.0,96.48998755042926,outputs\reports\static_analysis\pylint\HumanEval_26__constraint_guided__sample0__final_pylint.txt,outputs\reports\static_analysis\bandit\HumanEval_26__constraint_guided__sample0__final_bandit.json,outputs\reports\static_analysis\bandit\HumanEval_26__constraint_guided__sample0__final_bandit.stderr.txt,True,passed,9.0,-10.0,10.0,8.0,9.0,9.0,"The code is clear, correct, and efficient, but the maintainability score is incorrectly negative; it should be high due to good modularity and adherence to DRY principles.",,,
HumanEval/26,remove_duplicates,structured_cot,0,"from typing import List


def remove_duplicates(numbers: List[int]) -> List[int]:
    """"""
    From a list of integers, remove all the elements that occur more than once.
    Keep the order of the elements the same as in the input.

    Example:
        >>> remove_duplicates([1, 2, 3, 2, 4])
        [1, 3, 4]
    """"""
    result = []
    seen = {}
    
    for num in numbers:
        if num not in seen:
            seen[num] = 1
        else:
            seen[num] += 1
    
    for num in numbers:
        if seen[num] == 1:
            result.append(num)
    
    return result",raw_generations/HumanEval_26/structured_cot_sample0.py,,,True,,0,,5.83,0.0,5.0,5.0,93.50623675451301,outputs\reports\static_analysis\pylint\HumanEval_26__structured_cot__sample0__final_pylint.txt,outputs\reports\static_analysis\bandit\HumanEval_26__structured_cot__sample0__final_bandit.json,outputs\reports\static_analysis\bandit\HumanEval_26__structured_cot__sample0__final_bandit.stderr.txt,True,passed,8.0,7.0,9.0,8.0,7.0,8.0,The code is clear and correct but uses two passes and a dictionary where collections.Counter would be more Pythonic and efficient.,,,
HumanEval/26,remove_duplicates,self_refine,0,"from typing import List
from collections import Counter


def remove_duplicates(numbers: List[int]) -> List[int]:
    """"""
    From a list of integers, remove all the elements that occur more than once.
    Keep the order of the elements the same as in the input.

    Example:
        >>> remove_duplicates([1, 2, 3, 2, 4])
        [1, 3, 4]
    """"""
    if not numbers:
        return []
    
    frequency = Counter(numbers)
    return [num for num in numbers if frequency[num] == 1]",raw_generations/HumanEval_26/self_refine_sample0.py,"from typing import List
from collections import Counter


def remove_duplicates(numbers: List[int]) -> List[int]:
    """"""
    From a list of integers, remove all the elements that occur more than once.
    Keep the order of the elements the same as in the input.

    Example:
        >>> remove_duplicates([1, 2, 3, 2, 4])
        [1, 3, 4]
    """"""
    # Count occurrences of each number
    frequency = Counter(numbers)
    # Filter numbers that appear exactly once, preserving original order
    return [num for num in numbers if frequency[num] == 1]",raw_generations/HumanEval_26/self_refine_sample0_initial.py,True,,0,,5.71,0.0,4.0,4.0,97.94845243056453,outputs\reports\static_analysis\pylint\HumanEval_26__self_refine__sample0__final_pylint.txt,outputs\reports\static_analysis\bandit\HumanEval_26__self_refine__sample0__final_bandit.json,outputs\reports\static_analysis\bandit\HumanEval_26__self_refine__sample0__final_bandit.stderr.txt,True,passed,9.0,9.0,10.0,8.0,9.0,9.0,"Clean, efficient implementation with good use of Counter, though slightly suboptimal memory usage for large lists.",outputs\reports\static_analysis\pylint\HumanEval_26__self_refine__sample0__initial_pylint.txt,outputs\reports\static_analysis\bandit\HumanEval_26__self_refine__sample0__initial_bandit.json,outputs\reports\static_analysis\bandit\HumanEval_26__self_refine__sample0__initial_bandit.stderr.txt
HumanEval/27,flip_case,zero_shot,0,"def flip_case(string: str) -> str:
    return string.swapcase()",raw_generations/HumanEval_27/zero_shot_sample0.py,,,True,,0,,0.0,0.0,1.0,1.0,100.0,outputs\reports\static_analysis\pylint\HumanEval_27__zero_shot__sample0__final_pylint.txt,outputs\reports\static_analysis\bandit\HumanEval_27__zero_shot__sample0__final_bandit.json,outputs\reports\static_analysis\bandit\HumanEval_27__zero_shot__sample0__final_bandit.stderr.txt,True,passed,10.0,10.0,10.0,10.0,10.0,10.0,"Perfect implementation using built-in method, fully correct and idiomatic.",,,
HumanEval/27,flip_case,constraint_guided,0,"def flip_case(string: str) -> str:
    """"""
    For a given string, flip lowercase characters to uppercase and uppercase to lowercase.
    """"""
    result_chars = []
    for char in string:
        if char.islower():
            result_chars.append(char.upper())
        elif char.isupper():
            result_chars.append(char.lower())
        else:
            result_chars.append(char)
    return ''.join(result_chars)",raw_generations/HumanEval_27/constraint_guided_sample0.py,,,True,,0,,7.78,0.0,4.0,4.0,100.0,outputs\reports\static_analysis\pylint\HumanEval_27__constraint_guided__sample0__final_pylint.txt,outputs\reports\static_analysis\bandit\HumanEval_27__constraint_guided__sample0__final_bandit.json,outputs\reports\static_analysis\bandit\HumanEval_27__constraint_guided__sample0__final_bandit.stderr.txt,True,passed,9.0,9.0,10.0,8.0,7.0,8.0,"The code is clear, correct, and maintainable, but could be more Pythonic and slightly more efficient by using a generator expression or str.translate.",,,
HumanEval/27,flip_case,structured_cot,0,"def flip_case(string: str) -> str:
    result = []
    for char in string:
        if char.islower():
            result.append(char.upper())
        elif char.isupper():
            result.append(char.lower())
        else:
            result.append(char)
    return ''.join(result)",raw_generations/HumanEval_27/structured_cot_sample0.py,,,True,,0,,6.67,0.0,4.0,4.0,100.0,outputs\reports\static_analysis\pylint\HumanEval_27__structured_cot__sample0__final_pylint.txt,outputs\reports\static_analysis\bandit\HumanEval_27__structured_cot__sample0__final_bandit.json,outputs\reports\static_analysis\bandit\HumanEval_27__structured_cot__sample0__final_bandit.stderr.txt,True,passed,8.0,7.0,9.0,8.0,6.0,7.0,The code is clear and correct but could be more Pythonic using list comprehension or str.swapcase().,,,
HumanEval/27,flip_case,self_refine,0,"def flip_case(string: str) -> str:
    """"""
    For a given string, flip lowercase characters to uppercase and uppercase to lowercase.
    """"""
    return ''.join(
        char.upper() if char.islower() else
        char.lower() if char.isupper() else
        char
        for char in string
    )",raw_generations/HumanEval_27/self_refine_sample0.py,"def flip_case(string: str) -> str:
    """"""
    For a given string, flip lowercase characters to uppercase and uppercase to lowercase.
    """"""
    result_chars = []
    for char in string:
        if char.islower():
            result_chars.append(char.upper())
        elif char.isupper():
            result_chars.append(char.lower())
        else:
            result_chars.append(char)
    return ''.join(result_chars)",raw_generations/HumanEval_27/self_refine_sample0_initial.py,True,,0,,0.0,0.0,4.0,4.0,100.0,outputs\reports\static_analysis\pylint\HumanEval_27__self_refine__sample0__final_pylint.txt,outputs\reports\static_analysis\bandit\HumanEval_27__self_refine__sample0__final_bandit.json,outputs\reports\static_analysis\bandit\HumanEval_27__self_refine__sample0__final_bandit.stderr.txt,True,passed,9.0,9.0,9.0,9.0,9.0,9.0,"Clean, efficient, and Pythonic implementation using a generator expression with proper conditional logic for case flipping.",outputs\reports\static_analysis\pylint\HumanEval_27__self_refine__sample0__initial_pylint.txt,outputs\reports\static_analysis\bandit\HumanEval_27__self_refine__sample0__initial_bandit.json,outputs\reports\static_analysis\bandit\HumanEval_27__self_refine__sample0__initial_bandit.stderr.txt
HumanEval/28,concatenate,zero_shot,0,"from typing import List


def concatenate(strings: List[str]) -> str:
    """"""
    Concatenate list of strings into a single string.

    Example:
        >>> concatenate(['a', 'b', 'c'])
        'abc'
    """"""
    return ''.join(strings)",raw_generations/HumanEval_28/zero_shot_sample0.py,,,True,,0,,3.33,0.0,1.0,1.0,100.0,outputs\reports\static_analysis\pylint\HumanEval_28__zero_shot__sample0__final_pylint.txt,outputs\reports\static_analysis\bandit\HumanEval_28__zero_shot__sample0__final_bandit.json,outputs\reports\static_analysis\bandit\HumanEval_28__zero_shot__sample0__final_bandit.stderr.txt,True,passed,9.0,9.0,10.0,10.0,10.0,9.0,"Clean, efficient, and idiomatic implementation using str.join, with proper type hints and documentation.",,,
HumanEval/28,concatenate,constraint_guided,0,"from typing import List


def concatenate(strings: List[str]) -> str:
    """"""
    Concatenate list of strings into a single string.

    Example:
        >>> concatenate(['a', 'b', 'c'])
        'abc'
    """"""
    return ''.join(strings)",raw_generations/HumanEval_28/constraint_guided_sample0.py,,,True,,0,,3.33,0.0,1.0,1.0,100.0,outputs\reports\static_analysis\pylint\HumanEval_28__constraint_guided__sample0__final_pylint.txt,outputs\reports\static_analysis\bandit\HumanEval_28__constraint_guided__sample0__final_bandit.json,outputs\reports\static_analysis\bandit\HumanEval_28__constraint_guided__sample0__final_bandit.stderr.txt,True,passed,9.0,9.0,10.0,10.0,10.0,9.0,"Excellent implementation using Python's built-in join method, which is both efficient and idiomatic, with proper type hints and documentation.",,,
HumanEval/28,concatenate,structured_cot,0,"from typing import List


def concatenate(strings: List[str]) -> str:
    """"""
    Concatenate list of strings into a single string.

    Example:
        >>> concatenate(['a', 'b', 'c'])
        'abc'
    """"""
    return ''.join(strings)",raw_generations/HumanEval_28/structured_cot_sample0.py,,,True,,0,,3.33,0.0,1.0,1.0,100.0,outputs\reports\static_analysis\pylint\HumanEval_28__structured_cot__sample0__final_pylint.txt,outputs\reports\static_analysis\bandit\HumanEval_28__structured_cot__sample0__final_bandit.json,outputs\reports\static_analysis\bandit\HumanEval_28__structured_cot__sample0__final_bandit.stderr.txt,True,passed,9.0,9.0,10.0,10.0,10.0,9.0,"Excellent implementation using Python's built-in join method, which is both efficient and idiomatic, with proper type hints and documentation.",,,
HumanEval/28,concatenate,self_refine,0,"from typing import List


def concatenate(strings: List[str]) -> str:
    """"""
    Concatenate list of strings into a single string.

    Example:
        >>> concatenate(['a', 'b', 'c'])
        'abc'
    """"""
    if not strings:
        return ''
    return ''.join(strings)",raw_generations/HumanEval_28/self_refine_sample0.py,"def concatenate(strings: List[str]) -> str:
    """"""
    Concatenate list of strings into a single string.
    """"""
    return ''.join(strings)",raw_generations/HumanEval_28/self_refine_sample0_initial.py,True,,0,,6.0,0.0,2.0,2.0,100.0,outputs\reports\static_analysis\pylint\HumanEval_28__self_refine__sample0__final_pylint.txt,outputs\reports\static_analysis\bandit\HumanEval_28__self_refine__sample0__final_bandit.json,outputs\reports\static_analysis\bandit\HumanEval_28__self_refine__sample0__final_bandit.stderr.txt,True,passed,9.0,9.0,10.0,10.0,10.0,9.0,"Clean, efficient, and idiomatic implementation using str.join with proper edge case handling.",outputs\reports\static_analysis\pylint\HumanEval_28__self_refine__sample0__initial_pylint.txt,outputs\reports\static_analysis\bandit\HumanEval_28__self_refine__sample0__initial_bandit.json,outputs\reports\static_analysis\bandit\HumanEval_28__self_refine__sample0__initial_bandit.stderr.txt
HumanEval/29,filter_by_prefix,zero_shot,0,"from typing import List


def filter_by_prefix(strings: List[str], prefix: str) -> List[str]:
    """"""
    Filter an input list of strings only for ones that start with a given prefix.

    Examples:
        >>> filter_by_prefix([], 'a')
        []
        >>> filter_by_prefix(['abc', 'bcd', 'cde', 'array'], 'a')
        ['abc', 'array']
    """"""
    return [s for s in strings if s.startswith(prefix)]",raw_generations/HumanEval_29/zero_shot_sample0.py,,,True,,0,,3.33,0.0,3.0,3.0,100.0,outputs\reports\static_analysis\pylint\HumanEval_29__zero_shot__sample0__final_pylint.txt,outputs\reports\static_analysis\bandit\HumanEval_29__zero_shot__sample0__final_bandit.json,outputs\reports\static_analysis\bandit\HumanEval_29__zero_shot__sample0__final_bandit.stderr.txt,True,passed,9.0,9.0,10.0,9.0,10.0,9.0,"Clean, efficient, and idiomatic implementation with proper type hints and documentation.",,,
HumanEval/29,filter_by_prefix,constraint_guided,0,"from typing import List


def filter_by_prefix(strings: List[str], prefix: str) -> List[str]:
    """"""
    Filter an input list of strings only for ones that start with a given prefix.

    Examples:
        >>> filter_by_prefix([], 'a')
        []
        >>> filter_by_prefix(['abc', 'bcd', 'cde', 'array'], 'a')
        ['abc', 'array']
    """"""
    return [s for s in strings if s.startswith(prefix)]",raw_generations/HumanEval_29/constraint_guided_sample0.py,,,True,,0,,3.33,0.0,3.0,3.0,100.0,outputs\reports\static_analysis\pylint\HumanEval_29__constraint_guided__sample0__final_pylint.txt,outputs\reports\static_analysis\bandit\HumanEval_29__constraint_guided__sample0__final_bandit.json,outputs\reports\static_analysis\bandit\HumanEval_29__constraint_guided__sample0__final_bandit.stderr.txt,True,passed,9.0,9.0,9.0,9.0,10.0,9.0,"Clean, idiomatic Python with a list comprehension; only minor improvement possible by handling None inputs or adding type hints for older Python versions.",,,
HumanEval/29,filter_by_prefix,structured_cot,0,"from typing import List


def filter_by_prefix(strings: List[str], prefix: str) -> List[str]:
    """"""
    Filter an input list of strings only for ones that start with a given prefix.

    Examples:
        >>> filter_by_prefix([], 'a')
        []
        >>> filter_by_prefix(['abc', 'bcd', 'cde', 'array'], 'a')
        ['abc', 'array']
    """"""
    result = []
    for s in strings:
        if s.startswith(prefix):
            result.append(s)
    return result",raw_generations/HumanEval_29/structured_cot_sample0.py,,,True,,0,,7.14,0.0,3.0,3.0,100.0,outputs\reports\static_analysis\pylint\HumanEval_29__structured_cot__sample0__final_pylint.txt,outputs\reports\static_analysis\bandit\HumanEval_29__structured_cot__sample0__final_bandit.json,outputs\reports\static_analysis\bandit\HumanEval_29__structured_cot__sample0__final_bandit.stderr.txt,True,passed,9.0,8.0,9.0,8.0,7.0,8.0,Clean and correct implementation but could be more Pythonic using a list comprehension.,,,
HumanEval/29,filter_by_prefix,self_refine,0,"from typing import List


def filter_by_prefix(strings: List[str], prefix: str) -> List[str]:
    """"""
    Filter an input list of strings only for ones that start with a given prefix.

    Examples:
        >>> filter_by_prefix([], 'a')
        []
        >>> filter_by_prefix(['abc', 'bcd', 'cde', 'array'], 'a')
        ['abc', 'array']
    """"""
    if not isinstance(strings, list):
        raise TypeError(""strings must be a list"")
    if not isinstance(prefix, str):
        raise TypeError(""prefix must be a string"")
    
    return [s for s in strings if isinstance(s, str) and s.startswith(prefix)]",raw_generations/HumanEval_29/self_refine_sample0.py,"from typing import List


def filter_by_prefix(strings: List[str], prefix: str) -> List[str]:
    """"""
    Filter an input list of strings only for ones that start with a given prefix.

    Examples:
        >>> filter_by_prefix([], 'a')
        []
        >>> filter_by_prefix(['abc', 'bcd', 'cde', 'array'], 'a')
        ['abc', 'array']
    """"""
    return [s for s in strings if s.startswith(prefix)]",raw_generations/HumanEval_29/self_refine_sample0_initial.py,True,,0,,5.71,0.0,6.0,6.0,94.06454264258814,outputs\reports\static_analysis\pylint\HumanEval_29__self_refine__sample0__final_pylint.txt,outputs\reports\static_analysis\bandit\HumanEval_29__self_refine__sample0__final_bandit.json,outputs\reports\static_analysis\bandit\HumanEval_29__self_refine__sample0__final_bandit.stderr.txt,True,passed,8.0,8.0,9.0,9.0,7.0,8.0,"The code is clear and functional, but the type checking is redundant given the type hints and may not be idiomatic for Python's duck typing philosophy.",outputs\reports\static_analysis\pylint\HumanEval_29__self_refine__sample0__initial_pylint.txt,outputs\reports\static_analysis\bandit\HumanEval_29__self_refine__sample0__initial_bandit.json,outputs\reports\static_analysis\bandit\HumanEval_29__self_refine__sample0__initial_bandit.stderr.txt
HumanEval/30,get_positive,zero_shot,0,"from typing import List


def get_positive(l: List[int]) -> List[int]:
    """"""
    Return only the positive numbers in the list.

    Example:
        >>> get_positive([-1, 2, -4, 5, 6])
        [2, 5, 6]
    """"""
    return [num for num in l if num > 0]",raw_generations/HumanEval_30/zero_shot_sample0.py,,,True,,0,,3.33,0.0,3.0,3.0,87.85234636161907,outputs\reports\static_analysis\pylint\HumanEval_30__zero_shot__sample0__final_pylint.txt,outputs\reports\static_analysis\bandit\HumanEval_30__zero_shot__sample0__final_bandit.json,outputs\reports\static_analysis\bandit\HumanEval_30__zero_shot__sample0__final_bandit.stderr.txt,True,passed,9.0,9.0,10.0,9.0,10.0,9.0,"Excellent implementation: concise, correct, and idiomatic Python with proper documentation.",,,
HumanEval/30,get_positive,constraint_guided,0,"from typing import List


def get_positive(l: List[int]) -> List[int]:
    """"""
    Return only the positive numbers in the list.

    Example:
        >>> get_positive([-1, 2, -4, 5, 6])
        [2, 5, 6]
    """"""
    return [num for num in l if num > 0]",raw_generations/HumanEval_30/constraint_guided_sample0.py,,,True,,0,,3.33,0.0,3.0,3.0,87.85234636161907,outputs\reports\static_analysis\pylint\HumanEval_30__constraint_guided__sample0__final_pylint.txt,outputs\reports\static_analysis\bandit\HumanEval_30__constraint_guided__sample0__final_bandit.json,outputs\reports\static_analysis\bandit\HumanEval_30__constraint_guided__sample0__final_bandit.stderr.txt,True,passed,9.0,9.0,10.0,10.0,10.0,9.0,"Excellent implementation: concise, efficient, and fully correct with clear documentation.",,,
HumanEval/30,get_positive,structured_cot,0,"from typing import List


def get_positive(l: List[int]) -> List[int]:
    """"""
    Return only the positive numbers in the list.

    Example:
        >>> get_positive([-1, 2, -4, 5, 6])
        [2, 5, 6]
    """"""
    return [num for num in l if num > 0]",raw_generations/HumanEval_30/structured_cot_sample0.py,,,True,,0,,3.33,0.0,3.0,3.0,87.85234636161907,outputs\reports\static_analysis\pylint\HumanEval_30__structured_cot__sample0__final_pylint.txt,outputs\reports\static_analysis\bandit\HumanEval_30__structured_cot__sample0__final_bandit.json,outputs\reports\static_analysis\bandit\HumanEval_30__structured_cot__sample0__final_bandit.stderr.txt,True,passed,9.0,9.0,10.0,9.0,10.0,9.0,"Clean, efficient, and idiomatic implementation with proper documentation and type hints.",,,
HumanEval/30,get_positive,self_refine,0,"from typing import List


def get_positive(l: List[int]) -> List[int]:
    """"""
    Return only the positive numbers in the list.

    Example:
        >>> get_positive([-1, 2, -4, 5, 6])
        [2, 5, 6]
    """"""
    if l is None:
        return []
    return [num for num in l if num > 0]",raw_generations/HumanEval_30/self_refine_sample0.py,"from typing import List


def get_positive(l: List[int]) -> List[int]:
    """"""
    Return only the positive numbers in the list.

    Example:
        >>> get_positive([-1, 2, -4, 5, 6])
        [2, 5, 6]
    """"""
    return [num for num in l if num > 0]",raw_generations/HumanEval_30/self_refine_sample0_initial.py,True,,0,,6.0,0.0,4.0,4.0,96.53244124137191,outputs\reports\static_analysis\pylint\HumanEval_30__self_refine__sample0__final_pylint.txt,outputs\reports\static_analysis\bandit\HumanEval_30__self_refine__sample0__final_bandit.json,outputs\reports\static_analysis\bandit\HumanEval_30__self_refine__sample0__final_bandit.stderr.txt,True,passed,8.0,7.0,6.0,9.0,8.0,7.0,"The code is generally clean and efficient, but the unnecessary None check for a list parameter reduces correctness, and using 'l' as a variable name harms readability.",outputs\reports\static_analysis\pylint\HumanEval_30__self_refine__sample0__initial_pylint.txt,outputs\reports\static_analysis\bandit\HumanEval_30__self_refine__sample0__initial_bandit.json,outputs\reports\static_analysis\bandit\HumanEval_30__self_refine__sample0__initial_bandit.stderr.txt
HumanEval/31,is_prime,zero_shot,0,"def is_prime(n: int) -> bool:
    """"""
    Check if given number is considered to be prime.

    Examples:
        >>> is_prime(6)
        False
        >>> is_prime(100)
        False
        >>> is_prime(11)
        True
    """"""
    if n <= 1:
        return False
    if n <= 3:
        return True
    if n % 2 == 0 or n % 3 == 0:
        return False
    i = 5
    while i * i <= n:
        if n % i == 0 or n % (i + 2) == 0:
            return False
        i += 6
    return True",raw_generations/HumanEval_31/zero_shot_sample0.py,,,True,,0,,8.46,0.0,8.0,8.0,85.91627920846226,outputs\reports\static_analysis\pylint\HumanEval_31__zero_shot__sample0__final_pylint.txt,outputs\reports\static_analysis\bandit\HumanEval_31__zero_shot__sample0__final_bandit.json,outputs\reports\static_analysis\bandit\HumanEval_31__zero_shot__sample0__final_bandit.stderr.txt,True,passed,8.0,7.0,9.0,9.0,7.0,8.0,"The code is efficient and correct, but could be more Pythonic and maintainable with better variable naming and a more modular approach.",,,
HumanEval/31,is_prime,constraint_guided,0,"def is_prime(n: int) -> bool:
    """"""
    Check if given number is considered to be prime.
    
    A prime number is a natural number greater than 1 that has no positive
    divisors other than 1 and itself.
    """"""
    if n <= 1:
        return False
    if n <= 3:
        return True
    if n % 2 == 0 or n % 3 == 0:
        return False
    
    # Check for factors from 5 to sqrt(n)
    # All primes greater than 3 can be written as 6k ± 1
    i = 5
    while i * i <= n:
        if n % i == 0 or n % (i + 2) == 0:
            return False
        i += 6
    return True",raw_generations/HumanEval_31/constraint_guided_sample0.py,,,True,,0,,7.69,0.0,8.0,8.0,86.76339924968494,outputs\reports\static_analysis\pylint\HumanEval_31__constraint_guided__sample0__final_pylint.txt,outputs\reports\static_analysis\bandit\HumanEval_31__constraint_guided__sample0__final_bandit.json,outputs\reports\static_analysis\bandit\HumanEval_31__constraint_guided__sample0__final_bandit.stderr.txt,True,passed,8.0,9.0,9.0,9.0,8.0,8.0,"Well-structured and efficient prime-checking implementation using the 6k±1 optimization, though variable naming could be slightly more descriptive.",,,
HumanEval/31,is_prime,structured_cot,0,"def is_prime(n: int) -> bool:
    """"""
    Check if given number is considered to be prime.

    Examples:
        >>> is_prime(6)
        False
        >>> is_prime(100)
        False
        >>> is_prime(11)
        True
    """"""
    if n <= 1:
        return False
    if n <= 3:
        return True
    if n % 2 == 0 or n % 3 == 0:
        return False
    i = 5
    while i * i <= n:
        if n % i == 0 or n % (i + 2) == 0:
            return False
        i += 6
    return True",raw_generations/HumanEval_31/structured_cot_sample0.py,,,True,,0,,8.46,0.0,8.0,8.0,85.91627920846226,outputs\reports\static_analysis\pylint\HumanEval_31__structured_cot__sample0__final_pylint.txt,outputs\reports\static_analysis\bandit\HumanEval_31__structured_cot__sample0__final_bandit.json,outputs\reports\static_analysis\bandit\HumanEval_31__structured_cot__sample0__final_bandit.stderr.txt,True,passed,9.0,8.0,9.0,9.0,8.0,9.0,"Well-implemented prime checker using an optimized algorithm with clear logic and good documentation, though it could benefit from more explicit handling of edge cases like negative numbers.",,,
HumanEval/31,is_prime,self_refine,0,"def is_prime(n: int) -> bool:
    """"""
    Check if given number is considered to be prime.

    Examples:
        >>> is_prime(6)
        False
        >>> is_prime(100)
        False
        >>> is_prime(11)
        True
    """"""
    if n <= 1:
        return False
    if n <= 3:
        return True
    if n % 2 == 0 or n % 3 == 0:
        return False

    i = 5
    while i * i <= n:
        if n % i == 0 or n % (i + 2) == 0:
            return False
        i += 6
    return True",raw_generations/HumanEval_31/self_refine_sample0.py,"def is_prime(n: int) -> bool:
    """"""
    Check if given number is considered to be prime.
    """"""
    if n <= 1:
        return False
    if n <= 3:
        return True
    if n % 2 == 0 or n % 3 == 0:
        return False
    
    i = 5
    while i * i <= n:
        if n % i == 0 or n % (i + 2) == 0:
            return False
        i += 6
    return True",raw_generations/HumanEval_31/self_refine_sample0_initial.py,True,,0,,8.46,0.0,8.0,8.0,85.91627920846226,outputs\reports\static_analysis\pylint\HumanEval_31__self_refine__sample0__final_pylint.txt,outputs\reports\static_analysis\bandit\HumanEval_31__self_refine__sample0__final_bandit.json,outputs\reports\static_analysis\bandit\HumanEval_31__self_refine__sample0__final_bandit.stderr.txt,True,passed,8.0,7.0,9.0,9.0,7.0,8.0,"The code is efficient and correct, but could be more Pythonic and maintainable with better variable naming and modularization.",outputs\reports\static_analysis\pylint\HumanEval_31__self_refine__sample0__initial_pylint.txt,outputs\reports\static_analysis\bandit\HumanEval_31__self_refine__sample0__initial_bandit.json,outputs\reports\static_analysis\bandit\HumanEval_31__self_refine__sample0__initial_bandit.stderr.txt
HumanEval/32,find_zero,zero_shot,0,"import math
from typing import List


def poly(xs: list, x: float) -> float:
    """"""
    Evaluates polynomial with coefficients xs at point x.
    return xs[0] + xs[1] * x + xs[1] * x^2 + .... xs[n] * x^n
    """"""
    return sum([coeff * math.pow(x, i) for i, coeff in enumerate(xs)])


def find_zero(xs: List[int]) -> float:
    """"""
    xs are coefficients of a polynomial.
    Find x such that poly(x) = 0 and return only one zero point, even if there are many.

    Constraints:
        List xs should have an even number of coefficients
        and as largest a non-zero coefficient to guarantee a solution.

    Examples:
        >>> round(find_zero([1, 2]), 2) # f(x) = 1 + 2x
        -0.5
        >>> round(find_zero([-6, 11, -6, 1]), 2) # (x - 1) * (x - 2) * (x - 3) = -6 + 11x - 6x^2 + x^3
        1.0
    """"""
    n = len(xs)
    if n % 2 != 0:
        raise ValueError(""List xs must have an even number of coefficients"")
    
    # Find the largest non-zero coefficient
    max_coeff_idx = n - 1
    while xs[max_coeff_idx] == 0:
        max_coeff_idx -= 1
    
    # The polynomial degree is max_coeff_idx
    # For even degree polynomials, we can use bisection method
    # We'll search between -100 and 100 as reasonable bounds
    left = -100.0
    right = 100.0
    
    # Ensure poly(left) and poly(right) have opposite signs
    # If not, expand bounds
    f_left = poly(xs, left)
    f_right = poly(xs, right)
    
    # Adjust bounds if signs are same
    while f_left * f_right > 0:
        left *= 2
        right *= 2
        f_left = poly(xs, left)
        f_right = poly(xs, right)
    
    # Bisection method
    for _ in range(100):  # 100 iterations for precision
        mid = (left + right) / 2
        f_mid = poly(xs, mid)
        if abs(f_mid) < 1e-12:
            return mid
        if f_left * f_mid <= 0:
            right = mid
            f_right = f_mid
        else:
            left = mid
            f_left = f_mid
    
    return (left + right) / 2",raw_generations/HumanEval_32/zero_shot_sample0.py,,,True,,0,,6.77,0.0,4.5,7.0,76.8006517527781,outputs\reports\static_analysis\pylint\HumanEval_32__zero_shot__sample0__final_pylint.txt,outputs\reports\static_analysis\bandit\HumanEval_32__zero_shot__sample0__final_bandit.json,outputs\reports\static_analysis\bandit\HumanEval_32__zero_shot__sample0__final_bandit.stderr.txt,False,test_failed: poly() missing 1 required positional argument: 'x',7.0,6.0,5.0,6.0,6.0,6.0,"The code has logical issues in polynomial evaluation and lacks proper handling of mathematical constraints, while using hard-coded bounds and fixed iterations for root-finding.",,,
HumanEval/32,find_zero,constraint_guided,0,"import math
from typing import List


def poly(xs: list, x: float) -> float:
    """"""
    Evaluates polynomial with coefficients xs at point x.
    return xs[0] + xs[1] * x + xs[1] * x^2 + .... xs[n] * x^n
    """"""
    return sum([coeff * math.pow(x, i) for i, coeff in enumerate(xs)])


def find_zero(xs: List[int]) -> float:
    """"""
    xs are coefficients of a polynomial.
    Find x such that poly(x) = 0 and return only one zero point, even if there are many.

    Constraints:
        List xs should have an even number of coefficients
        and as largest a non-zero coefficient to guarantee a solution.

    Examples:
        >>> round(find_zero([1, 2]), 2) # f(x) = 1 + 2x
        -0.5
        >>> round(find_zero([-6, 11, -6, 1]), 2) # (x - 1) * (x - 2) * (x - 3) = -6 + 11x - 6x^2 + x^3
        1.0
    """"""
    # Ensure the polynomial has even degree (odd number of coefficients)
    if len(xs) % 2 != 0:
        raise ValueError(""List xs must have an even number of coefficients"")

    # Ensure the highest coefficient is non-zero
    if xs[-1] == 0:
        raise ValueError(""Largest coefficient must be non-zero"")

    # Polynomial has odd degree (since len(xs) is even, degree = len(xs)-1 is odd)
    # Odd degree polynomials are guaranteed to have at least one real root
    # Use bisection method to find a root

    # Find initial bounds where polynomial changes sign
    # Start with a symmetric interval around zero
    left = -1.0
    right = 1.0

    # Expand interval until we find a sign change
    while poly(xs, left) * poly(xs, right) > 0:
        left *= 2
        right *= 2

    # Perform bisection
    tolerance = 1e-10
    max_iterations = 1000

    for _ in range(max_iterations):
        mid = (left + right) / 2
        f_mid = poly(xs, mid)

        if abs(f_mid) < tolerance:
            return mid

        f_left = poly(xs, left)

        if f_left * f_mid <= 0:
            right = mid
        else:
            left = mid

    # Return the midpoint if max iterations reached
    return (left + right) / 2",raw_generations/HumanEval_32/constraint_guided_sample0.py,,,True,,0,,8.46,0.0,4.5,7.0,76.51866758919634,outputs\reports\static_analysis\pylint\HumanEval_32__constraint_guided__sample0__final_pylint.txt,outputs\reports\static_analysis\bandit\HumanEval_32__constraint_guided__sample0__final_bandit.json,outputs\reports\static_analysis\bandit\HumanEval_32__constraint_guided__sample0__final_bandit.stderr.txt,False,test_failed: poly() missing 1 required positional argument: 'x',-1.0,-1.0,-1.0,-1.0,-1.0,-1.0,"The code is incomplete and contains critical errors: the poly function incorrectly uses xs[1] for all coefficients in its docstring and implementation, and find_zero is missing its implementation entirely.",,,
HumanEval/32,find_zero,structured_cot,0,"import math
from typing import List


def poly(xs: list, x: float) -> float:
    """"""
    Evaluates polynomial with coefficients xs at point x.
    return xs[0] + xs[1] * x + xs[1] * x^2 + .... xs[n] * x^n
    """"""
    return sum([coeff * math.pow(x, i) for i, coeff in enumerate(xs)])


def find_zero(xs: List[int]) -> float:
    """"""
    xs are coefficients of a polynomial.
    Find x such that poly(x) = 0 and return only one zero point, even if there are many.

    Constraints:
        List xs should have an even number of coefficients
        and as largest a non-zero coefficient to guarantee a solution.

    Examples:
        >>> round(find_zero([1, 2]), 2) # f(x) = 1 + 2x
        -0.5
        >>> round(find_zero([-6, 11, -6, 1]), 2) # (x - 1) * (x - 2) * (x - 3) = -6 + 11x - 6x^2 + x^3
        1.0
    """"""
    def f(x_val):
        return poly(xs, x_val)
    
    left = -100.0
    right = 100.0
    f_left = f(left)
    f_right = f(right)
    
    if f_left == 0:
        return left
    if f_right == 0:
        return right
    
    while right - left > 1e-10:
        mid = (left + right) / 2
        f_mid = f(mid)
        
        if f_mid == 0:
            return mid
        
        if f_left * f_mid < 0:
            right = mid
            f_right = f_mid
        else:
            left = mid
            f_left = f_mid
    
    return (left + right) / 2",raw_generations/HumanEval_32/structured_cot_sample0.py,,,True,,0,,6.15,0.0,4.0,6.0,80.73757361294646,outputs\reports\static_analysis\pylint\HumanEval_32__structured_cot__sample0__final_pylint.txt,outputs\reports\static_analysis\bandit\HumanEval_32__structured_cot__sample0__final_bandit.json,outputs\reports\static_analysis\bandit\HumanEval_32__structured_cot__sample0__final_bandit.stderr.txt,False,test_failed: poly() missing 1 required positional argument: 'x',-1.0,-1.0,-1.0,-1.0,-1.0,-1.0,"The code is incomplete - the find_zero function is missing its implementation. Only the docstring and function signature are provided, making it impossible to evaluate any dimension properly.",,,
HumanEval/32,find_zero,self_refine,0,"import math
from typing import List


def poly(xs: List[float], x: float) -> float:
    """"""
    Evaluates polynomial with coefficients xs at point x.
    return xs[0] + xs[1] * x + xs[2] * x^2 + ... + xs[n] * x^n
    """"""
    return sum(coeff * math.pow(x, i) for i, coeff in enumerate(xs))


def find_zero(xs: List[int]) -> float:
    """"""
    xs are coefficients of a polynomial.
    Find x such that poly(x) = 0 and return only one zero point, even if there are many.

    Constraints:
        List xs should have an even number of coefficients
        and as largest a non-zero coefficient to guarantee a solution.

    Examples:
        >>> round(find_zero([1, 2]), 2) # f(x) = 1 + 2x
        -0.5
        >>> round(find_zero([-6, 11, -6, 1]), 2) # (x - 1) * (x - 2) * (x - 3) = -6 + 11x - 6x^2 + x^3
        1.0
    """"""
    if len(xs) % 2 != 0:
        raise ValueError(""List xs must have an even number of coefficients"")
    
    if xs[-1] == 0:
        raise ValueError(""Largest coefficient must be non-zero"")
    
    # Convert to float for consistent computation
    xs_float = [float(coeff) for coeff in xs]
    
    # Find initial bounds where polynomial changes sign
    left = -1.0
    right = 1.0
    
    # Expand search range until we find a sign change
    while poly(xs_float, left) * poly(xs_float, right) > 0:
        left *= 2
        right *= 2
    
    # Perform bisection method
    tolerance = 1e-12
    max_iterations = 100
    
    for _ in range(max_iterations):
        mid = (left + right) / 2
        f_mid = poly(xs_float, mid)
        
        if abs(f_mid) < tolerance:
            return mid
        
        f_left = poly(xs_float, left)
        
        if f_left * f_mid <= 0:
            right = mid
        else:
            left = mid
    
    return (left + right) / 2",raw_generations/HumanEval_32/self_refine_sample0.py,"import math
from typing import List


def poly(xs: list, x: float) -> float:
    """"""
    Evaluates polynomial with coefficients xs at point x.
    return xs[0] + xs[1] * x + xs[1] * x^2 + .... xs[n] * x^n
    """"""
    return sum([coeff * math.pow(x, i) for i, coeff in enumerate(xs)])


def find_zero(xs: List[int]) -> float:
    """"""
    xs are coefficients of a polynomial.
    Find x such that poly(x) = 0 and return only one zero point, even if there are many.

    Constraints:
        List xs should have an even number of coefficients
        and as largest a non-zero coefficient to guarantee a solution.

    Examples:
        >>> round(find_zero([1, 2]), 2) # f(x) = 1 + 2x
        -0.5
        >>> round(find_zero([-6, 11, -6, 1]), 2) # (x - 1) * (x - 2) * (x - 3) = -6 + 11x - 6x^2 + x^3
        1.0
    """"""
    # Polynomial degree is len(xs)-1
    # For even degree polynomials, there's at least one real root
    degree = len(xs) - 1
    
    # Find initial bounds for bisection
    # Use a heuristic to find where polynomial changes sign
    left = -1.0
    right = 1.0
    
    # Expand search range until we find a sign change
    while poly(xs, left) * poly(xs, right) > 0:
        left *= 2
        right *= 2
    
    # Perform bisection method
    for _ in range(100):  # Sufficient iterations for good precision
        mid = (left + right) / 2
        f_mid = poly(xs, mid)
        
        if abs(f_mid) < 1e-12:
            return mid
        
        f_left = poly(xs, left)
        
        if f_left * f_mid <= 0:
            right = mid
        else:
            left = mid
    
    return (left + right) / 2",raw_generations/HumanEval_32/self_refine_sample0_initial.py,True,,0,,5.19,0.0,5.0,8.0,78.66090030562894,outputs\reports\static_analysis\pylint\HumanEval_32__self_refine__sample0__final_pylint.txt,outputs\reports\static_analysis\bandit\HumanEval_32__self_refine__sample0__final_bandit.json,outputs\reports\static_analysis\bandit\HumanEval_32__self_refine__sample0__final_bandit.stderr.txt,False,test_failed: poly() missing 1 required positional argument: 'x',8.0,7.0,6.0,7.0,8.0,7.0,"The code is generally well-structured and readable, but has correctness issues with the bisection method implementation and lacks proper handling of edge cases like infinite loops.",outputs\reports\static_analysis\pylint\HumanEval_32__self_refine__sample0__initial_pylint.txt,outputs\reports\static_analysis\bandit\HumanEval_32__self_refine__sample0__initial_bandit.json,outputs\reports\static_analysis\bandit\HumanEval_32__self_refine__sample0__initial_bandit.stderr.txt
HumanEval/33,sort_third,zero_shot,0,"from typing import List


def sort_third(l: List[int]) -> List[int]:
    """"""
    This function takes a list l and returns a list l' such that
    l' is identical to l in the indicies that are not divisible by three, while its values at the indicies that are divisible by three are equal
    to the values of the corresponding indicies of l, but sorted.

    Examples:
        >>> sort_third([1, 2, 3])
        [1, 2, 3]
        >>> sort_third([5, 6, 3, 4, 8, 9, 2])
        [2, 6, 3, 4, 8, 9, 5]
    """"""
    result = l[:]
    divisible_by_three = [l[i] for i in range(len(l)) if i % 3 == 0]
    divisible_by_three.sort()
    idx = 0
    for i in range(len(l)):
        if i % 3 == 0:
            result[i] = divisible_by_three[idx]
            idx += 1
    return result",raw_generations/HumanEval_33/zero_shot_sample0.py,,,True,,0,,7.27,0.0,5.0,5.0,90.01820808155597,outputs\reports\static_analysis\pylint\HumanEval_33__zero_shot__sample0__final_pylint.txt,outputs\reports\static_analysis\bandit\HumanEval_33__zero_shot__sample0__final_bandit.json,outputs\reports\static_analysis\bandit\HumanEval_33__zero_shot__sample0__final_bandit.stderr.txt,True,passed,8.0,7.0,9.0,8.0,7.0,8.0,"The code is clear and functional but could be more Pythonic by using list comprehensions or enumerate, and the variable naming could be slightly improved.",,,
HumanEval/33,sort_third,constraint_guided,0,"from typing import List


def sort_third(l: List[int]) -> List[int]:
    """"""
    This function takes a list l and returns a list l' such that
    l' is identical to l in the indicies that are not divisible by three, while its values at the indicies that are divisible by three are equal
    to the values of the corresponding indicies of l, but sorted.

    Examples:
        >>> sort_third([1, 2, 3])
        [1, 2, 3]
        >>> sort_third([5, 6, 3, 4, 8, 9, 2])
        [2, 6, 3, 4, 8, 9, 5]
    """"""
    result = l.copy()
    divisible_by_three_indices = [i for i in range(len(l)) if i % 3 == 0]
    divisible_values = [l[i] for i in divisible_by_three_indices]
    divisible_values.sort()
    for idx, sorted_value in zip(divisible_by_three_indices, divisible_values):
        result[idx] = sorted_value
    return result",raw_generations/HumanEval_33/constraint_guided_sample0.py,,,True,,0,,6.67,0.0,5.0,5.0,93.08667844173219,outputs\reports\static_analysis\pylint\HumanEval_33__constraint_guided__sample0__final_pylint.txt,outputs\reports\static_analysis\bandit\HumanEval_33__constraint_guided__sample0__final_bandit.json,outputs\reports\static_analysis\bandit\HumanEval_33__constraint_guided__sample0__final_bandit.stderr.txt,True,passed,8.0,7.0,8.0,7.0,7.0,7.0,The code is clear and functional but could be more efficient and Pythonic by using list comprehensions directly and avoiding unnecessary intermediate lists.,,,
HumanEval/33,sort_third,structured_cot,0,"from typing import List


def sort_third(l: List[int]) -> List[int]:
    result = l[:]
    divisible_by_three = []
    indices = []
    
    for i, val in enumerate(l):
        if i % 3 == 0:
            divisible_by_three.append(val)
            indices.append(i)
    
    divisible_by_three.sort()
    
    for idx, sorted_val in zip(indices, divisible_by_three):
        result[idx] = sorted_val
    
    return result",raw_generations/HumanEval_33/structured_cot_sample0.py,,,True,,0,,4.62,0.0,4.0,4.0,66.12375720067395,outputs\reports\static_analysis\pylint\HumanEval_33__structured_cot__sample0__final_pylint.txt,outputs\reports\static_analysis\bandit\HumanEval_33__structured_cot__sample0__final_bandit.json,outputs\reports\static_analysis\bandit\HumanEval_33__structured_cot__sample0__final_bandit.stderr.txt,True,passed,8.0,7.0,9.0,7.0,6.0,7.0,The code is clear and correct but could be more Pythonic and efficient by using list comprehensions and avoiding separate storage of indices.,,,
HumanEval/33,sort_third,self_refine,0,"from typing import List


def sort_third(l: List[int]) -> List[int]:
    """"""
    This function takes a list l and returns a list l' such that
    l' is identical to l in the indicies that are not divisible by three, while its values at the indicies that are divisible by three are equal
    to the values of the corresponding indicies of l, but sorted.

    Examples:
        >>> sort_third([1, 2, 3])
        [1, 2, 3]
        >>> sort_third([5, 6, 3, 4, 8, 9, -2])
        [-2, 6, 3, 4, 8, 9, 5]
    """"""
    result = l.copy()
    divisible_indices = [i for i in range(len(l)) if i % 3 == 0]
    divisible_values = [l[i] for i in divisible_indices]
    sorted_values = sorted(divisible_values)
    
    for idx, val in zip(divisible_indices, sorted_values):
        result[idx] = val
    
    return result",raw_generations/HumanEval_33/self_refine_sample0.py,"from typing import List


def sort_third(l: List[int]) -> List[int]:
    """"""
    This function takes a list l and returns a list l' such that
    l' is identical to l in the indicies that are not divisible by three, while its values at the indicies that are divisible by three are equal
    to the values of the corresponding indicies of l, but sorted.

    Examples:
        >>> sort_third([1, 2, 3])
        [1, 2, 3]
        >>> sort_third([5, 6, 3, 4, 8, 9, 2])
        [2, 6, 3, 4, 8, 9, 5]
    """"""
    result = l.copy()
    divisible_by_three_indices = [i for i in range(len(l)) if i % 3 == 0]
    values_at_divisible_indices = [l[i] for i in divisible_by_three_indices]
    sorted_values = sorted(values_at_divisible_indices)
    for idx, sorted_val in zip(divisible_by_three_indices, sorted_values):
        result[idx] = sorted_val
    return result",raw_generations/HumanEval_33/self_refine_sample0_initial.py,True,,0,,4.44,0.0,5.0,5.0,93.08667844173219,outputs\reports\static_analysis\pylint\HumanEval_33__self_refine__sample0__final_pylint.txt,outputs\reports\static_analysis\bandit\HumanEval_33__self_refine__sample0__final_bandit.json,outputs\reports\static_analysis\bandit\HumanEval_33__self_refine__sample0__final_bandit.stderr.txt,True,passed,8.0,8.0,9.0,7.0,8.0,8.0,The code is clear and correct but could be more efficient by avoiding multiple passes over the list and using in-place sorting of slices.,outputs\reports\static_analysis\pylint\HumanEval_33__self_refine__sample0__initial_pylint.txt,outputs\reports\static_analysis\bandit\HumanEval_33__self_refine__sample0__initial_bandit.json,outputs\reports\static_analysis\bandit\HumanEval_33__self_refine__sample0__initial_bandit.stderr.txt
HumanEval/34,unique,zero_shot,0,"from typing import List


def unique(l: List[int]) -> List[int]:
    """"""
    Return sorted unique elements in a list.

    Example:
        >>> unique([5, 3, 5, 2, 3, 3, 9, 0, 123])
        [0, 2, 3, 5, 9, 123]
    """"""
    return sorted(set(l))",raw_generations/HumanEval_34/zero_shot_sample0.py,,,True,,0,,3.33,0.0,1.0,1.0,100.0,outputs\reports\static_analysis\pylint\HumanEval_34__zero_shot__sample0__final_pylint.txt,outputs\reports\static_analysis\bandit\HumanEval_34__zero_shot__sample0__final_bandit.json,outputs\reports\static_analysis\bandit\HumanEval_34__zero_shot__sample0__final_bandit.stderr.txt,True,passed,9.0,9.0,10.0,10.0,10.0,9.6,"Excellent implementation: concise, efficient, and fully correct, though the parameter name 'l' could be more descriptive.",,,
HumanEval/34,unique,constraint_guided,0,"from typing import List


def unique(l: List[int]) -> List[int]:
    """"""
    Return sorted unique elements in a list.

    Example:
        >>> unique([5, 3, 5, 2, 3, 3, 9, 0, 123])
        [0, 2, 3, 5, 9, 123]
    """"""
    # Convert to set to remove duplicates, then sort the result
    return sorted(set(l))",raw_generations/HumanEval_34/constraint_guided_sample0.py,,,True,,0,,3.33,0.0,1.0,1.0,100.0,outputs\reports\static_analysis\pylint\HumanEval_34__constraint_guided__sample0__final_pylint.txt,outputs\reports\static_analysis\bandit\HumanEval_34__constraint_guided__sample0__final_bandit.json,outputs\reports\static_analysis\bandit\HumanEval_34__constraint_guided__sample0__final_bandit.stderr.txt,True,passed,9.0,9.0,10.0,9.0,10.0,9.0,"Excellent implementation: concise, correct, and fully Pythonic, though type hints could be modernized.",,,
HumanEval/34,unique,structured_cot,0,"from typing import List


def unique(l: List[int]) -> List[int]:
    """"""
    Return sorted unique elements in a list.

    Example:
        >>> unique([5, 3, 5, 2, 3, 3, 9, 0, 123])
        [0, 2, 3, 5, 9, 123]
    """"""
    if not l:
        return []
    return sorted(set(l))",raw_generations/HumanEval_34/structured_cot_sample0.py,,,True,,0,,6.0,0.0,2.0,2.0,100.0,outputs\reports\static_analysis\pylint\HumanEval_34__structured_cot__sample0__final_pylint.txt,outputs\reports\static_analysis\bandit\HumanEval_34__structured_cot__sample0__final_bandit.json,outputs\reports\static_analysis\bandit\HumanEval_34__structured_cot__sample0__final_bandit.stderr.txt,True,passed,9.0,9.0,10.0,9.0,10.0,9.0,"Clean, efficient, and idiomatic implementation that perfectly meets the specification.",,,
HumanEval/34,unique,self_refine,0,"from typing import List


def unique(l: List[int]) -> List[int]:
    """"""
    Return sorted unique elements in a list.

    Example:
        >>> unique([5, 3, 5, 2, 3, 3, 9, 0, 123])
        [0, 2, 3, 5, 9, 123]
    """"""
    if not l:
        return []
    return sorted(set(l))",raw_generations/HumanEval_34/self_refine_sample0.py,"from typing import List


def unique(l: List[int]) -> List[int]:
    """"""
    Return sorted unique elements in a list.

    Example:
        >>> unique([5, 3, 5, 2, 3, 3, 9, 0, 123])
        [0, 2, 3, 5, 9, 123]
    """"""
    # Convert to set to remove duplicates, then sort
    return sorted(set(l))",raw_generations/HumanEval_34/self_refine_sample0_initial.py,True,,0,,6.0,0.0,2.0,2.0,100.0,outputs\reports\static_analysis\pylint\HumanEval_34__self_refine__sample0__final_pylint.txt,outputs\reports\static_analysis\bandit\HumanEval_34__self_refine__sample0__final_bandit.json,outputs\reports\static_analysis\bandit\HumanEval_34__self_refine__sample0__final_bandit.stderr.txt,True,passed,9.0,9.0,10.0,10.0,10.0,9.0,"Clean, efficient, and idiomatic implementation that handles edge cases properly.",outputs\reports\static_analysis\pylint\HumanEval_34__self_refine__sample0__initial_pylint.txt,outputs\reports\static_analysis\bandit\HumanEval_34__self_refine__sample0__initial_bandit.json,outputs\reports\static_analysis\bandit\HumanEval_34__self_refine__sample0__initial_bandit.stderr.txt
HumanEval/35,max_element,zero_shot,0,"from typing import List


def max_element(l: List[int]) -> int:
    """"""
    Return the maximum element in the list.
    Assume that the list is not empty.

    Example:
        >>> max_element([1, 2, 3])
        3
    """"""
    return max(l)",raw_generations/HumanEval_35/zero_shot_sample0.py,,,True,,0,,3.33,0.0,1.0,1.0,100.0,outputs\reports\static_analysis\pylint\HumanEval_35__zero_shot__sample0__final_pylint.txt,outputs\reports\static_analysis\bandit\HumanEval_35__zero_shot__sample0__final_bandit.json,outputs\reports\static_analysis\bandit\HumanEval_35__zero_shot__sample0__final_bandit.stderr.txt,True,passed,9.0,9.0,10.0,10.0,10.0,9.0,"The code is excellent: it's simple, correct, and uses built-in functions appropriately, though the variable name 'l' is slightly ambiguous.",,,
HumanEval/35,max_element,constraint_guided,0,"from typing import List


def max_element(l: List[int]) -> int:
    """"""
    Return the maximum element in the list.
    Assume that the list is not empty.

    Example:
        >>> max_element([1, 2, 3])
        3
    """"""
    max_value = l[0]
    for num in l[1:]:
        if num > max_value:
            max_value = num
    return max_value",raw_generations/HumanEval_35/constraint_guided_sample0.py,,,True,,0,,5.71,0.0,3.0,3.0,100.0,outputs\reports\static_analysis\pylint\HumanEval_35__constraint_guided__sample0__final_pylint.txt,outputs\reports\static_analysis\bandit\HumanEval_35__constraint_guided__sample0__final_bandit.json,outputs\reports\static_analysis\bandit\HumanEval_35__constraint_guided__sample0__final_bandit.stderr.txt,True,passed,8.0,7.0,9.0,6.0,5.0,7.0,Function works correctly but is not Pythonic (reinventing built-in max()) and has efficiency issues with list slicing.,,,
HumanEval/35,max_element,structured_cot,0,"from typing import List


def max_element(l: List[int]) -> int:
    """"""
    Return the maximum element in the list.
    Assume that the list is not empty.

    Example:
        >>> max_element([1, 2, 3])
        3
    """"""
    max_val = l[0]
    for num in l:
        if num > max_val:
            max_val = num
    return max_val",raw_generations/HumanEval_35/structured_cot_sample0.py,,,True,,0,,5.71,0.0,3.0,3.0,100.0,outputs\reports\static_analysis\pylint\HumanEval_35__structured_cot__sample0__final_pylint.txt,outputs\reports\static_analysis\bandit\HumanEval_35__structured_cot__sample0__final_bandit.json,outputs\reports\static_analysis\bandit\HumanEval_35__structured_cot__sample0__final_bandit.stderr.txt,True,passed,9.0,8.0,10.0,9.0,6.0,8.0,"The code is correct and efficient but not Pythonic; it reimplements the built-in max() function, and the variable name 'l' is poor (looks like '1' or 'I').",,,
HumanEval/35,max_element,self_refine,0,"from typing import List


def max_element(l: List[int]) -> int:
    """"""
    Return the maximum element in the list.
    Assume that the list is not empty.

    Example:
        >>> max_element([1, 2, 3])
        3
    """"""
    max_value = l[0]
    for num in l[1:]:
        if num > max_value:
            max_value = num
    return max_value",raw_generations/HumanEval_35/self_refine_sample0.py,"from typing import List


def max_element(l: List[int]) -> int:
    """"""
    Return the maximum element in the list.
    Assume that the list is not empty.

    Example:
        >>> max_element([1, 2, 3])
        3
    """"""
    max_value = l[0]
    for num in l[1:]:
        if num > max_value:
            max_value = num
    return max_value",raw_generations/HumanEval_35/self_refine_sample0_initial.py,True,,0,,5.71,0.0,3.0,3.0,100.0,outputs\reports\static_analysis\pylint\HumanEval_35__self_refine__sample0__final_pylint.txt,outputs\reports\static_analysis\bandit\HumanEval_35__self_refine__sample0__final_bandit.json,outputs\reports\static_analysis\bandit\HumanEval_35__self_refine__sample0__final_bandit.stderr.txt,True,passed,9.0,8.0,10.0,7.0,6.0,8.0,The code is clear and correct but not Pythonic; using built-in max() would be more idiomatic and efficient.,outputs\reports\static_analysis\pylint\HumanEval_35__self_refine__sample0__initial_pylint.txt,outputs\reports\static_analysis\bandit\HumanEval_35__self_refine__sample0__initial_bandit.json,outputs\reports\static_analysis\bandit\HumanEval_35__self_refine__sample0__initial_bandit.stderr.txt
HumanEval/36,fizz_buzz,zero_shot,0,"def fizz_buzz(n: int) -> int:
    count = 0
    for i in range(n):
        if i % 11 == 0 or i % 13 == 0:
            count += str(i).count('7')
    return count",raw_generations/HumanEval_36/zero_shot_sample0.py,,,True,,0,,5.0,0.0,4.0,4.0,69.63245789928568,outputs\reports\static_analysis\pylint\HumanEval_36__zero_shot__sample0__final_pylint.txt,outputs\reports\static_analysis\bandit\HumanEval_36__zero_shot__sample0__final_bandit.json,outputs\reports\static_analysis\bandit\HumanEval_36__zero_shot__sample0__final_bandit.stderr.txt,True,passed,8.0,6.0,10.0,4.0,7.0,7.0,The code is clear and correct but inefficient due to unnecessary string conversions and lack of early termination for digit counting.,,,
HumanEval/36,fizz_buzz,constraint_guided,0,"def fizz_buzz(n: int) -> int:
    """"""
    Return the number of times the digit 7 appears in integers less than n which are divisible by 11 or 13.
    """"""
    count_sevens = 0
    for i in range(n):
        if i % 11 == 0 or i % 13 == 0:
            count_sevens += str(i).count('7')
    return count_sevens",raw_generations/HumanEval_36/constraint_guided_sample0.py,,,True,,0,,5.0,0.0,4.0,4.0,97.24892134334789,outputs\reports\static_analysis\pylint\HumanEval_36__constraint_guided__sample0__final_pylint.txt,outputs\reports\static_analysis\bandit\HumanEval_36__constraint_guided__sample0__final_bandit.json,outputs\reports\static_analysis\bandit\HumanEval_36__constraint_guided__sample0__final_bandit.stderr.txt,True,passed,8.0,7.0,6.0,5.0,7.0,6.0,The code is readable and straightforward but inefficient due to unnecessary string conversions and lacks handling of negative inputs or large n.,,,
HumanEval/36,fizz_buzz,structured_cot,0,"def fizz_buzz(n: int) -> int:
    count = 0
    for i in range(1, n):
        if i % 11 == 0 or i % 13 == 0:
            count += str(i).count('7')
    return count",raw_generations/HumanEval_36/structured_cot_sample0.py,,,True,,0,,5.0,0.0,4.0,4.0,69.63245789928568,outputs\reports\static_analysis\pylint\HumanEval_36__structured_cot__sample0__final_pylint.txt,outputs\reports\static_analysis\bandit\HumanEval_36__structured_cot__sample0__final_bandit.json,outputs\reports\static_analysis\bandit\HumanEval_36__structured_cot__sample0__final_bandit.stderr.txt,True,passed,7.0,6.0,8.0,5.0,6.0,6.0,"The code is simple and readable but inefficient due to string conversion for every divisible number, and it lacks modularity for future changes.",,,
HumanEval/36,fizz_buzz,self_refine,0,"def fizz_buzz(n: int) -> int:
    """"""
    Return the number of times the digit 7 appears in integers less than n which are divisible by 11 or 13.
    """"""
    if not isinstance(n, int):
        raise TypeError(""Input must be an integer"")
    if n < 0:
        raise ValueError(""Input must be non-negative"")
    
    count_sevens = 0
    for num in range(n):
        if num % 11 == 0 or num % 13 == 0:
            count_sevens += str(num).count('7')
    return count_sevens",raw_generations/HumanEval_36/self_refine_sample0.py,"def fizz_buzz(n: int) -> int:
    """"""
    Return the number of times the digit 7 appears in integers less than n which are divisible by 11 or 13.
    """"""
    count_sevens = 0
    for num in range(n):
        if num % 11 == 0 or num % 13 == 0:
            count_sevens += str(num).count('7')
    return count_sevens",raw_generations/HumanEval_36/self_refine_sample0_initial.py,True,,0,,6.0,0.0,6.0,6.0,89.10500932881152,outputs\reports\static_analysis\pylint\HumanEval_36__self_refine__sample0__final_pylint.txt,outputs\reports\static_analysis\bandit\HumanEval_36__self_refine__sample0__final_bandit.json,outputs\reports\static_analysis\bandit\HumanEval_36__self_refine__sample0__final_bandit.stderr.txt,True,passed,8.0,7.0,6.0,5.0,7.0,6.0,"The code is readable and handles basic input validation, but it's inefficient due to unnecessary string conversions and lacks proper edge-case handling for large inputs or negative numbers in the loop.",outputs\reports\static_analysis\pylint\HumanEval_36__self_refine__sample0__initial_pylint.txt,outputs\reports\static_analysis\bandit\HumanEval_36__self_refine__sample0__initial_bandit.json,outputs\reports\static_analysis\bandit\HumanEval_36__self_refine__sample0__initial_bandit.stderr.txt
HumanEval/37,sort_even,zero_shot,0,"from typing import List


def sort_even(l: List[int]) -> List[int]:
    """"""
    This function takes a list l and returns a list l' such that
    l' is identical to l in the odd indicies, while its values at the even indicies are equal
    to the values of the even indicies of l, but sorted.

    Examples:
        >>> sort_even([1, 2, 3])
        [1, 2, 3]
        >>> sort_even([5, 6, 3, 4])
        [3, 6, 5, 4]
    """"""
    even_values = [l[i] for i in range(0, len(l), 2)]
    even_values.sort()
    result = l[:]
    for i in range(0, len(l), 2):
        result[i] = even_values[i // 2]
    return result",raw_generations/HumanEval_37/zero_shot_sample0.py,,,True,,0,,7.5,0.0,3.0,3.0,94.51796315016882,outputs\reports\static_analysis\pylint\HumanEval_37__zero_shot__sample0__final_pylint.txt,outputs\reports\static_analysis\bandit\HumanEval_37__zero_shot__sample0__final_bandit.json,outputs\reports\static_analysis\bandit\HumanEval_37__zero_shot__sample0__final_bandit.stderr.txt,True,passed,7.0,7.0,8.0,8.0,6.0,7.0,"The code is functional and mostly clear, but has some Pythonic issues including using 'l' as a variable name and could be more concise with list slicing.",,,
HumanEval/37,sort_even,constraint_guided,0,"from typing import List


def sort_even(l: List[int]) -> List[int]:
    """"""
    This function takes a list l and returns a list l' such that
    l' is identical to l in the odd indicies, while its values at the even indicies are equal
    to the values of the even indicies of l, but sorted.

    Examples:
        >>> sort_even([1, 2, 3])
        [1, 2, 3]
        >>> sort_even([5, 6, 3, 4])
        [3, 6, 5, 4]
    """"""
    if not l:
        return []
    
    # Extract even-indexed elements
    even_elements = [l[i] for i in range(0, len(l), 2)]
    # Sort them
    even_elements.sort()
    
    # Build the result list
    result = []
    even_index = 0
    for i in range(len(l)):
        if i % 2 == 0:
            result.append(even_elements[even_index])
            even_index += 1
        else:
            result.append(l[i])
    
    return result",raw_generations/HumanEval_37/constraint_guided_sample0.py,,,True,,0,,5.71,0.0,5.0,5.0,89.37875214483684,outputs\reports\static_analysis\pylint\HumanEval_37__constraint_guided__sample0__final_pylint.txt,outputs\reports\static_analysis\bandit\HumanEval_37__constraint_guided__sample0__final_bandit.json,outputs\reports\static_analysis\bandit\HumanEval_37__constraint_guided__sample0__final_bandit.stderr.txt,True,passed,8.0,7.0,8.0,7.0,7.0,7.0,"The code is clear and mostly correct, but it has minor inefficiencies and could be more Pythonic by using list slicing and zip for better readability and performance.",,,
HumanEval/37,sort_even,structured_cot,0,"from typing import List


def sort_even(l: List[int]) -> List[int]:
    """"""
    This function takes a list l and returns a list l' such that
    l' is identical to l in the odd indicies, while its values at the even indicies are equal
    to the values of the even indicies of l, but sorted.

    Examples:
        >>> sort_even([1, 2, 3])
        [1, 2, 3]
        >>> sort_even([5, 6, 3, 4])
        [3, 6, 5, 4]
    """"""
    if not l:
        return []
    
    even_values = [l[i] for i in range(0, len(l), 2)]
    even_values.sort()
    
    result = l[:]
    for i in range(0, len(l), 2):
        result[i] = even_values[i // 2]
    
    return result",raw_generations/HumanEval_37/structured_cot_sample0.py,,,True,,0,,5.0,0.0,4.0,4.0,94.10720403796086,outputs\reports\static_analysis\pylint\HumanEval_37__structured_cot__sample0__final_pylint.txt,outputs\reports\static_analysis\bandit\HumanEval_37__structured_cot__sample0__final_bandit.json,outputs\reports\static_analysis\bandit\HumanEval_37__structured_cot__sample0__final_bandit.stderr.txt,True,passed,8.0,7.0,8.0,8.0,7.0,7.0,"The code is clear and mostly efficient, but could be more Pythonic by using list comprehensions more effectively and handling edge cases more explicitly.",,,
HumanEval/37,sort_even,self_refine,0,"from typing import List


def sort_even(l: List[int]) -> List[int]:
    """"""
    This function takes a list l and returns a list l' such that
    l' is identical to l in the odd indicies, while its values at the even indicies are equal
    to the values of the even indicies of l, but sorted.

    Examples:
        >>> sort_even([1, 2, 3])
        [1, 2, 3]
        >>> sort_even([5, 6, 3, 4])
        [3, 6, 5, 4]
    """"""
    if not l:
        return []

    # Extract and sort even-indexed elements
    even_elements = sorted(l[i] for i in range(0, len(l), 2))
    
    # Build result list
    result = l.copy()
    for i, sorted_val in zip(range(0, len(l), 2), even_elements):
        result[i] = sorted_val
    
    return result",raw_generations/HumanEval_37/self_refine_sample0.py,"from typing import List


def sort_even(l: List[int]) -> List[int]:
    """"""
    This function takes a list l and returns a list l' such that
    l' is identical to l in the odd indicies, while its values at the even indicies are equal
    to the values of the even indicies of l, but sorted.

    Examples:
        >>> sort_even([1, 2, 3])
        [1, 2, 3]
        >>> sort_even([5, 6, 3, 4])
        [3, 6, 5, 4]
    """"""
    if not l:
        return []
    
    # Extract even-indexed elements
    even_elements = [l[i] for i in range(0, len(l), 2)]
    # Sort them
    even_elements.sort()
    
    # Build the result list
    result = []
    even_index = 0
    for i in range(len(l)):
        if i % 2 == 0:
            result.append(even_elements[even_index])
            even_index += 1
        else:
            result.append(l[i])
    
    return result",raw_generations/HumanEval_37/self_refine_sample0_initial.py,True,,0,,5.56,0.0,4.0,4.0,95.4489547443746,outputs\reports\static_analysis\pylint\HumanEval_37__self_refine__sample0__final_pylint.txt,outputs\reports\static_analysis\bandit\HumanEval_37__self_refine__sample0__final_bandit.json,outputs\reports\static_analysis\bandit\HumanEval_37__self_refine__sample0__final_bandit.stderr.txt,True,passed,8.0,7.0,9.0,8.0,7.0,8.0,The code is clear and efficient but could be more Pythonic by using list comprehensions and better handling of edge cases.,outputs\reports\static_analysis\pylint\HumanEval_37__self_refine__sample0__initial_pylint.txt,outputs\reports\static_analysis\bandit\HumanEval_37__self_refine__sample0__initial_bandit.json,outputs\reports\static_analysis\bandit\HumanEval_37__self_refine__sample0__initial_bandit.stderr.txt
HumanEval/38,decode_cyclic,zero_shot,0,"def decode_cyclic(s: str) -> str:
    """"""
    Takes as input string encoded with encode_cyclic function. Returns decoded string.
    """"""
    groups = [s[(3 * i):min((3 * i + 3), len(s))]
              for i in range((len(s) + 2) // 3)]
    groups = [(group[-1] + group[:-1]) if len(group)
              == 3 else group for group in groups]
    return """".join(groups)",raw_generations/HumanEval_38/zero_shot_sample0.py,,,True,,0,,5.0,0.0,4.0,4.0,96.17148384103236,outputs\reports\static_analysis\pylint\HumanEval_38__zero_shot__sample0__final_pylint.txt,outputs\reports\static_analysis\bandit\HumanEval_38__zero_shot__sample0__final_bandit.json,outputs\reports\static_analysis\bandit\HumanEval_38__zero_shot__sample0__final_bandit.stderr.txt,True,passed,8.0,7.0,9.0,8.0,7.0,8.0,"The code is clear and efficient, but could benefit from better modularization and more descriptive variable names to enhance maintainability.",,,
HumanEval/38,decode_cyclic,constraint_guided,0,"def decode_cyclic(s: str) -> str:
    """"""
    Takes as input string encoded with encode_cyclic function. Returns decoded string.
    """"""
    groups = [s[(3 * i):min((3 * i + 3), len(s))]
              for i in range((len(s) + 2) // 3)]
    groups = [(group[-1] + group[:-1]) if len(group)
              == 3 else group for group in groups]
    return """".join(groups)",raw_generations/HumanEval_38/constraint_guided_sample0.py,,,True,,0,,5.0,0.0,4.0,4.0,96.17148384103236,outputs\reports\static_analysis\pylint\HumanEval_38__constraint_guided__sample0__final_pylint.txt,outputs\reports\static_analysis\bandit\HumanEval_38__constraint_guided__sample0__final_bandit.json,outputs\reports\static_analysis\bandit\HumanEval_38__constraint_guided__sample0__final_bandit.stderr.txt,True,passed,7.0,6.0,8.0,8.0,7.0,7.0,"The code is generally clear and efficient, but lacks modularity and has some duplication between encode and decode functions.",,,
HumanEval/38,decode_cyclic,structured_cot,0,"def encode_cyclic(s: str) -> str:
    """"""
    Returns encoded string by cycling groups of three characters.
    """"""
    groups = [s[(3 * i):min((3 * i + 3), len(s))]
              for i in range((len(s) + 2) // 3)]
    groups = [(group[1:] + group[0]) if len(group)
              == 3 else group for group in groups]
    return """".join(groups)


def decode_cyclic(s: str) -> str:
    """"""
    Takes as input string encoded with encode_cyclic function. Returns decoded string.
    """"""
    groups = [s[(3 * i):min((3 * i + 3), len(s))]
              for i in range((len(s) + 2) // 3)]
    groups = [(group[-1] + group[:-1]) if len(group)
              == 3 else group for group in groups]
    return """".join(groups)",raw_generations/HumanEval_38/structured_cot_sample0.py,,,True,,0,,7.5,0.0,4.0,4.0,86.86038800040863,outputs\reports\static_analysis\pylint\HumanEval_38__structured_cot__sample0__final_pylint.txt,outputs\reports\static_analysis\bandit\HumanEval_38__structured_cot__sample0__final_bandit.json,outputs\reports\static_analysis\bandit\HumanEval_38__structured_cot__sample0__final_bandit.stderr.txt,False,assertion_failed: ,7.0,6.0,8.0,8.0,6.0,7.0,The code is functional and efficient but lacks modularity and has some readability issues with complex list comprehensions.,,,
HumanEval/38,decode_cyclic,self_refine,0,"def encode_cyclic(s: str) -> str:
    """"""
    Returns encoded string by cycling groups of three characters.
    """"""
    groups = [s[(3 * i):min((3 * i + 3), len(s))]
              for i in range((len(s) + 2) // 3)]
    groups = [(group[1:] + group[0]) if len(group)
              == 3 else group for group in groups]
    return """".join(groups)


def decode_cyclic(s: str) -> str:
    """"""
    Takes as input string encoded with encode_cyclic function. Returns decoded string.
    """"""
    groups = [s[(3 * i):min((3 * i + 3), len(s))]
              for i in range((len(s) + 2) // 3)]
    groups = [(group[-1] + group[:-1]) if len(group)
              == 3 else group for group in groups]
    return """".join(groups)",raw_generations/HumanEval_38/self_refine_sample0.py,"def decode_cyclic(s: str) -> str:
    groups = [s[(3 * i):min((3 * i + 3), len(s))]
              for i in range((len(s) + 2) // 3)]
    groups = [(group[-1] + group[:-1]) if len(group)
              == 3 else group for group in groups]
    return """".join(groups)",raw_generations/HumanEval_38/self_refine_sample0_initial.py,True,,0,,7.5,0.0,4.0,4.0,86.86038800040863,outputs\reports\static_analysis\pylint\HumanEval_38__self_refine__sample0__final_pylint.txt,outputs\reports\static_analysis\bandit\HumanEval_38__self_refine__sample0__final_bandit.json,outputs\reports\static_analysis\bandit\HumanEval_38__self_refine__sample0__final_bandit.stderr.txt,False,assertion_failed: ,7.0,6.0,8.0,8.0,6.0,7.0,The code is functional and efficient but lacks modularity and has some readability issues due to complex list comprehensions and duplicated logic.,outputs\reports\static_analysis\pylint\HumanEval_38__self_refine__sample0__initial_pylint.txt,outputs\reports\static_analysis\bandit\HumanEval_38__self_refine__sample0__initial_bandit.json,outputs\reports\static_analysis\bandit\HumanEval_38__self_refine__sample0__initial_bandit.stderr.txt
HumanEval/39,prime_fib,zero_shot,0,"def prime_fib(n: int) -> int:
    def is_prime(num: int) -> bool:
        if num < 2:
            return False
        if num == 2:
            return True
        if num % 2 == 0:
            return False
        i = 3
        while i * i <= num:
            if num % i == 0:
                return False
            i += 2
        return True

    if n <= 0:
        return 0

    count = 0
    a, b = 0, 1
    while True:
        a, b = b, a + b
        if is_prime(a):
            count += 1
            if count == n:
                return a",raw_generations/HumanEval_39/zero_shot_sample0.py,,,True,,0,,8.75,0.0,5.0,5.0,53.68044739412259,outputs\reports\static_analysis\pylint\HumanEval_39__zero_shot__sample0__final_pylint.txt,outputs\reports\static_analysis\bandit\HumanEval_39__zero_shot__sample0__final_bandit.json,outputs\reports\static_analysis\bandit\HumanEval_39__zero_shot__sample0__final_bandit.stderr.txt,True,passed,8.0,7.0,6.0,4.0,6.0,6.0,"The code is readable and modular, but it's inefficient for larger n due to naive prime checking and lacks proper handling for very large Fibonacci numbers.",,,
HumanEval/39,prime_fib,constraint_guided,0,"def prime_fib(n: int) -> int:
    if n <= 0:
        return 0
    if n == 1:
        return 2
    
    def is_prime(num: int) -> bool:
        if num < 2:
            return False
        if num == 2:
            return True
        if num % 2 == 0:
            return False
        limit = int(num ** 0.5) + 1
        for divisor in range(3, limit, 2):
            if num % divisor == 0:
                return False
        return True
    
    count = 1
    a, b = 1, 1
    
    while count < n:
        a, b = b, a + b
        if is_prime(b):
            count += 1
    
    return b",raw_generations/HumanEval_39/constraint_guided_sample0.py,,,True,,0,,7.08,0.0,5.0,5.0,53.57880182507166,outputs\reports\static_analysis\pylint\HumanEval_39__constraint_guided__sample0__final_pylint.txt,outputs\reports\static_analysis\bandit\HumanEval_39__constraint_guided__sample0__final_bandit.json,outputs\reports\static_analysis\bandit\HumanEval_39__constraint_guided__sample0__final_bandit.stderr.txt,False,assertion_failed: ,7.0,6.0,5.0,4.0,6.0,5.0,"The code has logical errors (starts Fibonacci from 1,1 instead of 0,1 and mishandles n=1), is inefficient for large n due to primality testing on all Fibonacci numbers, and lacks modular separation of concerns.",,,
HumanEval/39,prime_fib,structured_cot,0,"def is_prime(num: int) -> bool:
    if num < 2:
        return False
    if num == 2:
        return True
    if num % 2 == 0:
        return False
    i = 3
    while i * i <= num:
        if num % i == 0:
            return False
        i += 2
    return True

def prime_fib(n: int) -> int:
    if n <= 0:
        return 0
    count = 0
    a, b = 0, 1
    while True:
        a, b = b, a + b
        if a > 1 and is_prime(a):
            count += 1
            if count == n:
                return a",raw_generations/HumanEval_39/structured_cot_sample0.py,,,True,,0,,8.33,0.0,6.0,6.0,52.2470903051463,outputs\reports\static_analysis\pylint\HumanEval_39__structured_cot__sample0__final_pylint.txt,outputs\reports\static_analysis\bandit\HumanEval_39__structured_cot__sample0__final_bandit.json,outputs\reports\static_analysis\bandit\HumanEval_39__structured_cot__sample0__final_bandit.stderr.txt,False,assertion_failed: ,8.0,7.0,6.0,4.0,6.0,6.0,"The code is readable and modular, but the Fibonacci generation is inefficient for large n and lacks proper handling for invalid inputs beyond n <= 0.",,,
HumanEval/39,prime_fib,self_refine,0,"def prime_fib(n: int) -> int:
    """"""
    prime_fib returns n-th number that is a Fibonacci number and also prime.
    """"""
    def is_prime(num: int) -> bool:
        if num < 2:
            return False
        if num == 2:
            return True
        if num % 2 == 0:
            return False
        limit = int(num ** 0.5) + 1
        for i in range(3, limit, 2):
            if num % i == 0:
                return False
        return True

    if n <= 0:
        raise ValueError(""n must be positive"")

    count = 0
    a, b = 0, 1
    while True:
        a, b = b, a + b
        if is_prime(a):
            count += 1
            if count == n:
                return a",raw_generations/HumanEval_39/self_refine_sample0.py,"def prime_fib(n: int) -> int:
    """"""
    prime_fib returns n-th number that is a Fibonacci number and also prime.
    """"""
    def is_prime(num: int) -> bool:
        if num < 2:
            return False
        if num == 2:
            return True
        if num % 2 == 0:
            return False
        limit = int(num ** 0.5) + 1
        for i in range(3, limit, 2):
            if num % i == 0:
                return False
        return True

    if n <= 0:
        return 0

    count = 0
    a, b = 0, 1
    while count < n:
        a, b = b, a + b
        if a > 1 and is_prime(a):
            count += 1
            if count == n:
                return a
    return 0",raw_generations/HumanEval_39/self_refine_sample0_initial.py,True,,0,,9.13,0.0,5.0,5.0,73.71776949024576,outputs\reports\static_analysis\pylint\HumanEval_39__self_refine__sample0__final_pylint.txt,outputs\reports\static_analysis\bandit\HumanEval_39__self_refine__sample0__final_bandit.json,outputs\reports\static_analysis\bandit\HumanEval_39__self_refine__sample0__final_bandit.stderr.txt,True,passed,8.0,7.0,6.0,4.0,7.0,6.0,The code is readable and mostly correct but inefficient for larger n due to naive Fibonacci generation and primality testing; also lacks handling for very large prime Fibonacci numbers.,outputs\reports\static_analysis\pylint\HumanEval_39__self_refine__sample0__initial_pylint.txt,outputs\reports\static_analysis\bandit\HumanEval_39__self_refine__sample0__initial_bandit.json,outputs\reports\static_analysis\bandit\HumanEval_39__self_refine__sample0__initial_bandit.stderr.txt
HumanEval/40,triples_sum_to_zero,zero_shot,0,"from typing import List


def triples_sum_to_zero(l: List[int]) -> bool:
    """"""
    Check if there are three distinct elements
    in the list that sum to zero.

    Examples:
        >>> triples_sum_to_zero([1, 3, 5, 0])
        False
        >>> triples_sum_to_zero([1, 3, -2, 1])
        True
    """"""
    n = len(l)
    if n < 3:
        return False
    
    for i in range(n - 2):
        for j in range(i + 1, n - 1):
            for k in range(j + 1, n):
                if l[i] + l[j] + l[k] == 0:
                    return True
    return False",raw_generations/HumanEval_40/zero_shot_sample0.py,,,True,,0,,7.27,0.0,6.0,6.0,89.67554139324993,outputs\reports\static_analysis\pylint\HumanEval_40__zero_shot__sample0__final_pylint.txt,outputs\reports\static_analysis\bandit\HumanEval_40__zero_shot__sample0__final_bandit.json,outputs\reports\static_analysis\bandit\HumanEval_40__zero_shot__sample0__final_bandit.stderr.txt,True,passed,8.0,6.0,7.0,3.0,6.0,6.0,"The code is readable and correct for small inputs but uses an O(n³) brute-force algorithm, which is inefficient for larger lists, and lacks handling for duplicate elements as required by the specification.",,,
HumanEval/40,triples_sum_to_zero,constraint_guided,0,"from typing import List


def triples_sum_to_zero(l: List[int]) -> bool:
    """"""
    Check if there are three distinct elements
    in the list that sum to zero.
    """"""
    n = len(l)
    if n < 3:
        return False

    # Sort to enable two-pointer technique
    sorted_list = sorted(l)

    for i in range(n - 2):
        # Skip duplicate starting elements to avoid duplicate triple checks
        if i > 0 and sorted_list[i] == sorted_list[i - 1]:
            continue

        left = i + 1
        right = n - 1
        target = -sorted_list[i]

        while left < right:
            current_sum = sorted_list[left] + sorted_list[right]

            if current_sum == target:
                return True
            elif current_sum < target:
                left += 1
            else:
                right -= 1

    return False",raw_generations/HumanEval_40/constraint_guided_sample0.py,,,True,,0,,8.5,0.0,8.0,8.0,79.66064014167127,outputs\reports\static_analysis\pylint\HumanEval_40__constraint_guided__sample0__final_pylint.txt,outputs\reports\static_analysis\bandit\HumanEval_40__constraint_guided__sample0__final_bandit.json,outputs\reports\static_analysis\bandit\HumanEval_40__constraint_guided__sample0__final_bandit.stderr.txt,True,passed,8.0,7.0,8.0,9.0,7.0,8.0,"The code is generally well-structured and efficient, but naming conventions could be improved and edge case handling for duplicates could be more robust.",,,
HumanEval/40,triples_sum_to_zero,structured_cot,0,"from typing import List


def triples_sum_to_zero(l: List[int]) -> bool:
    """"""
    Check if there are three distinct elements
    in the list that sum to zero.

    Examples:
        >>> triples_sum_to_zero([1, 3, 5, 0])
        False
        >>> triples_sum_to_zero([1, 3, -2, 1])
        True
    """"""
    n = len(l)
    for i in range(n):
        for j in range(i + 1, n):
            for k in range(j + 1, n):
                if l[i] + l[j] + l[k] == 0:
                    return True
    return False",raw_generations/HumanEval_40/structured_cot_sample0.py,,,True,,0,,7.78,0.0,5.0,5.0,91.14670819204602,outputs\reports\static_analysis\pylint\HumanEval_40__structured_cot__sample0__final_pylint.txt,outputs\reports\static_analysis\bandit\HumanEval_40__structured_cot__sample0__final_bandit.json,outputs\reports\static_analysis\bandit\HumanEval_40__structured_cot__sample0__final_bandit.stderr.txt,True,passed,8.0,6.0,7.0,3.0,6.0,6.0,"The brute-force approach is straightforward but inefficient (O(n³)), and the variable name 'l' is poor (looks like '1' or 'I').",,,
HumanEval/40,triples_sum_to_zero,self_refine,0,"from typing import List


def triples_sum_to_zero(l: List[int]) -> bool:
    """"""
    Check if there are three distinct elements
    in the list that sum to zero.

    Examples:
        >>> triples_sum_to_zero([1, 3, 5, 0])
        False
        >>> triples_sum_to_zero([1, 3, -2, 1])
        True
    """"""
    if len(l) < 3:
        return False
    
    n = len(l)
    for i in range(n - 2):
        for j in range(i + 1, n - 1):
            for k in range(j + 1, n):
                if l[i] + l[j] + l[k] == 0:
                    return True
    return False",raw_generations/HumanEval_40/self_refine_sample0.py,"from typing import List


def triples_sum_to_zero(l: List[int]) -> bool:
    """"""
    Check if there are three distinct elements
    in the list that sum to zero.
    """"""
    n = len(l)
    for i in range(n - 2):
        for j in range(i + 1, n - 1):
            for k in range(j + 1, n):
                if l[i] + l[j] + l[k] == 0:
                    return True
    return False",raw_generations/HumanEval_40/self_refine_sample0_initial.py,True,,0,,7.27,0.0,6.0,6.0,89.60976569849551,outputs\reports\static_analysis\pylint\HumanEval_40__self_refine__sample0__final_pylint.txt,outputs\reports\static_analysis\bandit\HumanEval_40__self_refine__sample0__final_bandit.json,outputs\reports\static_analysis\bandit\HumanEval_40__self_refine__sample0__final_bandit.stderr.txt,True,passed,8.0,6.0,7.0,2.0,6.0,5.0,"The code is readable and correct for small inputs but uses an O(n³) brute-force approach, which is inefficient for larger lists; it also lacks handling of duplicate elements as 'distinct' might imply.",outputs\reports\static_analysis\pylint\HumanEval_40__self_refine__sample0__initial_pylint.txt,outputs\reports\static_analysis\bandit\HumanEval_40__self_refine__sample0__initial_bandit.json,outputs\reports\static_analysis\bandit\HumanEval_40__self_refine__sample0__initial_bandit.stderr.txt
HumanEval/41,car_race_collision,zero_shot,0,"def car_race_collision(n: int) -> int:
    return n * n",raw_generations/HumanEval_41/zero_shot_sample0.py,,,True,,0,,0.0,0.0,1.0,1.0,89.95803027710804,outputs\reports\static_analysis\pylint\HumanEval_41__zero_shot__sample0__final_pylint.txt,outputs\reports\static_analysis\bandit\HumanEval_41__zero_shot__sample0__final_bandit.json,outputs\reports\static_analysis\bandit\HumanEval_41__zero_shot__sample0__final_bandit.stderr.txt,True,passed,8.0,9.0,0.0,10.0,8.0,2.0,"The code is simple and efficient but mathematically incorrect for the described collision problem, as it returns n² instead of the correct n collisions.",,,
HumanEval/41,car_race_collision,constraint_guided,0,"def car_race_collision(n: int) -> int:
    """"""
    Each left-to-right car will collide with every right-to-left car it meets.
    Since all cars move at the same speed and start far apart, each left-to-right
    car will eventually pass all right-to-left cars coming from the opposite direction.
    Therefore, each of the n left-to-right cars collides with all n right-to-left cars.
    Total collisions = n * n = n².
    """"""
    return n * n",raw_generations/HumanEval_41/constraint_guided_sample0.py,,,True,,0,,0.0,0.0,1.0,1.0,66.51088890426858,outputs\reports\static_analysis\pylint\HumanEval_41__constraint_guided__sample0__final_pylint.txt,outputs\reports\static_analysis\bandit\HumanEval_41__constraint_guided__sample0__final_bandit.json,outputs\reports\static_analysis\bandit\HumanEval_41__constraint_guided__sample0__final_bandit.stderr.txt,True,passed,8.0,9.0,10.0,10.0,9.0,9.0,"Clean, efficient, and correct implementation with excellent documentation, though slightly lacking in edge-case validation for negative inputs.",,,
HumanEval/41,car_race_collision,structured_cot,0,"def car_race_collision(n: int) -> int:
    return n * n",raw_generations/HumanEval_41/structured_cot_sample0.py,,,True,,0,,0.0,0.0,1.0,1.0,89.95803027710804,outputs\reports\static_analysis\pylint\HumanEval_41__structured_cot__sample0__final_pylint.txt,outputs\reports\static_analysis\bandit\HumanEval_41__structured_cot__sample0__final_bandit.json,outputs\reports\static_analysis\bandit\HumanEval_41__structured_cot__sample0__final_bandit.stderr.txt,True,passed,9.0,9.0,10.0,10.0,9.0,9.0,"The code is extremely simple, correct, and efficient, but lacks any explanatory comments for the mathematical reasoning behind the n*n formula.",,,
HumanEval/41,car_race_collision,self_refine,0,"def car_race_collision(n: int) -> int:
    """"""
    Calculate the total number of collisions between two sets of n cars
    moving in opposite directions on an infinite straight road.
    
    Since all cars move at the same speed and are infinitely sturdy,
    each left-to-right car will pass through every right-to-left car,
    resulting in one collision per pair.
    
    Args:
        n: Number of cars moving in each direction (non-negative integer).
    
    Returns:
        Total number of collisions (n²).
    
    Raises:
        ValueError: If n is negative.
    """"""
    if not isinstance(n, int):
        raise TypeError(""n must be an integer"")
    if n < 0:
        raise ValueError(""n must be non-negative"")
    
    return n * n",raw_generations/HumanEval_41/self_refine_sample0.py,"def car_race_collision(n: int) -> int:
    """"""
    Each left-to-right car will collide with every right-to-left car it meets.
    Since all cars move at the same speed and start far apart, each left-to-right
    car will eventually pass all right-to-left cars coming from the opposite direction.
    Therefore, each of the n left-to-right cars collides with all n right-to-left cars.
    Total collisions = n * n = n^2.
    """"""
    return n * n",raw_generations/HumanEval_41/self_refine_sample0_initial.py,True,,0,,5.0,0.0,3.0,3.0,74.62399890979673,outputs\reports\static_analysis\pylint\HumanEval_41__self_refine__sample0__final_pylint.txt,outputs\reports\static_analysis\bandit\HumanEval_41__self_refine__sample0__final_bandit.json,outputs\reports\static_analysis\bandit\HumanEval_41__self_refine__sample0__final_bandit.stderr.txt,True,passed,9.0,8.0,7.0,10.0,8.0,8.0,"The code is clean and efficient, but the collision logic is mathematically incorrect (should be n², not n*n which is the same, but the reasoning is flawed as collisions are actually n², not n*n which is the same, but the docstring incorrectly states n² when it's actually n*n, but both are the same; however, the real issue is that the problem describes n cars in each direction, so collisions are n*n = n², which is correct, but the function's logic is oversimplified and doesn't match the problem's description of collisions occurring when cars 'hit' while continuing their trajectory, which actually requires considering relative positions and timing, making the implementation potentially incorrect for the described scenario.",outputs\reports\static_analysis\pylint\HumanEval_41__self_refine__sample0__initial_pylint.txt,outputs\reports\static_analysis\bandit\HumanEval_41__self_refine__sample0__initial_bandit.json,outputs\reports\static_analysis\bandit\HumanEval_41__self_refine__sample0__initial_bandit.stderr.txt
HumanEval/42,incr_list,zero_shot,0,"from typing import List


def incr_list(l: List[int]) -> List[int]:
    """"""
    Increment all elements of the list by 1.

    Example:
        >>> incr_list([1, 2, 3])
        [2, 3, 4]
    """"""
    return [x + 1 for x in l]",raw_generations/HumanEval_42/zero_shot_sample0.py,,,True,,0,,3.33,0.0,2.0,2.0,87.98684928559567,outputs\reports\static_analysis\pylint\HumanEval_42__zero_shot__sample0__final_pylint.txt,outputs\reports\static_analysis\bandit\HumanEval_42__zero_shot__sample0__final_bandit.json,outputs\reports\static_analysis\bandit\HumanEval_42__zero_shot__sample0__final_bandit.stderr.txt,True,passed,9.0,9.0,10.0,10.0,9.0,9.0,"Clean, efficient, and correct implementation using a list comprehension; minor deduction for using 'l' as a parameter name which can be confused with '1' or 'I'.",,,
HumanEval/42,incr_list,constraint_guided,0,"from typing import List


def incr_list(l: List[int]) -> List[int]:
    """"""
    Increment all elements of the list by 1.

    Example:
        >>> incr_list([1, 2, 3])
        [2, 3, 4]
    """"""
    return [x + 1 for x in l]",raw_generations/HumanEval_42/constraint_guided_sample0.py,,,True,,0,,3.33,0.0,2.0,2.0,87.98684928559567,outputs\reports\static_analysis\pylint\HumanEval_42__constraint_guided__sample0__final_pylint.txt,outputs\reports\static_analysis\bandit\HumanEval_42__constraint_guided__sample0__final_bandit.json,outputs\reports\static_analysis\bandit\HumanEval_42__constraint_guided__sample0__final_bandit.stderr.txt,True,passed,9.0,9.0,10.0,10.0,9.0,9.0,"Excellent implementation - concise, efficient, and perfectly follows the task specification.",,,
HumanEval/42,incr_list,structured_cot,0,"from typing import List

def incr_list(l: List[int]) -> List[int]:
    """"""
    Increment all elements of the list by 1.

    Example:
        >>> incr_list([1, 2, 3])
        [2, 3, 4]
    """"""
    return [x + 1 for x in l]",raw_generations/HumanEval_42/structured_cot_sample0.py,,,True,,0,,3.33,0.0,2.0,2.0,87.98684928559567,outputs\reports\static_analysis\pylint\HumanEval_42__structured_cot__sample0__final_pylint.txt,outputs\reports\static_analysis\bandit\HumanEval_42__structured_cot__sample0__final_bandit.json,outputs\reports\static_analysis\bandit\HumanEval_42__structured_cot__sample0__final_bandit.stderr.txt,True,passed,9.0,9.0,10.0,10.0,9.0,9.0,"Clean, efficient, and correct implementation using a list comprehension; minor deduction for using 'l' as a parameter name which can be confused with '1' or 'I'.",,,
HumanEval/42,incr_list,self_refine,0,"from typing import List


def incr_list(l: List[int]) -> List[int]:
    """"""
    Increment all elements of the list by 1.

    Example:
        >>> incr_list([1, 2, 3])
        [2, 3, 4]
    """"""
    if l is None:
        return []
    return [x + 1 for x in l]",raw_generations/HumanEval_42/self_refine_sample0.py,"from typing import List


def incr_list(l: List[int]) -> List[int]:
    """"""
    Increment all elements of the list by 1.

    Example:
        >>> incr_list([1, 2, 3])
        [2, 3, 4]
    """"""
    return [x + 1 for x in l]",raw_generations/HumanEval_42/self_refine_sample0_initial.py,True,,0,,6.0,0.0,3.0,3.0,96.66694416534853,outputs\reports\static_analysis\pylint\HumanEval_42__self_refine__sample0__final_pylint.txt,outputs\reports\static_analysis\bandit\HumanEval_42__self_refine__sample0__final_bandit.json,outputs\reports\static_analysis\bandit\HumanEval_42__self_refine__sample0__final_bandit.stderr.txt,True,passed,8.0,7.0,6.0,9.0,7.0,7.0,"The code is generally clear and efficient, but the unnecessary None check for the parameter and the use of a single-letter variable name 'l' reduce maintainability and Pythonic style.",outputs\reports\static_analysis\pylint\HumanEval_42__self_refine__sample0__initial_pylint.txt,outputs\reports\static_analysis\bandit\HumanEval_42__self_refine__sample0__initial_bandit.json,outputs\reports\static_analysis\bandit\HumanEval_42__self_refine__sample0__initial_bandit.stderr.txt
HumanEval/43,pairs_sum_to_zero,zero_shot,0,"from typing import List


def pairs_sum_to_zero(l: List[int]) -> bool:
    """"""
    Check if there are two distinct elements
    in the list that sum to zero.

    Examples:
        >>> pairs_sum_to_zero([1, 3, 5, 0])
        False
        >>> pairs_sum_to_zero([2, 4, -5, 3, 5, 7])
        True
    """"""
    seen = set()
    for num in l:
        if -num in seen:
            return True
        seen.add(num)
    return False",raw_generations/HumanEval_43/zero_shot_sample0.py,,,True,,0,,7.5,0.0,3.0,3.0,95.00334197814921,outputs\reports\static_analysis\pylint\HumanEval_43__zero_shot__sample0__final_pylint.txt,outputs\reports\static_analysis\bandit\HumanEval_43__zero_shot__sample0__final_bandit.json,outputs\reports\static_analysis\bandit\HumanEval_43__zero_shot__sample0__final_bandit.stderr.txt,True,passed,9.0,9.0,8.0,9.0,9.0,9.0,"Clean, efficient solution with minor correctness issue: it doesn't ensure distinct elements when num=0 (e.g., [0,0] returns True incorrectly).",,,
HumanEval/43,pairs_sum_to_zero,constraint_guided,0,"from typing import List


def pairs_sum_to_zero(l: List[int]) -> bool:
    """"""
    Check if there are two distinct elements
    in the list that sum to zero.

    Examples:
        >>> pairs_sum_to_zero([1, 3, 5, 0])
        False
        >>> pairs_sum_to_zero([2, 4, -5, 3, 5, 7])
        True
    """"""
    seen = set()
    for num in l:
        complement = -num
        if complement in seen:
            return True
        seen.add(num)
    return False",raw_generations/HumanEval_43/constraint_guided_sample0.py,,,True,,0,,7.78,0.0,3.0,3.0,95.96896381577493,outputs\reports\static_analysis\pylint\HumanEval_43__constraint_guided__sample0__final_pylint.txt,outputs\reports\static_analysis\bandit\HumanEval_43__constraint_guided__sample0__final_bandit.json,outputs\reports\static_analysis\bandit\HumanEval_43__constraint_guided__sample0__final_bandit.stderr.txt,True,passed,9.0,8.0,6.0,9.0,8.0,7.0,The code is clean and efficient but fails to handle the 'distinct elements' requirement correctly when zero is present.,,,
HumanEval/43,pairs_sum_to_zero,structured_cot,0,"from typing import List


def pairs_sum_to_zero(l: List[int]) -> bool:
    """"""
    Check if there are two distinct elements
    in the list that sum to zero.

    Examples:
        >>> pairs_sum_to_zero([1, 3, 5, 0])
        False
        >>> pairs_sum_to_zero([2, 4, -5, 3, 5, 7])
        True
    """"""
    seen = set()
    for num in l:
        complement = -num
        if complement in seen:
            return True
        seen.add(num)
    return False",raw_generations/HumanEval_43/structured_cot_sample0.py,,,True,,0,,7.78,0.0,3.0,3.0,95.96896381577493,outputs\reports\static_analysis\pylint\HumanEval_43__structured_cot__sample0__final_pylint.txt,outputs\reports\static_analysis\bandit\HumanEval_43__structured_cot__sample0__final_bandit.json,outputs\reports\static_analysis\bandit\HumanEval_43__structured_cot__sample0__final_bandit.stderr.txt,True,passed,9.0,8.0,6.0,9.0,8.0,7.0,The code is clean and efficient but fails to handle the 'distinct elements' requirement correctly when encountering zero or duplicate complements.,,,
HumanEval/43,pairs_sum_to_zero,self_refine,0,"from typing import List


def pairs_sum_to_zero(l: List[int]) -> bool:
    """"""
    Check if there are two distinct elements
    in the list that sum to zero.

    Examples:
        >>> pairs_sum_to_zero([1, 3, 5, 0])
        False
        >>> pairs_sum_to_zero([2, 4, -5, 3, 5, 7])
        True
    """"""
    seen = set()
    for num in l:
        complement = -num
        if complement in seen:
            return True
        seen.add(num)
    return False",raw_generations/HumanEval_43/self_refine_sample0.py,"from typing import List


def pairs_sum_to_zero(l: List[int]) -> bool:
    """"""
    Check if there are two distinct elements
    in the list that sum to zero.

    Examples:
        >>> pairs_sum_to_zero([1, 3, 5, 0])
        False
        >>> pairs_sum_to_zero([2, 4, -5, 3, 5, 7])
        True
    """"""
    seen = set()
    for num in l:
        complement = -num
        if complement in seen:
            return True
        seen.add(num)
    return False",raw_generations/HumanEval_43/self_refine_sample0_initial.py,True,,0,,7.78,0.0,3.0,3.0,95.96896381577493,outputs\reports\static_analysis\pylint\HumanEval_43__self_refine__sample0__final_pylint.txt,outputs\reports\static_analysis\bandit\HumanEval_43__self_refine__sample0__final_bandit.json,outputs\reports\static_analysis\bandit\HumanEval_43__self_refine__sample0__final_bandit.stderr.txt,True,passed,8.0,8.0,7.0,9.0,8.0,8.0,"The code is generally well-written and efficient, but has a subtle bug where it doesn't properly handle the case when num == 0 (complement would also be 0).",outputs\reports\static_analysis\pylint\HumanEval_43__self_refine__sample0__initial_pylint.txt,outputs\reports\static_analysis\bandit\HumanEval_43__self_refine__sample0__initial_bandit.json,outputs\reports\static_analysis\bandit\HumanEval_43__self_refine__sample0__initial_bandit.stderr.txt
HumanEval/44,change_base,zero_shot,0,"def change_base(x: int, base: int) -> str:
    if x == 0:
        return ""0""
    digits = []
    while x > 0:
        digits.append(str(x % base))
        x //= base
    return ''.join(reversed(digits))",raw_generations/HumanEval_44/zero_shot_sample0.py,,,True,,0,,6.25,0.0,3.0,3.0,69.20109370985811,outputs\reports\static_analysis\pylint\HumanEval_44__zero_shot__sample0__final_pylint.txt,outputs\reports\static_analysis\bandit\HumanEval_44__zero_shot__sample0__final_bandit.json,outputs\reports\static_analysis\bandit\HumanEval_44__zero_shot__sample0__final_bandit.stderr.txt,True,passed,9.0,8.0,7.0,9.0,8.0,8.0,Clean and efficient implementation but lacks handling for negative numbers and base validation as per specification.,,,
HumanEval/44,change_base,constraint_guided,0,"def change_base(x: int, base: int) -> str:
    """"""
    Change numerical base of input number x to base.
    return string representation after the conversion.
    base numbers are less than 10.
    """"""
    if x == 0:
        return ""0""
    
    digits = []
    is_negative = x < 0
    num = abs(x)
    
    while num > 0:
        remainder = num % base
        digits.append(str(remainder))
        num //= base
    
    if is_negative:
        digits.append('-')
    
    return ''.join(reversed(digits))",raw_generations/HumanEval_44/constraint_guided_sample0.py,,,True,,0,,5.38,0.0,4.0,4.0,90.77116210359284,outputs\reports\static_analysis\pylint\HumanEval_44__constraint_guided__sample0__final_pylint.txt,outputs\reports\static_analysis\bandit\HumanEval_44__constraint_guided__sample0__final_bandit.json,outputs\reports\static_analysis\bandit\HumanEval_44__constraint_guided__sample0__final_bandit.stderr.txt,True,passed,8.0,7.0,8.0,8.0,7.0,7.0,"The code is generally clear and efficient, but lacks handling for invalid bases (e.g., base >= 10) and could be more Pythonic with a generator expression.",,,
HumanEval/44,change_base,structured_cot,0,"def change_base(x: int, base: int) -> str:
    if x == 0:
        return ""0""
    digits = []
    negative = x < 0
    x = abs(x)
    while x > 0:
        digits.append(str(x % base))
        x //= base
    if negative:
        digits.append('-')
    return ''.join(reversed(digits))",raw_generations/HumanEval_44/structured_cot_sample0.py,,,True,,0,,7.5,0.0,4.0,4.0,64.34495165299927,outputs\reports\static_analysis\pylint\HumanEval_44__structured_cot__sample0__final_pylint.txt,outputs\reports\static_analysis\bandit\HumanEval_44__structured_cot__sample0__final_bandit.json,outputs\reports\static_analysis\bandit\HumanEval_44__structured_cot__sample0__final_bandit.stderr.txt,True,passed,8.0,7.0,6.0,8.0,7.0,7.0,"The code is generally readable and efficient but fails to handle bases less than 2 and incorrectly handles negative numbers by appending '-' after conversion, which reverses its position.",,,
HumanEval/44,change_base,self_refine,0,"def change_base(x: int, base: int) -> str:
    """"""
    Change numerical base of input number x to base.
    return string representation after the conversion.
    base numbers are less than 10.
    """"""
    if base < 2 or base > 9:
        raise ValueError(""Base must be between 2 and 9 inclusive"")
    
    if x == 0:
        return ""0""
    
    result = """"
    is_negative = x < 0
    x = abs(x)
    
    while x > 0:
        remainder = x % base
        result = str(remainder) + result
        x //= base
    
    if is_negative:
        result = ""-"" + result
    
    return result",raw_generations/HumanEval_44/self_refine_sample0.py,"def change_base(x: int, base: int) -> str:
    """"""
    Change numerical base of input number x to base.
    return string representation after the conversion.
    base numbers are less than 10.
    """"""
    if x == 0:
        return ""0""
    
    result = """"
    is_negative = x < 0
    x = abs(x)
    
    while x > 0:
        remainder = x % base
        result = str(remainder) + result
        x //= base
    
    if is_negative:
        result = ""-"" + result
    
    return result",raw_generations/HumanEval_44/self_refine_sample0_initial.py,True,,0,,5.33,0.0,6.0,6.0,85.5155005484495,outputs\reports\static_analysis\pylint\HumanEval_44__self_refine__sample0__final_pylint.txt,outputs\reports\static_analysis\bandit\HumanEval_44__self_refine__sample0__final_bandit.json,outputs\reports\static_analysis\bandit\HumanEval_44__self_refine__sample0__final_bandit.stderr.txt,True,passed,9.0,9.0,9.0,8.0,8.0,9.0,"Well-structured and clear implementation with proper edge case handling, though string concatenation could be optimized and a more Pythonic approach could be used.",outputs\reports\static_analysis\pylint\HumanEval_44__self_refine__sample0__initial_pylint.txt,outputs\reports\static_analysis\bandit\HumanEval_44__self_refine__sample0__initial_bandit.json,outputs\reports\static_analysis\bandit\HumanEval_44__self_refine__sample0__initial_bandit.stderr.txt
HumanEval/45,triangle_area,zero_shot,0,"def triangle_area(a: float, h: float) -> float:
    return a * h / 2",raw_generations/HumanEval_45/zero_shot_sample0.py,,,True,,0,,0.0,0.0,1.0,1.0,84.96220422681199,outputs\reports\static_analysis\pylint\HumanEval_45__zero_shot__sample0__final_pylint.txt,outputs\reports\static_analysis\bandit\HumanEval_45__zero_shot__sample0__final_bandit.json,outputs\reports\static_analysis\bandit\HumanEval_45__zero_shot__sample0__final_bandit.stderr.txt,False,assertion_failed: ,9.0,9.0,10.0,10.0,9.0,9.0,"Clean, correct implementation of triangle area formula with proper type hints and docstring.",,,
HumanEval/45,triangle_area,constraint_guided,0,"def triangle_area(a: float, h: float) -> float:
    """"""
    Given length of a side and height, return area for a triangle.
    """"""
    if a <= 0 or h <= 0:
        return 0.0
    return 0.5 * a * h",raw_generations/HumanEval_45/constraint_guided_sample0.py,,,True,,0,,5.0,0.0,3.0,3.0,100.0,outputs\reports\static_analysis\pylint\HumanEval_45__constraint_guided__sample0__final_pylint.txt,outputs\reports\static_analysis\bandit\HumanEval_45__constraint_guided__sample0__final_bandit.json,outputs\reports\static_analysis\bandit\HumanEval_45__constraint_guided__sample0__final_bandit.stderr.txt,False,assertion_failed: ,9.0,8.0,7.0,10.0,8.0,8.0,"The code is clear and efficient, but the correctness is questionable as returning 0 for non-positive inputs may not be the intended behavior for a triangle area function.",,,
HumanEval/45,triangle_area,structured_cot,0,"def triangle_area(a: float, h: float) -> float:
    """"""
    Given length of a side and height, return area for a triangle.

    Examples:
        >>> triangle_area(5, 3)
        7.5
    """"""
    return 0.5 * a * h",raw_generations/HumanEval_45/structured_cot_sample0.py,,,True,,0,,0.0,0.0,1.0,1.0,68.79873829031011,outputs\reports\static_analysis\pylint\HumanEval_45__structured_cot__sample0__final_pylint.txt,outputs\reports\static_analysis\bandit\HumanEval_45__structured_cot__sample0__final_bandit.json,outputs\reports\static_analysis\bandit\HumanEval_45__structured_cot__sample0__final_bandit.stderr.txt,False,assertion_failed: ,10.0,10.0,10.0,10.0,10.0,10.0,"Perfectly clear, correct, and idiomatic implementation of the triangle area formula with excellent documentation.",,,
HumanEval/45,triangle_area,self_refine,0,"def triangle_area(a: float, h: float) -> float:
    """"""
    Given length of a side and height, return area for a triangle.

    Examples:
        >>> triangle_area(5, 3)
        7.5
    """"""
    if a <= 0 or h <= 0:
        raise ValueError(""Side length and height must be positive numbers"")
    return 0.5 * a * h",raw_generations/HumanEval_45/self_refine_sample0.py,"def triangle_area(a: float, h: float) -> float:
    """"""
    Given length of a side and height, return area for a triangle.
    """"""
    return 0.5 * a * h",raw_generations/HumanEval_45/self_refine_sample0_initial.py,True,,0,,5.0,0.0,3.0,3.0,89.06559580408765,outputs\reports\static_analysis\pylint\HumanEval_45__self_refine__sample0__final_pylint.txt,outputs\reports\static_analysis\bandit\HumanEval_45__self_refine__sample0__final_bandit.json,outputs\reports\static_analysis\bandit\HumanEval_45__self_refine__sample0__final_bandit.stderr.txt,False,test_failed: Side length and height must be positive numbers,9.0,9.0,9.0,10.0,9.0,9.0,"Clean, well-documented code with proper validation, though the docstring could clarify that 'a' is the base length.",outputs\reports\static_analysis\pylint\HumanEval_45__self_refine__sample0__initial_pylint.txt,outputs\reports\static_analysis\bandit\HumanEval_45__self_refine__sample0__initial_bandit.json,outputs\reports\static_analysis\bandit\HumanEval_45__self_refine__sample0__initial_bandit.stderr.txt
HumanEval/46,fib4,zero_shot,0,"def fib4(n: int) -> int:
    if n < 2:
        return 0
    if n == 2:
        return 2
    if n == 3:
        return 0
    
    a, b, c, d = 0, 0, 2, 0
    for _ in range(4, n + 1):
        a, b, c, d = b, c, d, a + b + c + d
    return d",raw_generations/HumanEval_46/zero_shot_sample0.py,,,True,,0,,6.36,0.0,5.0,5.0,63.37346859461388,outputs\reports\static_analysis\pylint\HumanEval_46__zero_shot__sample0__final_pylint.txt,outputs\reports\static_analysis\bandit\HumanEval_46__zero_shot__sample0__final_bandit.json,outputs\reports\static_analysis\bandit\HumanEval_46__zero_shot__sample0__final_bandit.stderr.txt,True,passed,9.0,9.0,10.0,10.0,9.0,9.0,"Excellent iterative solution with clear variable naming and optimal O(n) time and O(1) space complexity, though minor improvements could enhance readability of the base cases.",,,
HumanEval/46,fib4,constraint_guided,0,"def fib4(n: int) -> int:
    if n < 0:
        raise ValueError(""n must be non-negative"")
    if n < 4:
        return [0, 0, 2, 0][n]
    
    a, b, c, d = 0, 0, 2, 0
    for _ in range(4, n + 1):
        a, b, c, d = b, c, d, a + b + c + d
    return d",raw_generations/HumanEval_46/constraint_guided_sample0.py,,,True,,0,,5.56,0.0,4.0,4.0,65.97423335296423,outputs\reports\static_analysis\pylint\HumanEval_46__constraint_guided__sample0__final_pylint.txt,outputs\reports\static_analysis\bandit\HumanEval_46__constraint_guided__sample0__final_bandit.json,outputs\reports\static_analysis\bandit\HumanEval_46__constraint_guided__sample0__final_bandit.stderr.txt,True,passed,9.0,9.0,9.0,10.0,9.0,9.0,"The code is clean, efficient, and correctly implements the iterative Fib4 sequence with proper edge case handling and Pythonic iteration.",,,
HumanEval/46,fib4,structured_cot,0,"def fib4(n: int) -> int:
    if n < 0:
        raise ValueError(""n must be non-negative"")
    if n < 2:
        return 0
    if n == 2:
        return 2
    if n == 3:
        return 0
    
    a, b, c, d = 0, 0, 2, 0
    for _ in range(4, n + 1):
        next_val = a + b + c + d
        a, b, c, d = b, c, d, next_val
    return d",raw_generations/HumanEval_46/structured_cot_sample0.py,,,True,,0,,7.14,0.0,6.0,6.0,60.46159701330792,outputs\reports\static_analysis\pylint\HumanEval_46__structured_cot__sample0__final_pylint.txt,outputs\reports\static_analysis\bandit\HumanEval_46__structured_cot__sample0__final_bandit.json,outputs\reports\static_analysis\bandit\HumanEval_46__structured_cot__sample0__final_bandit.stderr.txt,True,passed,9.0,9.0,9.0,10.0,9.0,9.0,Excellent iterative solution with proper error handling and efficient O(n) time complexity.,,,
HumanEval/46,fib4,self_refine,0,"def fib4(n: int) -> int:
    """"""
    The Fib4 number sequence is a sequence similar to the Fibbonacci sequnece that's defined as follows:
        fib4(0) -> 0
        fib4(1) -> 0
        fib4(2) -> 2
        fib4(3) -> 0
        fib4(n) -> fib4(n - 1) + fib4(n - 2) + fib4(n - 3) + fib4(n - 4)
    Please write a function to efficiently compute the n-th element of the fib4 number sequence.
    Do not use recursion.

    Examples:
        >>> fib4(5)
        4
        >>> fib4(6)
        8
        >>> fib4(7)
        14
    """"""
    if not isinstance(n, int):
        raise TypeError(""n must be an integer"")
    if n < 0:
        raise ValueError(""n must be non-negative"")
    
    # Base cases
    if n < 2:
        return 0
    if n == 2:
        return 2
    if n == 3:
        return 0
    
    # Initialize first four values
    a, b, c, d = 0, 0, 2, 0  # fib4(0), fib4(1), fib4(2), fib4(3)
    
    # Iterate from 4 to n
    for _ in range(4, n + 1):
        next_val = a + b + c + d
        a, b, c, d = b, c, d, next_val
    
    return d",raw_generations/HumanEval_46/self_refine_sample0.py,"def fib4(n: int) -> int:
    if n < 0:
        raise ValueError(""n must be non-negative"")
    if n < 4:
        return [0, 0, 2, 0][n]
    
    a, b, c, d = 0, 0, 2, 0  # fib4(0), fib4(1), fib4(2), fib4(3)
    for _ in range(4, n + 1):
        next_val = a + b + c + d
        a, b, c, d = b, c, d, next_val
    
    return d",raw_generations/HumanEval_46/self_refine_sample0_initial.py,True,,0,,5.62,0.0,7.0,7.0,78.40131027455173,outputs\reports\static_analysis\pylint\HumanEval_46__self_refine__sample0__final_pylint.txt,outputs\reports\static_analysis\bandit\HumanEval_46__self_refine__sample0__final_bandit.json,outputs\reports\static_analysis\bandit\HumanEval_46__self_refine__sample0__final_bandit.stderr.txt,True,passed,8.0,8.0,9.0,10.0,8.0,8.0,"The code is efficient and correct with good readability, but could be slightly more Pythonic by using type hints more effectively and simplifying base case logic.",outputs\reports\static_analysis\pylint\HumanEval_46__self_refine__sample0__initial_pylint.txt,outputs\reports\static_analysis\bandit\HumanEval_46__self_refine__sample0__initial_bandit.json,outputs\reports\static_analysis\bandit\HumanEval_46__self_refine__sample0__initial_bandit.stderr.txt
HumanEval/47,median,zero_shot,0,"from typing import List


def median(l: List[float]) -> float:
    """"""
    Return median of elements in the list l.

    Examples:
        >>> median([3, 1, 2, 4, 5])
        3
        >>> median([-10, 4, 6, 1000, 10, 20])
        8.0
    """"""
    if not l:
        raise ValueError(""List cannot be empty"")
    
    sorted_l = sorted(l)
    n = len(sorted_l)
    mid = n // 2
    
    if n % 2 == 1:
        return sorted_l[mid]
    else:
        return (sorted_l[mid - 1] + sorted_l[mid]) / 2.0",raw_generations/HumanEval_47/zero_shot_sample0.py,,,True,,0,,5.0,0.0,3.0,3.0,91.40814777498208,outputs\reports\static_analysis\pylint\HumanEval_47__zero_shot__sample0__final_pylint.txt,outputs\reports\static_analysis\bandit\HumanEval_47__zero_shot__sample0__final_bandit.json,outputs\reports\static_analysis\bandit\HumanEval_47__zero_shot__sample0__final_bandit.stderr.txt,True,passed,9.0,9.0,9.0,8.0,9.0,9.0,"Clean, correct implementation with good error handling, though variable naming could be slightly more descriptive and efficiency is optimal for general cases.",,,
HumanEval/47,median,constraint_guided,0,"from typing import List


def median(l: List[float]) -> float:
    """"""
    Return median of elements in the list l.

    Examples:
        >>> median([3, 1, 2, 4, 5])
        3
        >>> median([-10, 4, 6, 1000, 10, 20])
        8.0
    """"""
    if not l:
        raise ValueError(""Cannot compute median of empty list"")
    
    sorted_list = sorted(l)
    n = len(sorted_list)
    mid = n // 2
    
    if n % 2 == 1:
        return sorted_list[mid]
    else:
        return (sorted_list[mid - 1] + sorted_list[mid]) / 2.0",raw_generations/HumanEval_47/constraint_guided_sample0.py,,,True,,0,,5.0,0.0,3.0,3.0,91.40814777498208,outputs\reports\static_analysis\pylint\HumanEval_47__constraint_guided__sample0__final_pylint.txt,outputs\reports\static_analysis\bandit\HumanEval_47__constraint_guided__sample0__final_bandit.json,outputs\reports\static_analysis\bandit\HumanEval_47__constraint_guided__sample0__final_bandit.stderr.txt,True,passed,9.0,9.0,9.0,8.0,8.0,9.0,"Clean, correct implementation with good error handling, though variable naming could be slightly more descriptive and efficiency is optimal for the median problem.",,,
HumanEval/47,median,structured_cot,0,"from typing import List


def median(l: List[float]) -> float:
    """"""
    Return median of elements in the list l.

    Examples:
        >>> median([3, 1, 2, 4, 5])
        3
        >>> median([-10, 4, 6, 1000, 10, 20])
        8.0
    """"""
    if not l:
        raise ValueError(""List cannot be empty"")
    
    sorted_l = sorted(l)
    n = len(sorted_l)
    
    if n % 2 == 1:
        return sorted_l[n // 2]
    else:
        mid1 = sorted_l[n // 2 - 1]
        mid2 = sorted_l[n // 2]
        return (mid1 + mid2) / 2.0",raw_generations/HumanEval_47/structured_cot_sample0.py,,,True,,0,,5.45,0.0,3.0,3.0,90.19948213202177,outputs\reports\static_analysis\pylint\HumanEval_47__structured_cot__sample0__final_pylint.txt,outputs\reports\static_analysis\bandit\HumanEval_47__structured_cot__sample0__final_bandit.json,outputs\reports\static_analysis\bandit\HumanEval_47__structured_cot__sample0__final_bandit.stderr.txt,True,passed,8.0,8.0,9.0,8.0,7.0,8.0,"Clean, functional implementation with good error handling, but variable naming could be more descriptive and Pythonic.",,,
HumanEval/47,median,self_refine,0,"from typing import List


def median(l: List[float]) -> float:
    """"""
    Return median of elements in the list l.

    Examples:
        >>> median([3, 1, 2, 4, 5])
        3
        >>> median([-10, 4, 6, 1000, 10, 20])
        8.0
    """"""
    if not l:
        raise ValueError(""Cannot compute median of empty list"")

    sorted_list = sorted(l)
    n = len(sorted_list)
    mid = n // 2

    if n % 2 == 1:
        return sorted_list[mid]
    else:
        return (sorted_list[mid - 1] + sorted_list[mid]) / 2.0",raw_generations/HumanEval_47/self_refine_sample0.py,"from typing import List


def median(l: List[float]) -> float:
    """"""
    Return median of elements in the list l.

    Examples:
        >>> median([3, 1, 2, 4, 5])
        3
        >>> median([-10, 4, 6, 1000, 10, 20])
        8.0
    """"""
    if not l:
        raise ValueError(""Cannot compute median of empty list"")
    
    sorted_list = sorted(l)
    n = len(sorted_list)
    mid = n // 2
    
    if n % 2 == 1:
        return sorted_list[mid]
    else:
        return (sorted_list[mid - 1] + sorted_list[mid]) / 2.0",raw_generations/HumanEval_47/self_refine_sample0_initial.py,True,,0,,7.0,0.0,3.0,3.0,91.40814777498208,outputs\reports\static_analysis\pylint\HumanEval_47__self_refine__sample0__final_pylint.txt,outputs\reports\static_analysis\bandit\HumanEval_47__self_refine__sample0__final_bandit.json,outputs\reports\static_analysis\bandit\HumanEval_47__self_refine__sample0__final_bandit.stderr.txt,True,passed,8.0,9.0,9.0,8.0,8.0,8.0,"Clean, correct implementation with good error handling, though variable naming could be more descriptive and edge cases for non-numeric types are not addressed.",outputs\reports\static_analysis\pylint\HumanEval_47__self_refine__sample0__initial_pylint.txt,outputs\reports\static_analysis\bandit\HumanEval_47__self_refine__sample0__initial_bandit.json,outputs\reports\static_analysis\bandit\HumanEval_47__self_refine__sample0__initial_bandit.stderr.txt
HumanEval/48,is_palindrome,zero_shot,0,"def is_palindrome(text: str) -> bool:
    """"""
    Checks if given string is a palindrome.

    Examples:
        >>> is_palindrome('racecar')
        True
        >>> is_palindrome('car')
        False
    """"""
    cleaned = ''.join(char.lower() for char in text if char.isalnum())
    return cleaned == cleaned[::-1]",raw_generations/HumanEval_48/zero_shot_sample0.py,,,True,,0,,3.33,0.0,3.0,3.0,69.88337972564175,outputs\reports\static_analysis\pylint\HumanEval_48__zero_shot__sample0__final_pylint.txt,outputs\reports\static_analysis\bandit\HumanEval_48__zero_shot__sample0__final_bandit.json,outputs\reports\static_analysis\bandit\HumanEval_48__zero_shot__sample0__final_bandit.stderr.txt,True,passed,9.0,8.0,8.0,7.0,9.0,8.0,"Clean and readable implementation, but could be more efficient by avoiding full string reversal and better handling Unicode edge cases.",,,
HumanEval/48,is_palindrome,constraint_guided,0,"def is_palindrome(text: str) -> bool:
    """"""
    Checks if given string is a palindrome.
    
    Examples:
        >>> is_palindrome('racecar')
        True
        >>> is_palindrome('car')
        False
    """"""
    # Compare the string with its reverse
    return text == text[::-1]",raw_generations/HumanEval_48/constraint_guided_sample0.py,,,True,,0,,0.0,0.0,1.0,1.0,51.49201692493827,outputs\reports\static_analysis\pylint\HumanEval_48__constraint_guided__sample0__final_pylint.txt,outputs\reports\static_analysis\bandit\HumanEval_48__constraint_guided__sample0__final_bandit.json,outputs\reports\static_analysis\bandit\HumanEval_48__constraint_guided__sample0__final_bandit.stderr.txt,True,passed,9.0,9.0,8.0,8.0,9.0,9.0,"Clean, idiomatic implementation with minor edge case considerations needed for production use.",,,
HumanEval/48,is_palindrome,structured_cot,0,"def is_palindrome(text: str) -> bool:
    """"""
    Checks if given string is a palindrome.

    Examples:
        >>> is_palindrome('racecar')
        True
        >>> is_palindrome('car')
        False
    """"""
    left = 0
    right = len(text) - 1
    
    while left < right:
        if text[left] != text[right]:
            return False
        left += 1
        right -= 1
    
    return True",raw_generations/HumanEval_48/structured_cot_sample0.py,,,True,,0,,5.56,0.0,3.0,3.0,93.02044051108476,outputs\reports\static_analysis\pylint\HumanEval_48__structured_cot__sample0__final_pylint.txt,outputs\reports\static_analysis\bandit\HumanEval_48__structured_cot__sample0__final_bandit.json,outputs\reports\static_analysis\bandit\HumanEval_48__structured_cot__sample0__final_bandit.stderr.txt,True,passed,9.0,9.0,8.0,9.0,7.0,8.0,"Clean and efficient two-pointer implementation, but lacks case-insensitivity and non-alphanumeric character handling as per typical palindrome definition.",,,
HumanEval/48,is_palindrome,self_refine,0,"def is_palindrome(text: str) -> bool:
    """"""
    Checks if given string is a palindrome.
    """"""
    if not isinstance(text, str):
        return False
    left = 0
    right = len(text) - 1
    while left < right:
        if text[left] != text[right]:
            return False
        left += 1
        right -= 1
    return True",raw_generations/HumanEval_48/self_refine_sample0.py,"def is_palindrome(text: str) -> bool:
    """"""
    Checks if given string is a palindrome.
    """"""
    # Compare characters from both ends moving towards the center
    left = 0
    right = len(text) - 1
    
    while left < right:
        if text[left] != text[right]:
            return False
        left += 1
        right -= 1
    
    return True",raw_generations/HumanEval_48/self_refine_sample0_initial.py,True,,0,,8.18,0.0,4.0,4.0,89.23987049196592,outputs\reports\static_analysis\pylint\HumanEval_48__self_refine__sample0__final_pylint.txt,outputs\reports\static_analysis\bandit\HumanEval_48__self_refine__sample0__final_bandit.json,outputs\reports\static_analysis\bandit\HumanEval_48__self_refine__sample0__final_bandit.stderr.txt,True,passed,-1.0,-1.0,-1.0,-1.0,-1.0,-1.0,The code is incomplete and cannot be evaluated as the function definition is duplicated and the implementation is missing from the first block.,outputs\reports\static_analysis\pylint\HumanEval_48__self_refine__sample0__initial_pylint.txt,outputs\reports\static_analysis\bandit\HumanEval_48__self_refine__sample0__initial_bandit.json,outputs\reports\static_analysis\bandit\HumanEval_48__self_refine__sample0__initial_bandit.stderr.txt
HumanEval/49,modp,zero_shot,0,"def modp(n: int, p: int) -> int:
    """"""
    Solve 2^n modulo p (be aware of numerics).
    Return the least non-negative residue.
    """"""
    if p == 1:
        return 0
    result = 1
    base = 2 % p
    exp = n
    while exp > 0:
        if exp % 2 == 1:
            result = (result * base) % p
        base = (base * base) % p
        exp //= 2
    return result",raw_generations/HumanEval_49/zero_shot_sample0.py,,,True,,0,,8.33,0.0,4.0,4.0,87.8890136448759,outputs\reports\static_analysis\pylint\HumanEval_49__zero_shot__sample0__final_pylint.txt,outputs\reports\static_analysis\bandit\HumanEval_49__zero_shot__sample0__final_bandit.json,outputs\reports\static_analysis\bandit\HumanEval_49__zero_shot__sample0__final_bandit.stderr.txt,False,assertion_failed: ,8.0,8.0,9.0,9.0,8.0,8.0,"Well-implemented modular exponentiation with clear logic and good efficiency, though variable names could be slightly more descriptive.",,,
HumanEval/49,modp,constraint_guided,0,"def modp(n: int, p: int) -> int:
    """"""
    Solve 2^n modulo p using binary exponentiation.
    Return the least non-negative residue.
    """"""
    if p == 1:
        return 0
    
    result = 1
    base = 2 % p
    exp = n
    
    while exp > 0:
        if exp & 1:
            result = (result * base) % p
        base = (base * base) % p
        exp >>= 1
    
    return result",raw_generations/HumanEval_49/constraint_guided_sample0.py,,,True,,0,,5.83,0.0,4.0,4.0,88.20940819541431,outputs\reports\static_analysis\pylint\HumanEval_49__constraint_guided__sample0__final_pylint.txt,outputs\reports\static_analysis\bandit\HumanEval_49__constraint_guided__sample0__final_bandit.json,outputs\reports\static_analysis\bandit\HumanEval_49__constraint_guided__sample0__final_bandit.stderr.txt,False,assertion_failed: ,9.0,9.0,10.0,10.0,8.0,9.0,"Excellent implementation using binary exponentiation with clear variable names and proper edge case handling, though type hints could be more explicit about non-negative inputs.",,,
HumanEval/49,modp,structured_cot,0,"def modp(n: int, p: int) -> int:
    if p == 1:
        return 0
    result = 1
    base = 2 % p
    exp = n
    while exp > 0:
        if exp % 2 == 1:
            result = (result * base) % p
        base = (base * base) % p
        exp //= 2
    return result",raw_generations/HumanEval_49/structured_cot_sample0.py,,,True,,0,,7.5,0.0,4.0,4.0,61.43393477100544,outputs\reports\static_analysis\pylint\HumanEval_49__structured_cot__sample0__final_pylint.txt,outputs\reports\static_analysis\bandit\HumanEval_49__structured_cot__sample0__final_bandit.json,outputs\reports\static_analysis\bandit\HumanEval_49__structured_cot__sample0__final_bandit.stderr.txt,False,assertion_failed: ,9.0,8.0,9.0,10.0,8.0,9.0,"The code is well-structured and efficient, using modular exponentiation, but could benefit from a docstring and more explicit handling of edge cases like negative n.",,,
HumanEval/49,modp,self_refine,0,"def modp(n: int, p: int) -> int:
    """"""
    Solve 2^n modulo p (be aware of numerics).
    Return the least non-negative residue.

    Examples:
        >>> modp(3, 5)
        3
        >>> modp(100, 101)
        1
    """"""
    if p <= 1:
        return 0
    
    result = 1
    base = 2 % p
    exponent = n
    
    while exponent > 0:
        if exponent & 1:
            result = (result * base) % p
        base = (base * base) % p
        exponent >>= 1
    
    return result",raw_generations/HumanEval_49/self_refine_sample0.py,"def modp(n: int, p: int) -> int:
    """"""
    Solve 2^n modulo p using binary exponentiation.
    Return the least non-negative residue.
    """"""
    if p == 1:
        return 0
    
    result = 1
    base = 2 % p
    exponent = n
    
    while exponent > 0:
        if exponent & 1:
            result = (result * base) % p
        base = (base * base) % p
        exponent >>= 1
    
    return result",raw_generations/HumanEval_49/self_refine_sample0_initial.py,True,,0,,5.83,0.0,4.0,4.0,89.50739110662575,outputs\reports\static_analysis\pylint\HumanEval_49__self_refine__sample0__final_pylint.txt,outputs\reports\static_analysis\bandit\HumanEval_49__self_refine__sample0__final_bandit.json,outputs\reports\static_analysis\bandit\HumanEval_49__self_refine__sample0__final_bandit.stderr.txt,False,assertion_failed: ,8.0,9.0,9.0,10.0,8.0,9.0,"The code is well-structured and efficient using modular exponentiation, but could improve readability with a more explicit edge-case comment and consider using Python's built-in pow function for clarity.",outputs\reports\static_analysis\pylint\HumanEval_49__self_refine__sample0__initial_pylint.txt,outputs\reports\static_analysis\bandit\HumanEval_49__self_refine__sample0__initial_bandit.json,outputs\reports\static_analysis\bandit\HumanEval_49__self_refine__sample0__initial_bandit.stderr.txt
HumanEval/50,decode_shift,zero_shot,0,"def decode_shift(s: str) -> str:
    result = []
    for ch in s:
        if 'a' <= ch <= 'z':
            shifted = chr((ord(ch) - ord('a') - 5) % 26 + ord('a'))
            result.append(shifted)
        else:
            result.append(ch)
    return ''.join(result)",raw_generations/HumanEval_50/zero_shot_sample0.py,,,True,,0,,6.25,0.0,3.0,3.0,66.02104972379475,outputs\reports\static_analysis\pylint\HumanEval_50__zero_shot__sample0__final_pylint.txt,outputs\reports\static_analysis\bandit\HumanEval_50__zero_shot__sample0__final_bandit.json,outputs\reports\static_analysis\bandit\HumanEval_50__zero_shot__sample0__final_bandit.stderr.txt,True,passed,8.0,7.0,9.0,8.0,7.0,8.0,"The code is clear and correct, but could be more Pythonic with a list comprehension and better handling of non-letter characters.",,,
HumanEval/50,decode_shift,constraint_guided,0,"def decode_shift(s: str) -> str:
    """"""
    Decode a string where each lowercase letter was shifted forward by 5 positions.
    To decode, shift each letter backward by 5 positions in the alphabet.
    """"""
    result = []
    for ch in s:
        if 'a' <= ch <= 'z':
            # Shift backward by 5, wrapping around the alphabet
            decoded_char = chr((ord(ch) - ord('a') - 5) % 26 + ord('a'))
            result.append(decoded_char)
        else:
            # Non-lowercase letters are kept unchanged (though specification says lowercase input)
            result.append(ch)
    return ''.join(result)",raw_generations/HumanEval_50/constraint_guided_sample0.py,,,True,,0,,7.5,0.0,3.0,3.0,94.0487025650301,outputs\reports\static_analysis\pylint\HumanEval_50__constraint_guided__sample0__final_pylint.txt,outputs\reports\static_analysis\bandit\HumanEval_50__constraint_guided__sample0__final_bandit.json,outputs\reports\static_analysis\bandit\HumanEval_50__constraint_guided__sample0__final_bandit.stderr.txt,True,passed,8.0,8.0,9.0,8.0,7.0,8.0,"The code is clear and handles edge cases well, but could be more Pythonic with a list comprehension and better handling of the lowercase-only specification.",,,
HumanEval/50,decode_shift,structured_cot,0,"def decode_shift(s: str) -> str:
    result = []
    for ch in s:
        if 'a' <= ch <= 'z':
            shifted = ord(ch) - 5
            if shifted < ord('a'):
                shifted += 26
            result.append(chr(shifted))
        else:
            result.append(ch)
    return ''.join(result)",raw_generations/HumanEval_50/structured_cot_sample0.py,,,True,,0,,7.0,0.0,4.0,4.0,64.83737356382615,outputs\reports\static_analysis\pylint\HumanEval_50__structured_cot__sample0__final_pylint.txt,outputs\reports\static_analysis\bandit\HumanEval_50__structured_cot__sample0__final_bandit.json,outputs\reports\static_analysis\bandit\HumanEval_50__structured_cot__sample0__final_bandit.stderr.txt,True,passed,8.0,7.0,8.0,9.0,7.0,7.0,The code is clear and functional but could be more Pythonic with string translation and lacks handling for uppercase letters despite the specification mentioning lowercase input.,,,
HumanEval/50,decode_shift,self_refine,0,"def decode_shift(s: str) -> str:
    """"""
    Decodes a string where each letter was shifted forward by 5 positions.
    To decode, shift each letter backward by 5 positions in the alphabet.
    """"""
    result = []
    for char in s:
        if 'a' <= char <= 'z':
            decoded_char = chr((ord(char) - ord('a') - 5) % 26 + ord('a'))
            result.append(decoded_char)
        else:
            result.append(char)
    return ''.join(result)",raw_generations/HumanEval_50/self_refine_sample0.py,"def decode_shift(s: str) -> str:
    """"""
    Decodes a string where each letter was shifted forward by 5 positions.
    To decode, shift each letter backward by 5 positions in the alphabet.
    """"""
    result = []
    for char in s:
        if 'a' <= char <= 'z':
            # Shift backward by 5, wrapping around the alphabet
            decoded_char = chr((ord(char) - ord('a') - 5) % 26 + ord('a'))
            result.append(decoded_char)
        else:
            # Non-lowercase letters are kept unchanged (though not expected per spec)
            result.append(char)
    return ''.join(result)",raw_generations/HumanEval_50/self_refine_sample0_initial.py,True,,0,,7.5,0.0,3.0,3.0,93.73972163194637,outputs\reports\static_analysis\pylint\HumanEval_50__self_refine__sample0__final_pylint.txt,outputs\reports\static_analysis\bandit\HumanEval_50__self_refine__sample0__final_bandit.json,outputs\reports\static_analysis\bandit\HumanEval_50__self_refine__sample0__final_bandit.stderr.txt,True,passed,9.0,8.0,10.0,9.0,8.0,9.0,"Clean, correct implementation with good readability and efficiency, though could be slightly more concise using list comprehension.",outputs\reports\static_analysis\pylint\HumanEval_50__self_refine__sample0__initial_pylint.txt,outputs\reports\static_analysis\bandit\HumanEval_50__self_refine__sample0__initial_bandit.json,outputs\reports\static_analysis\bandit\HumanEval_50__self_refine__sample0__initial_bandit.stderr.txt
HumanEval/51,remove_vowels,zero_shot,0,"def remove_vowels(text: str) -> str:
    vowels = ""aeiouAEIOU""
    return """".join(char for char in text if char not in vowels)",raw_generations/HumanEval_51/zero_shot_sample0.py,,,True,,0,,0.0,0.0,3.0,3.0,84.44724042799471,outputs\reports\static_analysis\pylint\HumanEval_51__zero_shot__sample0__final_pylint.txt,outputs\reports\static_analysis\bandit\HumanEval_51__zero_shot__sample0__final_bandit.json,outputs\reports\static_analysis\bandit\HumanEval_51__zero_shot__sample0__final_bandit.stderr.txt,True,passed,9.0,9.0,10.0,8.0,10.0,9.0,"Clean, efficient implementation with excellent readability and Pythonic style, though vowel lookup could be slightly optimized for very large strings.",,,
HumanEval/51,remove_vowels,constraint_guided,0,"def remove_vowels(text: str) -> str:
    """"""
    Return the text without vowels (a, e, i, o, u).
    """"""
    vowels = ""aeiouAEIOU""
    result_chars = []
    for char in text:
        if char not in vowels:
            result_chars.append(char)
    return """".join(result_chars)",raw_generations/HumanEval_51/constraint_guided_sample0.py,,,True,,0,,7.14,0.0,3.0,3.0,100.0,outputs\reports\static_analysis\pylint\HumanEval_51__constraint_guided__sample0__final_pylint.txt,outputs\reports\static_analysis\bandit\HumanEval_51__constraint_guided__sample0__final_bandit.json,outputs\reports\static_analysis\bandit\HumanEval_51__constraint_guided__sample0__final_bandit.stderr.txt,True,passed,9.0,8.0,9.0,8.0,7.0,8.0,"The code is clear and correct, but could be more Pythonic using a list comprehension or str.translate for better efficiency and style.",,,
HumanEval/51,remove_vowels,structured_cot,0,"def remove_vowels(text: str) -> str:
    vowels = ""aeiouAEIOU""
    result = []
    for char in text:
        if char not in vowels:
            result.append(char)
    return ''.join(result)",raw_generations/HumanEval_51/structured_cot_sample0.py,,,True,,0,,5.71,0.0,3.0,3.0,76.42020806643173,outputs\reports\static_analysis\pylint\HumanEval_51__structured_cot__sample0__final_pylint.txt,outputs\reports\static_analysis\bandit\HumanEval_51__structured_cot__sample0__final_bandit.json,outputs\reports\static_analysis\bandit\HumanEval_51__structured_cot__sample0__final_bandit.stderr.txt,True,passed,9.0,8.0,10.0,7.0,7.0,8.0,"Clean, correct implementation with good readability, but could be more Pythonic and efficient using string comprehension or translation.",,,
HumanEval/51,remove_vowels,self_refine,0,"def remove_vowels(text: str) -> str:
    """"""
    Return the text without vowels (a, e, i, o, u).
    """"""
    vowels = ""aeiou""
    return ''.join(char for char in text if char.lower() not in vowels)",raw_generations/HumanEval_51/self_refine_sample0.py,"def remove_vowels(text: str) -> str:
    """"""
    Return the text without vowels (a, e, i, o, u).
    """"""
    vowels = ""aeiou""
    # Use a generator expression to filter out vowels
    return ''.join(char for char in text if char.lower() not in vowels)",raw_generations/HumanEval_51/self_refine_sample0_initial.py,True,,0,,3.33,0.0,3.0,3.0,100.0,outputs\reports\static_analysis\pylint\HumanEval_51__self_refine__sample0__final_pylint.txt,outputs\reports\static_analysis\bandit\HumanEval_51__self_refine__sample0__final_bandit.json,outputs\reports\static_analysis\bandit\HumanEval_51__self_refine__sample0__final_bandit.stderr.txt,True,passed,9.0,9.0,10.0,8.0,10.0,9.0,"Clean, efficient, and Pythonic implementation that correctly handles case-insensitive vowel removal with good readability.",outputs\reports\static_analysis\pylint\HumanEval_51__self_refine__sample0__initial_pylint.txt,outputs\reports\static_analysis\bandit\HumanEval_51__self_refine__sample0__initial_bandit.json,outputs\reports\static_analysis\bandit\HumanEval_51__self_refine__sample0__initial_bandit.stderr.txt
HumanEval/52,below_threshold,zero_shot,0,"from typing import List


def below_threshold(l: List[int], t: int) -> bool:
    """"""
    Check if all numbers in the list l are below threshold t.

    Examples:
        >>> below_threshold([1, 2, 4, 10], 100)
        True
        >>> below_threshold([1, 20, 4, 10], 5)
        False
    """"""
    return all(x < t for x in l)",raw_generations/HumanEval_52/zero_shot_sample0.py,,,True,,0,,3.33,0.0,2.0,2.0,74.84640431451162,outputs\reports\static_analysis\pylint\HumanEval_52__zero_shot__sample0__final_pylint.txt,outputs\reports\static_analysis\bandit\HumanEval_52__zero_shot__sample0__final_bandit.json,outputs\reports\static_analysis\bandit\HumanEval_52__zero_shot__sample0__final_bandit.stderr.txt,True,passed,9.0,9.0,10.0,10.0,10.0,9.0,"Excellent implementation: concise, efficient, and fully correct with proper type hints and documentation.",,,
HumanEval/52,below_threshold,constraint_guided,0,"from typing import List


def below_threshold(l: List[int], t: int) -> bool:
    """"""
    Check if all numbers in the list l are below threshold t.
    """"""
    for num in l:
        if num >= t:
            return False
    return True",raw_generations/HumanEval_52/constraint_guided_sample0.py,,,True,,0,,6.67,0.0,3.0,3.0,100.0,outputs\reports\static_analysis\pylint\HumanEval_52__constraint_guided__sample0__final_pylint.txt,outputs\reports\static_analysis\bandit\HumanEval_52__constraint_guided__sample0__final_bandit.json,outputs\reports\static_analysis\bandit\HumanEval_52__constraint_guided__sample0__final_bandit.stderr.txt,True,passed,9.0,9.0,10.0,9.0,8.0,9.0,"Clean, efficient, and correct implementation, though using a generator expression with `all()` would be more Pythonic.",,,
HumanEval/52,below_threshold,structured_cot,0,"from typing import List


def below_threshold(l: List[int], t: int) -> bool:
    """"""
    Check if all numbers in the list l are below threshold t.

    Examples:
        >>> below_threshold([1, 2, 4, 10], 100)
        True
        >>> below_threshold([1, 20, 4, 10], 5)
        False
    """"""
    for num in l:
        if num >= t:
            return False
    return True",raw_generations/HumanEval_52/structured_cot_sample0.py,,,True,,0,,6.67,0.0,3.0,3.0,96.32895453327141,outputs\reports\static_analysis\pylint\HumanEval_52__structured_cot__sample0__final_pylint.txt,outputs\reports\static_analysis\bandit\HumanEval_52__structured_cot__sample0__final_bandit.json,outputs\reports\static_analysis\bandit\HumanEval_52__structured_cot__sample0__final_bandit.stderr.txt,True,passed,9.0,9.0,10.0,9.0,8.0,9.0,"Clean, correct, and efficient implementation with minor style improvements possible.",,,
HumanEval/52,below_threshold,self_refine,0,"from typing import List


def below_threshold(l: List[int], t: int) -> bool:
    """"""
    Check if all numbers in the list l are below threshold t.

    Examples:
        >>> below_threshold([1, 2, 4, 10], 100)
        True
        >>> below_threshold([1, 20, 4, 10], 5)
        False
    """"""
    return all(num < t for num in l)",raw_generations/HumanEval_52/self_refine_sample0.py,"from typing import List


def below_threshold(l: List[int], t: int) -> bool:
    """"""
    Check if all numbers in the list l are below threshold t.

    Examples:
        >>> below_threshold([1, 2, 4, 10], 100)
        True
        >>> below_threshold([1, 20, 4, 10], 5)
        False
    """"""
    # Check each element; return False immediately if any element >= threshold
    for num in l:
        if num >= t:
            return False
    return True",raw_generations/HumanEval_52/self_refine_sample0_initial.py,True,,0,,3.33,0.0,2.0,2.0,74.84640431451162,outputs\reports\static_analysis\pylint\HumanEval_52__self_refine__sample0__final_pylint.txt,outputs\reports\static_analysis\bandit\HumanEval_52__self_refine__sample0__final_bandit.json,outputs\reports\static_analysis\bandit\HumanEval_52__self_refine__sample0__final_bandit.stderr.txt,True,passed,9.0,-10.0,10.0,10.0,10.0,9.0,"The code is excellent in most aspects, but the maintainability score is invalid due to a typo in the response.",outputs\reports\static_analysis\pylint\HumanEval_52__self_refine__sample0__initial_pylint.txt,outputs\reports\static_analysis\bandit\HumanEval_52__self_refine__sample0__initial_bandit.json,outputs\reports\static_analysis\bandit\HumanEval_52__self_refine__sample0__initial_bandit.stderr.txt
HumanEval/53,add,zero_shot,0,"def add(x: int, y: int) -> int:
    """"""
    Add the two numbers x and y.

    Examples:
        >>> add(2, 3)
        5
        >>> add(5, 7)
        12
    """"""
    return x + y",raw_generations/HumanEval_53/zero_shot_sample0.py,,,True,,0,,0.0,0.0,1.0,1.0,60.07139517617164,outputs\reports\static_analysis\pylint\HumanEval_53__zero_shot__sample0__final_pylint.txt,outputs\reports\static_analysis\bandit\HumanEval_53__zero_shot__sample0__final_bandit.json,outputs\reports\static_analysis\bandit\HumanEval_53__zero_shot__sample0__final_bandit.stderr.txt,True,passed,10.0,10.0,10.0,10.0,10.0,10.0,"Perfectly simple and correct implementation with clear documentation, type hints, and no unnecessary complexity.",,,
HumanEval/53,add,constraint_guided,0,"def add(x: int, y: int) -> int:
    """"""
    Add the two numbers x and y.

    Examples:
        >>> add(2, 3)
        5
        >>> add(5, 7)
        12
    """"""
    return x + y",raw_generations/HumanEval_53/constraint_guided_sample0.py,,,True,,0,,0.0,0.0,1.0,1.0,60.07139517617164,outputs\reports\static_analysis\pylint\HumanEval_53__constraint_guided__sample0__final_pylint.txt,outputs\reports\static_analysis\bandit\HumanEval_53__constraint_guided__sample0__final_bandit.json,outputs\reports\static_analysis\bandit\HumanEval_53__constraint_guided__sample0__final_bandit.stderr.txt,True,passed,9.0,9.0,10.0,10.0,9.0,9.0,"Excellent, clean implementation with proper type hints and documentation, though extremely simple functionality limits demonstration of more complex software engineering principles.",,,
HumanEval/53,add,structured_cot,0,"def add(x: int, y: int) -> int:
    """"""
    Add the two numbers x and y.

    Examples:
        >>> add(2, 3)
        5
        >>> add(5, 7)
        12
    """"""
    return x + y",raw_generations/HumanEval_53/structured_cot_sample0.py,,,True,,0,,0.0,0.0,1.0,1.0,60.07139517617164,outputs\reports\static_analysis\pylint\HumanEval_53__structured_cot__sample0__final_pylint.txt,outputs\reports\static_analysis\bandit\HumanEval_53__structured_cot__sample0__final_bandit.json,outputs\reports\static_analysis\bandit\HumanEval_53__structured_cot__sample0__final_bandit.stderr.txt,True,passed,10.0,10.0,10.0,10.0,10.0,10.0,"Perfectly implemented function with clear documentation, proper type hints, and optimal implementation.",,,
HumanEval/53,add,self_refine,0,"def add(x: int, y: int) -> int:
    """"""
    Add the two numbers x and y.

    Examples:
        >>> add(2, 3)
        5
        >>> add(5, 7)
        12
    """"""
    return x + y",raw_generations/HumanEval_53/self_refine_sample0.py,"def add(x: int, y: int) -> int:
    """"""
    Add the two numbers x and y.

    Examples:
        >>> add(2, 3)
        5
        >>> add(5, 7)
        12
    """"""
    return x + y",raw_generations/HumanEval_53/self_refine_sample0_initial.py,True,,0,,0.0,0.0,1.0,1.0,60.07139517617164,outputs\reports\static_analysis\pylint\HumanEval_53__self_refine__sample0__final_pylint.txt,outputs\reports\static_analysis\bandit\HumanEval_53__self_refine__sample0__final_bandit.json,outputs\reports\static_analysis\bandit\HumanEval_53__self_refine__sample0__final_bandit.stderr.txt,True,passed,10.0,10.0,10.0,10.0,10.0,10.0,"Perfectly simple, clear, and correct implementation with proper documentation and type hints.",outputs\reports\static_analysis\pylint\HumanEval_53__self_refine__sample0__initial_pylint.txt,outputs\reports\static_analysis\bandit\HumanEval_53__self_refine__sample0__initial_bandit.json,outputs\reports\static_analysis\bandit\HumanEval_53__self_refine__sample0__initial_bandit.stderr.txt
HumanEval/54,same_chars,zero_shot,0,"def same_chars(s0: str, s1: str) -> bool:
    return sorted(s0) == sorted(s1)",raw_generations/HumanEval_54/zero_shot_sample0.py,,,True,,0,,0.0,0.0,1.0,1.0,88.5574946685516,outputs\reports\static_analysis\pylint\HumanEval_54__zero_shot__sample0__final_pylint.txt,outputs\reports\static_analysis\bandit\HumanEval_54__zero_shot__sample0__final_bandit.json,outputs\reports\static_analysis\bandit\HumanEval_54__zero_shot__sample0__final_bandit.stderr.txt,False,assertion_failed: ,9.0,9.0,8.0,5.0,9.0,8.0,"The code is clean and correct for the given examples, but it has O(n log n) time complexity and does not handle edge cases like Unicode characters with combining marks or different whitespace interpretations.",,,
HumanEval/54,same_chars,constraint_guided,0,"def same_chars(s0: str, s1: str) -> bool:
    """"""
    Check if two words have the same characters.
    """"""
    # Compare sorted character lists
    return sorted(s0) == sorted(s1)",raw_generations/HumanEval_54/constraint_guided_sample0.py,,,True,,0,,0.0,0.0,1.0,1.0,90.8467613170102,outputs\reports\static_analysis\pylint\HumanEval_54__constraint_guided__sample0__final_pylint.txt,outputs\reports\static_analysis\bandit\HumanEval_54__constraint_guided__sample0__final_bandit.json,outputs\reports\static_analysis\bandit\HumanEval_54__constraint_guided__sample0__final_bandit.stderr.txt,False,assertion_failed: ,9.0,8.0,7.0,5.0,9.0,7.0,The code is clean and Pythonic but inefficient due to O(n log n) sorting; also fails to handle edge cases like Unicode characters with different normalized forms.,,,
HumanEval/54,same_chars,structured_cot,0,"def same_chars(s0: str, s1: str) -> bool:
    return sorted(s0) == sorted(s1)",raw_generations/HumanEval_54/structured_cot_sample0.py,,,True,,0,,0.0,0.0,1.0,1.0,88.5574946685516,outputs\reports\static_analysis\pylint\HumanEval_54__structured_cot__sample0__final_pylint.txt,outputs\reports\static_analysis\bandit\HumanEval_54__structured_cot__sample0__final_bandit.json,outputs\reports\static_analysis\bandit\HumanEval_54__structured_cot__sample0__final_bandit.stderr.txt,False,assertion_failed: ,9.0,8.0,6.0,5.0,9.0,6.0,The code is clean and Pythonic but inefficient (O(n log n) vs O(n) possible) and fails to handle edge cases like Unicode characters with combining marks.,,,
HumanEval/54,same_chars,self_refine,0,"def same_chars(s0: str, s1: str) -> bool:
    """"""
    Check if two words have the same characters.
    """"""
    return sorted(s0) == sorted(s1)",raw_generations/HumanEval_54/self_refine_sample0.py,"def same_chars(s0: str, s1: str) -> bool:
    """"""
    Check if two words have the same characters.
    """"""
    return sorted(s0) == sorted(s1)",raw_generations/HumanEval_54/self_refine_sample0_initial.py,True,,0,,0.0,0.0,1.0,1.0,100.0,outputs\reports\static_analysis\pylint\HumanEval_54__self_refine__sample0__final_pylint.txt,outputs\reports\static_analysis\bandit\HumanEval_54__self_refine__sample0__final_bandit.json,outputs\reports\static_analysis\bandit\HumanEval_54__self_refine__sample0__final_bandit.stderr.txt,False,assertion_failed: ,9.0,8.0,7.0,5.0,9.0,7.0,The code is clean and Pythonic but inefficient for large strings due to O(n log n) sorting; it also fails to handle edge cases like Unicode characters with different normalized forms.,outputs\reports\static_analysis\pylint\HumanEval_54__self_refine__sample0__initial_pylint.txt,outputs\reports\static_analysis\bandit\HumanEval_54__self_refine__sample0__initial_bandit.json,outputs\reports\static_analysis\bandit\HumanEval_54__self_refine__sample0__initial_bandit.stderr.txt
HumanEval/55,fib,zero_shot,0,"def fib(n: int) -> int:
    if n <= 0:
        return 0
    a, b = 0, 1
    for _ in range(n):
        a, b = b, a + b
    return a",raw_generations/HumanEval_55/zero_shot_sample0.py,,,True,,0,,5.71,0.0,3.0,3.0,72.82491762469213,outputs\reports\static_analysis\pylint\HumanEval_55__zero_shot__sample0__final_pylint.txt,outputs\reports\static_analysis\bandit\HumanEval_55__zero_shot__sample0__final_bandit.json,outputs\reports\static_analysis\bandit\HumanEval_55__zero_shot__sample0__final_bandit.stderr.txt,True,passed,9.0,9.0,8.0,10.0,10.0,9.0,"Clean, efficient implementation with minor correctness issue: docstring examples expect fib(1)=1 but code returns 0 for n=0 and 1 for n=1, which is standard but contradicts example if considering 0-indexing.",,,
HumanEval/55,fib,constraint_guided,0,"def fib(n: int) -> int:
    """"""
    Return the n-th Fibonacci number.

    Examples:
        >>> fib(10)
        55
        >>> fib(1)
        1
        >>> fib(8)
        21
    """"""
    if n <= 0:
        return 0
    if n == 1:
        return 1

    prev, curr = 0, 1
    for _ in range(2, n + 1):
        prev, curr = curr, prev + curr
    return curr",raw_generations/HumanEval_55/constraint_guided_sample0.py,,,True,,0,,7.78,0.0,4.0,4.0,90.66056614179571,outputs\reports\static_analysis\pylint\HumanEval_55__constraint_guided__sample0__final_pylint.txt,outputs\reports\static_analysis\bandit\HumanEval_55__constraint_guided__sample0__final_bandit.json,outputs\reports\static_analysis\bandit\HumanEval_55__constraint_guided__sample0__final_bandit.stderr.txt,True,passed,9.0,9.0,8.0,10.0,9.0,9.0,"Clean, efficient implementation with minor correctness issue: docstring examples show fib(1)=1 but code returns 0 for n<=0, creating inconsistency for n=0.",,,
HumanEval/55,fib,structured_cot,0,"def fib(n: int) -> int:
    """"""
    Return the n-th Fibonacci number.

    Examples:
        >>> fib(10)
        55
        >>> fib(1)
        1
        >>> fib(8)
        21
    """"""
    if n <= 0:
        return 0
    elif n == 1:
        return 1
    a, b = 0, 1
    for _ in range(2, n + 1):
        a, b = b, a + b
    return b",raw_generations/HumanEval_55/structured_cot_sample0.py,,,True,,0,,6.67,0.0,4.0,4.0,90.66056614179571,outputs\reports\static_analysis\pylint\HumanEval_55__structured_cot__sample0__final_pylint.txt,outputs\reports\static_analysis\bandit\HumanEval_55__structured_cot__sample0__final_bandit.json,outputs\reports\static_analysis\bandit\HumanEval_55__structured_cot__sample0__final_bandit.stderr.txt,True,passed,9.0,9.0,8.0,10.0,9.0,9.0,"Clean, efficient iterative implementation with good documentation, but edge case handling for n=0 may conflict with typical Fibonacci definitions.",,,
HumanEval/55,fib,self_refine,0,"def fib(n: int) -> int:
    """"""
    Return the n-th Fibonacci number.

    Examples:
        >>> fib(10)
        55
        >>> fib(1)
        1
        >>> fib(8)
        21
    """"""
    if not isinstance(n, int):
        raise TypeError(""n must be an integer"")
    if n < 0:
        raise ValueError(""n must be non-negative"")
    if n == 0:
        return 0
    if n == 1:
        return 1

    prev, curr = 0, 1
    for _ in range(2, n + 1):
        prev, curr = curr, prev + curr
    return curr",raw_generations/HumanEval_55/self_refine_sample0.py,"def fib(n: int) -> int:
    """"""
    Return the n-th Fibonacci number.
    """"""
    if n <= 0:
        return 0
    if n == 1:
        return 1
    
    prev, curr = 0, 1
    for _ in range(2, n + 1):
        prev, curr = curr, prev + curr
    return curr",raw_generations/HumanEval_55/self_refine_sample0_initial.py,True,,0,,8.46,0.0,6.0,6.0,90.28064093072668,outputs\reports\static_analysis\pylint\HumanEval_55__self_refine__sample0__final_pylint.txt,outputs\reports\static_analysis\bandit\HumanEval_55__self_refine__sample0__final_bandit.json,outputs\reports\static_analysis\bandit\HumanEval_55__self_refine__sample0__final_bandit.stderr.txt,True,passed,9.0,9.0,9.0,10.0,8.0,9.0,"Well-structured, efficient iterative solution with proper input validation, though type hinting makes isinstance check redundant.",outputs\reports\static_analysis\pylint\HumanEval_55__self_refine__sample0__initial_pylint.txt,outputs\reports\static_analysis\bandit\HumanEval_55__self_refine__sample0__initial_bandit.json,outputs\reports\static_analysis\bandit\HumanEval_55__self_refine__sample0__initial_bandit.stderr.txt
HumanEval/56,correct_bracketing,zero_shot,0,"def correct_bracketing(brackets: str) -> bool:
    balance = 0
    for ch in brackets:
        if ch == '<':
            balance += 1
        elif ch == '>':
            balance -= 1
        if balance < 0:
            return False
    return balance == 0",raw_generations/HumanEval_56/zero_shot_sample0.py,,,True,,0,,7.0,0.0,5.0,5.0,65.07330552638736,outputs\reports\static_analysis\pylint\HumanEval_56__zero_shot__sample0__final_pylint.txt,outputs\reports\static_analysis\bandit\HumanEval_56__zero_shot__sample0__final_bandit.json,outputs\reports\static_analysis\bandit\HumanEval_56__zero_shot__sample0__final_bandit.stderr.txt,True,passed,9.0,9.0,10.0,10.0,9.0,9.0,"Clean, efficient implementation with proper early termination for invalid sequences, though variable naming could be slightly more descriptive.",,,
HumanEval/56,correct_bracketing,constraint_guided,0,"def correct_bracketing(brackets: str) -> bool:
    """"""
    brackets is a string of ""<"" and "">"".
    Check if every opening bracket has a corresponding closing bracket.
    """"""
    balance = 0
    for ch in brackets:
        if ch == ""<"":
            balance += 1
        elif ch == "">"":
            balance -= 1
        # If balance becomes negative, a closing bracket appears before an opening one
        if balance < 0:
            return False
    # At the end, balance should be zero for correct bracketing
    return balance == 0",raw_generations/HumanEval_56/constraint_guided_sample0.py,,,True,,0,,8.0,0.0,5.0,5.0,93.393005823689,outputs\reports\static_analysis\pylint\HumanEval_56__constraint_guided__sample0__final_pylint.txt,outputs\reports\static_analysis\bandit\HumanEval_56__constraint_guided__sample0__final_bandit.json,outputs\reports\static_analysis\bandit\HumanEval_56__constraint_guided__sample0__final_bandit.stderr.txt,True,passed,9.0,9.0,10.0,10.0,9.0,9.0,"Clean, efficient implementation with proper edge case handling and clear logic.",,,
HumanEval/56,correct_bracketing,structured_cot,0,"def correct_bracketing(brackets: str) -> bool:
    balance = 0
    for ch in brackets:
        if ch == '<':
            balance += 1
        elif ch == '>':
            balance -= 1
        if balance < 0:
            return False
    return balance == 0",raw_generations/HumanEval_56/structured_cot_sample0.py,,,True,,0,,7.0,0.0,5.0,5.0,65.07330552638736,outputs\reports\static_analysis\pylint\HumanEval_56__structured_cot__sample0__final_pylint.txt,outputs\reports\static_analysis\bandit\HumanEval_56__structured_cot__sample0__final_bandit.json,outputs\reports\static_analysis\bandit\HumanEval_56__structured_cot__sample0__final_bandit.stderr.txt,True,passed,9.0,9.0,10.0,10.0,9.0,9.0,"Clean, efficient, and correct implementation with minor room for improvement in variable naming and type hints.",,,
HumanEval/56,correct_bracketing,self_refine,0,"def correct_bracketing(brackets: str) -> bool:
    """"""
    Return True if every opening bracket '<' has a matching closing bracket '>'
    in correct order, otherwise False.
    """"""
    balance = —0
    for char in brackets:
        if char == '<':
            balance += 1
        elif char == '>':
            balance -= 1
            if balance < 0:
                return False
    return balance == 0",raw_generations/HumanEval_56/self_refine_sample0.py,"def correct_bracketing(brackets: str) -> bool:
    """"""
    Return True if every opening bracket '<' has a matching closing bracket '>'
    in correct order, otherwise False.
    """"""
    balance = 0
    for ch in brackets:
        if ch == '<':
            balance += 1
        elif ch == '>':
            balance -= 1
        # If balance becomes negative, a closing bracket appears before an opening one.
        if balance < 0:
            return False
    # At the end, balance must be zero.
    return balance == 0",raw_generations/HumanEval_56/self_refine_sample0_initial.py,False,"SyntaxError: invalid character '—' (U+2014) (<unknown>, line 6)",0,,,,,,,,,,,not_executed,,,,,,,,outputs\reports\static_analysis\pylint\HumanEval_56__self_refine__sample0__initial_pylint.txt,outputs\reports\static_analysis\bandit\HumanEval_56__self_refine__sample0__initial_bandit.json,outputs\reports\static_analysis\bandit\HumanEval_56__self_refine__sample0__initial_bandit.stderr.txt
HumanEval/57,monotonic,zero_shot,0,"from typing import List


def monotonic(l: List[int]) -> bool:
    """"""
    Check if list elements are monotonically increasing or decreasing.

    Examples:
        >>> monotonic([1, 2, 4, 20])
        True
        >>> monotonic([1, 20, 4, 10])
        False
        >>> monotonic([4, 1, 0, -10])
        True
    """"""
    if len(l) <= 2:
        return True
    
    increasing = decreasing = True
    
    for i in range(1, len(l)):
        if l[i] < l[i-1]:
            increasing = False
        if l[i] > l[i-1]:
            decreasing = False
    
    return increasing or decreasing",raw_generations/HumanEval_57/zero_shot_sample0.py,,,True,,0,,5.45,0.0,6.0,6.0,89.59434740373426,outputs\reports\static_analysis\pylint\HumanEval_57__zero_shot__sample0__final_pylint.txt,outputs\reports\static_analysis\bandit\HumanEval_57__zero_shot__sample0__final_bandit.json,outputs\reports\static_analysis\bandit\HumanEval_57__zero_shot__sample0__final_bandit.stderr.txt,False,assertion_failed: ,9.0,9.0,8.0,9.0,8.0,8.0,"Clean and efficient implementation with minor issues: variable name 'l' is ambiguous, and edge case handling for equal consecutive values could be clarified.",,,
HumanEval/57,monotonic,constraint_guided,0,"from typing import List


def monotonic(l: List[int]) -> bool:
    """"""
    Check if list elements are monotonically increasing or decreasing.

    Examples:
        >>> monotonic([1, 2, 4, 20])
        True
        >>> monotonic([1, 20, 4, 10])
        False
        >>> monotonic([4, 1, 0, -10])
        True
    """"""
    if len(l) <= 2:
        return True

    # Determine direction from first two distinct elements
    i = 0
    while i < len(l) - 1 and l[i] == l[i + 1]:
        i += 1

    if i == len(l) - 1:
        return True  # All elements are equal

    # Determine if increasing or decreasing
    is_increasing = l[i] < l[i + 1]

    # Check the rest of the list maintains the same monotonic direction
    for j in range(i + 1, len(l) - 1):
        if l[j] == l[j + 1]:
            continue
        if (l[j] < l[j + 1]) != is_increasing:
            return False

    return True",raw_generations/HumanEval_57/constraint_guided_sample0.py,,,True,,0,,8.75,0.0,8.0,8.0,82.4340382993171,outputs\reports\static_analysis\pylint\HumanEval_57__constraint_guided__sample0__final_pylint.txt,outputs\reports\static_analysis\bandit\HumanEval_57__constraint_guided__sample0__final_bandit.json,outputs\reports\static_analysis\bandit\HumanEval_57__constraint_guided__sample0__final_bandit.stderr.txt,False,assertion_failed: ,8.0,7.0,9.0,8.0,7.0,8.0,"The code is generally clear and correct, but could be more Pythonic and maintainable by using built-in functions like zip and all for better readability and conciseness.",,,
HumanEval/57,monotonic,structured_cot,0,"from typing import List


def monotonic(l: List[int]) -> bool:
    """"""
    Check if list elements are monotonically increasing or decreasing.

    Examples:
        >>> monotonic([1, 2, 4, 20])
        True
        >>> monotonic([1, 20, 4, 10])
        False
        >>> monotonic([4, 1, 0, -10])
        True
    """"""
    if len(l) <= 2:
        return True
    
    increasing = decreasing = True
    
    for i in range(1, len(l)):
        if l[i] > l[i-1]:
            decreasing = False
        elif l[i] < l[i-1]:
            increasing = False
        
        if not increasing and not decreasing:
            return False
    
    return True",raw_generations/HumanEval_57/structured_cot_sample0.py,,,True,,0,,5.38,0.0,7.0,7.0,88.67073138215925,outputs\reports\static_analysis\pylint\HumanEval_57__structured_cot__sample0__final_pylint.txt,outputs\reports\static_analysis\bandit\HumanEval_57__structured_cot__sample0__final_bandit.json,outputs\reports\static_analysis\bandit\HumanEval_57__structured_cot__sample0__final_bandit.stderr.txt,False,assertion_failed: ,8.0,8.0,9.0,9.0,7.0,8.0,"The code is clean and efficient, but could be more Pythonic by using built-in functions like `all()` and avoiding the parameter name 'l' which is easily confused.",,,
HumanEval/57,monotonic,self_refine,0,"from typing import List


def monotonic(l: List[int]) -> bool:
    """"""
    Check if list elements are monotonically increasing or decreasing.

    Examples:
        >>> monotonic([1, 2, 4, 20])
        True
        >>> monotonic([1, 20, 4, 10])
        False
        >>> monotonic([4, 1, 0, -10])
        True
    """"""
    if len(l) <= 2:
        return True

    increasing = None
    for i in range(len(l) - 1):
        if l[i] < l[i + 1]:
            if increasing is False:
                return False
            increasing = True
        elif l[i] > l[i + 1]:
            if increasing is True:
                return False
            increasing = False

    return True",raw_generations/HumanEval_57/self_refine_sample0.py,"from typing import List


def monotonic(l: List[int]) -> bool:
    """"""
    Check if list elements are monotonically increasing or decreasing.

    Examples:
        >>> monotonic([1, 2, 4, 20])
        True
        >>> monotonic([1, 20, 4, 10])
        False
        >>> monotonic([4, 1, 0, -10])
        True
    """"""
    if len(l) <= 2:
        return True

    # Determine direction from first two distinct elements
    i = 0
    while i < len(l) - 1 and l[i] == l[i + 1]:
        i += 1
    
    if i == len(l) - 1:
        return True  # All elements are equal

    # Determine expected direction
    increasing = l[i] < l[i + 1]

    # Check remaining elements maintain the direction
    for j in range(i, len(l) - 1):
        if l[j] == l[j + 1]:
            continue
        if (l[j] < l[j + 1]) != increasing:
            return False

    return True",raw_generations/HumanEval_57/self_refine_sample0_initial.py,True,,0,,8.67,0.0,7.0,7.0,87.87198969486664,outputs\reports\static_analysis\pylint\HumanEval_57__self_refine__sample0__final_pylint.txt,outputs\reports\static_analysis\bandit\HumanEval_57__self_refine__sample0__final_bandit.json,outputs\reports\static_analysis\bandit\HumanEval_57__self_refine__sample0__final_bandit.stderr.txt,False,assertion_failed: ,8.0,7.0,9.0,9.0,7.0,8.0,"The code is clear and efficient, but could be more Pythonic by using built-in functions like `all` and handling edge cases more explicitly.",outputs\reports\static_analysis\pylint\HumanEval_57__self_refine__sample0__initial_pylint.txt,outputs\reports\static_analysis\bandit\HumanEval_57__self_refine__sample0__initial_bandit.json,outputs\reports\static_analysis\bandit\HumanEval_57__self_refine__sample0__initial_bandit.stderr.txt
HumanEval/58,common,zero_shot,0,"from typing import List

def common(l1: List[int], l2: List[int]) -> List[int]:
    """"""
    Return sorted unique common elements for two integer lists.

    Examples:
        >>> common([1, 4, 3, 34, 653, 2, 5], [5, 7, 1, 5, 9, 653, 121])
        [1, 5, 653]
        >>> common([5, 3, 2, 8], [3, 2])
        [2, 3]
    """"""
    set1 = set(l1)
    set2 = set(l2)
    common_set = set1.intersection(set2)
    return sorted(list(common_set))",raw_generations/HumanEval_58/zero_shot_sample0.py,,,True,,0,,6.67,0.0,1.0,1.0,100.0,outputs\reports\static_analysis\pylint\HumanEval_58__zero_shot__sample0__final_pylint.txt,outputs\reports\static_analysis\bandit\HumanEval_58__zero_shot__sample0__final_bandit.json,outputs\reports\static_analysis\bandit\HumanEval_58__zero_shot__sample0__final_bandit.stderr.txt,True,passed,9.0,8.0,9.0,9.0,9.0,9.0,"Clean, efficient, and idiomatic implementation with minor room for improvement in variable naming and type hinting.",,,
HumanEval/58,common,constraint_guided,0,"from typing import List


def common(l1: List[int], l2: List[int]) -> List[int]:
    """"""
    Return sorted unique common elements for two integer lists.
    """"""
    # Convert lists to sets for efficient intersection and uniqueness
    set1 = set(l1)
    set2 = set(l2)
    
    # Find common elements
    common_elements = set1.intersection(set2)
    
    # Return sorted list
    return sorted(common_elements)",raw_generations/HumanEval_58/constraint_guided_sample0.py,,,True,,0,,3.33,0.0,1.0,1.0,100.0,outputs\reports\static_analysis\pylint\HumanEval_58__constraint_guided__sample0__final_pylint.txt,outputs\reports\static_analysis\bandit\HumanEval_58__constraint_guided__sample0__final_bandit.json,outputs\reports\static_analysis\bandit\HumanEval_58__constraint_guided__sample0__final_bandit.stderr.txt,True,passed,9.0,9.0,10.0,10.0,10.0,9.0,"Clean, efficient, and idiomatic implementation using set operations and proper typing, though variable names could be slightly more descriptive.",,,
HumanEval/58,common,structured_cot,0,"from typing import List


def common(l1: List[int], l2: List[int]) -> List[int]:
    """"""
    Return sorted unique common elements for two integer lists.

    Examples:
        >>> common([1, 4, 3, 34, 653, 2, 5], [5, 7, 1, 5, 9, 653, 121])
        [1, 5, 653]
        >>> common([5, 3, 2, 8], [3, 2])
        [2, 3]
    """"""
    set1 = set(l1)
    set2 = set(l2)
    common_elements = set1.intersection(set2)
    return sorted(list(common_elements))",raw_generations/HumanEval_58/structured_cot_sample0.py,,,True,,0,,6.67,0.0,1.0,1.0,100.0,outputs\reports\static_analysis\pylint\HumanEval_58__structured_cot__sample0__final_pylint.txt,outputs\reports\static_analysis\bandit\HumanEval_58__structured_cot__sample0__final_bandit.json,outputs\reports\static_analysis\bandit\HumanEval_58__structured_cot__sample0__final_bandit.stderr.txt,True,passed,9.0,9.0,10.0,9.0,9.0,9.0,"Clean, efficient, and correct implementation using sets for O(n) intersection and sorted output; minor improvements possible in variable naming and direct return.",,,
HumanEval/58,common,self_refine,0,"from typing import List


def common(l1: List[int], l2: List[int]) -> List[int]:
    """"""
    Return sorted unique common elements for two integer lists.

    Examples:
        >>> common([1, 4, 3, 34, 653, 2, 5], [5, 7, 1, 5, 9, 653, 121])
        [1, 5, 653]
        >>> common([5, 3, 2, 8], [3, 2])
        [2, 3]
    """"""
    if not l1 or not l2:
        return []
    
    return sorted(set(l1) & set(l2))",raw_generations/HumanEval_58/self_refine_sample0.py,"from typing import List


def common(l1: List[int], l2: List[int]) -> List[int]:
    """"""
    Return sorted unique common elements for two integer lists.
    """"""
    # Convert lists to sets for efficient intersection and uniqueness
    set1 = set(l1)
    set2 = set(l2)
    
    # Find common elements
    common_elements = set1.intersection(set2)
    
    # Return sorted list
    return sorted(common_elements)",raw_generations/HumanEval_58/self_refine_sample0_initial.py,True,,0,,4.0,0.0,3.0,3.0,86.6553793099552,outputs\reports\static_analysis\pylint\HumanEval_58__self_refine__sample0__final_pylint.txt,outputs\reports\static_analysis\bandit\HumanEval_58__self_refine__sample0__final_bandit.json,outputs\reports\static_analysis\bandit\HumanEval_58__self_refine__sample0__final_bandit.stderr.txt,True,passed,9.0,8.0,7.0,8.0,9.0,8.0,Clean and Pythonic implementation but lacks handling for non-integer inputs and edge cases like large lists where set conversion might be memory-intensive.,outputs\reports\static_analysis\pylint\HumanEval_58__self_refine__sample0__initial_pylint.txt,outputs\reports\static_analysis\bandit\HumanEval_58__self_refine__sample0__initial_bandit.json,outputs\reports\static_analysis\bandit\HumanEval_58__self_refine__sample0__initial_bandit.stderr.txt
HumanEval/59,largest_prime_factor,zero_shot,0,"def largest_prime_factor(n: int) -> int:
    """"""
    Return the largest prime factor of n.
    Assume n > 1 and is not a prime.
    """"""
    i = 2
    while i * i <= n:
        while n % i == 0:
            n //= i
        i += 1 if i == 2 else 2
    return n",raw_generations/HumanEval_59/zero_shot_sample0.py,,,True,,0,,7.14,0.0,4.0,4.0,95.76437790275735,outputs\reports\static_analysis\pylint\HumanEval_59__zero_shot__sample0__final_pylint.txt,outputs\reports\static_analysis\bandit\HumanEval_59__zero_shot__sample0__final_bandit.json,outputs\reports\static_analysis\bandit\HumanEval_59__zero_shot__sample0__final_bandit.stderr.txt,False,assertion_failed: ,8.0,7.0,6.0,8.0,7.0,7.0,"The algorithm is efficient and mostly correct, but fails for prime inputs and lacks explicit handling of the 'not a prime' assumption, which could lead to unexpected behavior.",,,
HumanEval/59,largest_prime_factor,constraint_guided,0,"def largest_prime_factor(n: int) -> int:
    """"""
    Return the largest prime factor of n.
    Assume n > 1 and is not a prime.
    """"""
    original_n = n
    largest_factor = 1
    
    # Check for factor 2
    while n % 2 == 0:
        largest_factor = 2
        n //= 2
    
    # Check for odd factors
    factor = 3
    while factor * factor <= n:
        while n % factor == 0:
            largest_factor = factor
            n //= factor
        factor += 2
    
    # If n is still greater than 1, it's a prime factor
    if n > 1:
        largest_factor = n
    
    return largest_factor",raw_generations/HumanEval_59/constraint_guided_sample0.py,,,True,,0,,5.33,0.0,5.0,5.0,87.46190626251952,outputs\reports\static_analysis\pylint\HumanEval_59__constraint_guided__sample0__final_pylint.txt,outputs\reports\static_analysis\bandit\HumanEval_59__constraint_guided__sample0__final_bandit.json,outputs\reports\static_analysis\bandit\HumanEval_59__constraint_guided__sample0__final_bandit.stderr.txt,True,passed,8.0,8.0,9.0,8.0,7.0,8.0,"The code is clear and efficient, but could be more Pythonic by using a for loop with range and avoiding the unused variable 'original_n'.",,,
HumanEval/59,largest_prime_factor,structured_cot,0,"def largest_prime_factor(n: int) -> int:
    i = 2
    while i * i <= n:
        while n % i == 0:
            n //= i
        i += 1 if i == 2 else 2
    return n",raw_generations/HumanEval_59/structured_cot_sample0.py,,,True,,0,,5.71,0.0,4.0,4.0,67.78993584878789,outputs\reports\static_analysis\pylint\HumanEval_59__structured_cot__sample0__final_pylint.txt,outputs\reports\static_analysis\bandit\HumanEval_59__structured_cot__sample0__final_bandit.json,outputs\reports\static_analysis\bandit\HumanEval_59__structured_cot__sample0__final_bandit.stderr.txt,False,assertion_failed: ,8.0,7.0,6.0,9.0,7.0,7.0,"The algorithm is efficient but lacks clarity in variable naming and fails to handle the case where n is prime, which contradicts the function's assumptions but should still be robustly managed.",,,
HumanEval/59,largest_prime_factor,self_refine,0,"def largest_prime_factor(n: int) -> int:
    """"""
    Return the largest prime factor of n.
    Assume n > 1 and is not a prime.
    """"""
    largest = 1
    
    # Factor out 2
    while n % 2 == 0:
        largest = 2
        n //= 2
    
    # Check odd factors
    factor = 3
    while factor * factor <= n:
        while n % factor == 0:
            largest = factor
            n //= factor
        factor += 2
    
    # If remaining n > 1, it's prime
    if n > 1:
        largest = n
    
    return largest",raw_generations/HumanEval_59/self_refine_sample0.py,"def largest_prime_factor(n: int) -> int:
    """"""
    Return the largest prime factor of n.
    Assume n > 1 and is not a prime.
    """"""
    original_n = n
    largest_factor = 1

    # Factor out all 2s
    while n % 2 == 0:
        largest_factor = 2
        n //= 2

    # Check odd factors up to sqrt(n)
    factor = 3
    while factor * factor <= n:
        while n % factor == 0:
            largest_factor = factor
            n //= factor
        factor += 2

    # If n is still greater than 1, it is a prime factor
    if n > 1:
        largest_factor = n

    return largest_factor",raw_generations/HumanEval_59/self_refine_sample0_initial.py,True,,0,,5.71,0.0,5.0,5.0,88.26227861384622,outputs\reports\static_analysis\pylint\HumanEval_59__self_refine__sample0__final_pylint.txt,outputs\reports\static_analysis\bandit\HumanEval_59__self_refine__sample0__final_bandit.json,outputs\reports\static_analysis\bandit\HumanEval_59__self_refine__sample0__final_bandit.stderr.txt,True,passed,8.0,8.0,9.0,9.0,7.0,8.0,"The code is clear and efficient, but could be more Pythonic with a for loop and range, and lacks explicit handling of the 'not a prime' assumption.",outputs\reports\static_analysis\pylint\HumanEval_59__self_refine__sample0__initial_pylint.txt,outputs\reports\static_analysis\bandit\HumanEval_59__self_refine__sample0__initial_bandit.json,outputs\reports\static_analysis\bandit\HumanEval_59__self_refine__sample0__initial_bandit.stderr.txt
HumanEval/60,sum_to_n,zero_shot,0,"def sum_to_n(n: int) -> int:
    """"""
    sum_to_n is a function that sums numbers from 1 to n.

    Examples:
        >>> sum_to_n(5)
        15
        >>> sum_to_n(10)
        55
        >>> sum_to_n(1)
        1
        >>> sum_to_n(0)
        1
    """"""
    if n <= 0:
        return 1
    return n * (n + 1) // 2",raw_generations/HumanEval_60/zero_shot_sample0.py,,,True,,0,,5.0,0.0,2.0,2.0,60.62791537597728,outputs\reports\static_analysis\pylint\HumanEval_60__zero_shot__sample0__final_pylint.txt,outputs\reports\static_analysis\bandit\HumanEval_60__zero_shot__sample0__final_bandit.json,outputs\reports\static_analysis\bandit\HumanEval_60__zero_shot__sample0__final_bandit.stderr.txt,False,assertion_failed: ,8.0,7.0,4.0,10.0,8.0,6.0,"The function is efficient and mostly Pythonic, but it incorrectly returns 1 for n <= 0 instead of handling the mathematical sum properly, violating the specification.",,,
HumanEval/60,sum_to_n,constraint_guided,0,"def sum_to_n(n: int) -> int:
    """"""
    sum_to_n is a function that sums numbers from 1 to n.
    """"""
    if n <= 0:
        return 1
    return n * (n + 1) // 2",raw_generations/HumanEval_60/constraint_guided_sample0.py,,,True,,0,,5.0,0.0,2.0,2.0,100.0,outputs\reports\static_analysis\pylint\HumanEval_60__constraint_guided__sample0__final_pylint.txt,outputs\reports\static_analysis\bandit\HumanEval_60__constraint_guided__sample0__final_bandit.json,outputs\reports\static_analysis\bandit\HumanEval_60__constraint_guided__sample0__final_bandit.stderr.txt,False,assertion_failed: ,8.0,7.0,3.0,10.0,8.0,5.0,"The function incorrectly returns 1 for n <= 0 instead of handling edge cases properly, and the docstring examples are inconsistent with the implementation.",,,
HumanEval/60,sum_to_n,structured_cot,0,"def sum_to_n(n: int) -> int:
    """"""
    sum_to_n is a function that sums numbers from 1 to n.

    Examples:
        >>> sum_to_n(5)
        15
        >>> sum_to_n(10)
        55
        >>> sum_to_n(1)
        1
        >>> sum_to_n(0)
        1
    """"""
    if n <= 0:
        return 1
    return n * (n + 1) // 2",raw_generations/HumanEval_60/structured_cot_sample0.py,,,True,,0,,5.0,0.0,2.0,2.0,60.62791537597728,outputs\reports\static_analysis\pylint\HumanEval_60__structured_cot__sample0__final_pylint.txt,outputs\reports\static_analysis\bandit\HumanEval_60__structured_cot__sample0__final_bandit.json,outputs\reports\static_analysis\bandit\HumanEval_60__structured_cot__sample0__final_bandit.stderr.txt,False,assertion_failed: ,8.0,7.0,4.0,10.0,8.0,6.0,The code is efficient and readable but has a critical correctness issue: it returns 1 for n <= 0 instead of handling the mathematical sum properly (should be 0 for n=0 and raise an error or return 0 for negative n).,,,
HumanEval/60,sum_to_n,self_refine,0,"def sum_to_n(n: int) -> int:
    """"""
    sum_to_n is a function that sums numbers from 1 to n.

    Examples:
        >>> sum_to_n(5)
        15
        >>> sum_to_n(10)
        55
        >>> sum_to_n(1)
        1
        >>> sum_to_n(0)
        1
    """"""
    if not isinstance(n, int):
        raise TypeError(""Input must be an integer"")
    if n < 0:
        raise ValueError(""Input must be a non-negative integer"")
    return n * (n + 1) // 2 + (1 if n == 0 else 0)",raw_generations/HumanEval_60/self_refine_sample0.py,"def sum_to_n(n: int) -> int:
    """"""
    sum_to_n is a function that sums numbers from 1 to n.
    """"""
    if n < 0:
        return 0
    # Use the arithmetic series formula for efficiency
    return n * (n + 1) // 2",raw_generations/HumanEval_60/self_refine_sample0_initial.py,True,,0,,6.67,0.0,4.0,4.0,73.90372576179404,outputs\reports\static_analysis\pylint\HumanEval_60__self_refine__sample0__final_pylint.txt,outputs\reports\static_analysis\bandit\HumanEval_60__self_refine__sample0__final_bandit.json,outputs\reports\static_analysis\bandit\HumanEval_60__self_refine__sample0__final_bandit.stderr.txt,False,test_failed: Input must be a non-negative integer,8.0,7.0,5.0,10.0,7.0,6.0,"The function has a critical correctness issue: it returns 1 for n=0 instead of 0, and the formula implementation is unnecessarily complex for handling the edge case.",outputs\reports\static_analysis\pylint\HumanEval_60__self_refine__sample0__initial_pylint.txt,outputs\reports\static_analysis\bandit\HumanEval_60__self_refine__sample0__initial_bandit.json,outputs\reports\static_analysis\bandit\HumanEval_60__self_refine__sample0__initial_bandit.stderr.txt
HumanEval/61,correct_bracketing,zero_shot,0,"def correct_bracketing(brackets: str) -> bool:
    """"""
    brackets is a string of ""("" and "")"".
    Check if every opening bracket has a corresponding closing bracket.
    """"""
    balance = 0
    for char in brackets:
        if char == '(':
            balance += 1
        elif char == ')':
            balance -= 1
            if balance < 0:
                return False
    return balance == 0",raw_generations/HumanEval_61/zero_shot_sample0.py,,,True,,0,,8.0,0.0,5.0,5.0,92.42513717265217,outputs\reports\static_analysis\pylint\HumanEval_61__zero_shot__sample0__final_pylint.txt,outputs\reports\static_analysis\bandit\HumanEval_61__zero_shot__sample0__final_bandit.json,outputs\reports\static_analysis\bandit\HumanEval_61__zero_shot__sample0__final_bandit.stderr.txt,True,passed,9.0,9.0,10.0,10.0,9.0,9.0,"Clean, efficient implementation with proper early termination for invalid sequences.",,,
HumanEval/61,correct_bracketing,constraint_guided,0,"def correct_bracketing(brackets: str) -> bool:
    """"""
    Check if every opening bracket has a corresponding closing bracket.
    """"""
    balance = 0
    for char in brackets:
        if char == '(':
            balance += 1
        elif char == ')':
            balance -= 1
            # If balance becomes negative, a closing bracket appears before an opening one
            if balance < 0:
                return False
    # Valid if all brackets are balanced
    return balance == 0",raw_generations/HumanEval_61/constraint_guided_sample0.py,,,True,,0,,8.0,0.0,5.0,5.0,93.24720528645629,outputs\reports\static_analysis\pylint\HumanEval_61__constraint_guided__sample0__final_pylint.txt,outputs\reports\static_analysis\bandit\HumanEval_61__constraint_guided__sample0__final_bandit.json,outputs\reports\static_analysis\bandit\HumanEval_61__constraint_guided__sample0__final_bandit.stderr.txt,True,passed,9.0,9.0,10.0,10.0,9.0,9.0,"Clean, efficient implementation with proper early termination for invalid sequences, though minor improvements in docstring completeness could enhance readability.",,,
HumanEval/61,correct_bracketing,structured_cot,0,"def correct_bracketing(brackets: str) -> bool:
    balance = 0
    for ch in brackets:
        if ch == '(':
            balance += 1
        elif ch == ')':
            balance -= 1
        if balance < 0:
            return False
    return balance == 0",raw_generations/HumanEval_61/structured_cot_sample0.py,,,True,,0,,7.0,0.0,5.0,5.0,65.07330552638736,outputs\reports\static_analysis\pylint\HumanEval_61__structured_cot__sample0__final_pylint.txt,outputs\reports\static_analysis\bandit\HumanEval_61__structured_cot__sample0__final_bandit.json,outputs\reports\static_analysis\bandit\HumanEval_61__structured_cot__sample0__final_bandit.stderr.txt,True,passed,9.0,9.0,10.0,10.0,9.0,9.0,"Clean, efficient, and correct implementation with proper early termination for invalid sequences.",,,
HumanEval/61,correct_bracketing,self_refine,0,"def correct_bracketing(brackets: str) -> bool:
    balance = 0
    for char in brackets:
        if char == '(':
            balance += 1
        elif char == ')':
            balance -= 1
        if balance < 0:
            return False
    return balance == 0",raw_generations/HumanEval_61/self_refine_sample0.py,"def correct_bracketing(brackets: str) -> bool:
    balance = —0
    for char in brackets:
        if char == '(':
            balance += 1
        elif char == ')':
            balance -= 1
        if balance < 0:
            return False
    return balance == 0",raw_generations/HumanEval_61/self_refine_sample0_initial.py,True,,0,,7.0,0.0,5.0,5.0,65.07330552638736,outputs\reports\static_analysis\pylint\HumanEval_61__self_refine__sample0__final_pylint.txt,outputs\reports\static_analysis\bandit\HumanEval_61__self_refine__sample0__final_bandit.json,outputs\reports\static_analysis\bandit\HumanEval_61__self_refine__sample0__final_bandit.stderr.txt,True,passed,9.0,8.0,9.0,10.0,9.0,9.0,"Clean, efficient implementation with proper early termination for invalid sequences, though lacks explicit handling of non-bracket characters.",,,
HumanEval/62,derivative,zero_shot,0,"from typing import List

def derivative(xs: List[int]) -> List[int]:
    """"""
    xs represents the coefficients of a polynomial:
    xs[0] + xs[1] * x + xs[2] * x^2 + ....
    Return the derivative of this polynomial in the same form.

    Examples:
        >>> derivative([3, 1, 2, 4, 5])
        [1, 4, 12, 20]
        >>> derivative([1, 2, 3])
        [2, 6]
    """"""
    if len(xs) <= 1:
        return []
    result = []
    for i in range(1, len(xs)):
        result.append(xs[i] * i)
    return result",raw_generations/HumanEval_62/zero_shot_sample0.py,,,True,,0,,7.5,0.0,3.0,3.0,91.92082496202968,outputs\reports\static_analysis\pylint\HumanEval_62__zero_shot__sample0__final_pylint.txt,outputs\reports\static_analysis\bandit\HumanEval_62__zero_shot__sample0__final_bandit.json,outputs\reports\static_analysis\bandit\HumanEval_62__zero_shot__sample0__final_bandit.stderr.txt,True,passed,9.0,9.0,10.0,10.0,8.0,9.0,"Clean, efficient, and correct implementation with minor improvements possible using list comprehensions for more Pythonic style.",,,
HumanEval/62,derivative,constraint_guided,0,"from typing import List


def derivative(xs: List[int]) -> List[int]:
    """"""
    xs represents the coefficients of a polynomial:
    xs[0] + xs[1] * x + xs[2] * x^2 + ....
    Return the derivative of this polynomial in the same form.
    """"""
    if len(xs) <= 1:
        return []
    
    result = []
    for i in range(1, len(xs)):
        result.append(xs[i] * i)
    
    return result",raw_generations/HumanEval_62/constraint_guided_sample0.py,,,True,,0,,5.0,0.0,3.0,3.0,99.61756695990998,outputs\reports\static_analysis\pylint\HumanEval_62__constraint_guided__sample0__final_pylint.txt,outputs\reports\static_analysis\bandit\HumanEval_62__constraint_guided__sample0__final_bandit.json,outputs\reports\static_analysis\bandit\HumanEval_62__constraint_guided__sample0__final_bandit.stderr.txt,True,passed,9.0,9.0,10.0,10.0,8.0,9.0,"Clean, efficient, and correct implementation with minor improvements possible using list comprehensions for more Pythonic style.",,,
HumanEval/62,derivative,structured_cot,0,"from typing import List


def derivative(xs: List[int]) -> List[int]:
    """"""
    xs represents the coefficients of a polynomial:
    xs[0] + xs[1] * x + xs[2] * x^2 + ....
    Return the derivative of this polynomial in the same form.

    Examples:
        >>> derivative([3, 1, 2, 4, 5])
        [1, 4, 12, 20]
        >>> derivative([1, 2, 3])
        [2, 6]
    """"""
    if len(xs) <= 1:
        return []
    
    result = []
    for i in range(1, len(xs)):
        result.append(xs[i] * i)
    
    return result",raw_generations/HumanEval_62/structured_cot_sample0.py,,,True,,0,,5.0,0.0,3.0,3.0,91.92082496202968,outputs\reports\static_analysis\pylint\HumanEval_62__structured_cot__sample0__final_pylint.txt,outputs\reports\static_analysis\bandit\HumanEval_62__structured_cot__sample0__final_bandit.json,outputs\reports\static_analysis\bandit\HumanEval_62__structured_cot__sample0__final_bandit.stderr.txt,True,passed,9.0,9.0,10.0,9.0,8.0,9.0,"Clean, efficient implementation with proper edge-case handling, though could be slightly more Pythonic.",,,
HumanEval/62,derivative,self_refine,0,"from typing import List


def derivative(xs: List[int]) -> List[int]:
    """"""
    xs represents the coefficients of a polynomial:
    xs[0] + xs[1] * x + xs[2] * x^2 + ....
    Return the derivative of this polynomial in the same form.

    Examples:
        >>> derivative([3, 1, 2, 4, 5])
        [1, 4, 12, 20]
        >>> derivative([1, 2, 3])
        [2, 6]
    """"""
    if not xs:
        return []

    result = [coeff * power for power, coeff in enumerate(xs[1:], start=1)]
    return result",raw_generations/HumanEval_62/self_refine_sample0.py,"from typing import List


def derivative(xs: List[int]) -> List[int]:
    """"""
    xs represents the coefficients of a polynomial:
    xs[0] + xs[1] * x + xs[2] * x^2 + ....
    Return the derivative of this polynomial in the same form.

    Examples:
        >>> derivative([3, 1, 2, 4, 5])
        [1, 4, 12, 20]
        >>> derivative([1, 2, 3])
        [2, 6]
    """"""
    if len(xs) <= 1:
        return []
    
    result = []
    for power, coeff in enumerate(xs[1:], start=1):
        result.append(coeff * power)
    
    return result",raw_generations/HumanEval_62/self_refine_sample0_initial.py,True,,0,,6.67,0.0,3.0,3.0,85.59293114339685,outputs\reports\static_analysis\pylint\HumanEval_62__self_refine__sample0__final_pylint.txt,outputs\reports\static_analysis\bandit\HumanEval_62__self_refine__sample0__final_bandit.json,outputs\reports\static_analysis\bandit\HumanEval_62__self_refine__sample0__final_bandit.stderr.txt,True,passed,9.0,8.0,7.0,9.0,9.0,8.0,"The code is clean and efficient but fails to handle the edge case of a single constant term correctly, returning an empty list instead of [0].",outputs\reports\static_analysis\pylint\HumanEval_62__self_refine__sample0__initial_pylint.txt,outputs\reports\static_analysis\bandit\HumanEval_62__self_refine__sample0__initial_bandit.json,outputs\reports\static_analysis\bandit\HumanEval_62__self_refine__sample0__initial_bandit.stderr.txt
HumanEval/63,fibfib,zero_shot,0,"def fibfib(n: int) -> int:
    if n == 0 or n == 1:
        return 0
    if n == 2:
        return 1
    a, b, c = 0, 0, 1
    for _ in range(3, n + 1):
        a, b, c = b, c, a + b + c
    return c",raw_generations/HumanEval_63/zero_shot_sample0.py,,,True,,0,,5.56,0.0,5.0,5.0,65.274559393729,outputs\reports\static_analysis\pylint\HumanEval_63__zero_shot__sample0__final_pylint.txt,outputs\reports\static_analysis\bandit\HumanEval_63__zero_shot__sample0__final_bandit.json,outputs\reports\static_analysis\bandit\HumanEval_63__zero_shot__sample0__final_bandit.stderr.txt,True,passed,9.0,9.0,10.0,10.0,9.0,9.0,"Excellent implementation - clean, efficient, and correct with proper handling of base cases and efficient iteration.",,,
HumanEval/63,fibfib,constraint_guided,0,"def fibfib(n: int) -> int:
    if n == 0 or n == 1:
        return 0
    if n == 2:
        return 1
    
    a, b, c = 0, 0, 1
    for _ in range(3, n + 1):
        a, b, c = b, c, a + b + c
    return c",raw_generations/HumanEval_63/constraint_guided_sample0.py,,,True,,0,,4.44,0.0,5.0,5.0,65.274559393729,outputs\reports\static_analysis\pylint\HumanEval_63__constraint_guided__sample0__final_pylint.txt,outputs\reports\static_analysis\bandit\HumanEval_63__constraint_guided__sample0__final_bandit.json,outputs\reports\static_analysis\bandit\HumanEval_63__constraint_guided__sample0__final_bandit.stderr.txt,True,passed,9.0,9.0,10.0,10.0,9.0,9.0,"Excellent implementation with clear variable names, optimal O(n) time and O(1) space complexity, and proper handling of base cases and sequence logic.",,,
HumanEval/63,fibfib,structured_cot,0,"def fibfib(n: int) -> int:
    if n == 0 or n == 1:
        return 0
    if n == 2:
        return 1
    a, b, c = 0, 0, 1
    for i in range(3, n + 1):
        d = a + b + c
        a, b, c = b, c, d
    return c",raw_generations/HumanEval_63/structured_cot_sample0.py,,,True,,0,,5.0,0.0,5.0,5.0,64.27640714012855,outputs\reports\static_analysis\pylint\HumanEval_63__structured_cot__sample0__final_pylint.txt,outputs\reports\static_analysis\bandit\HumanEval_63__structured_cot__sample0__final_bandit.json,outputs\reports\static_analysis\bandit\HumanEval_63__structured_cot__sample0__final_bandit.stderr.txt,True,passed,9.0,9.0,10.0,10.0,9.0,9.0,"Excellent iterative solution with clear variable names and optimal O(n) time and O(1) space complexity, though minor PEP 8 spacing improvements could be made.",,,
HumanEval/63,fibfib,self_refine,0,"def fibfib(n: int) -> int:
    """"""
    Compute the n-th FibFib number.
    
    The FibFib sequence is defined as:
    fibfib(0) = 0
    fibfib(1) = 0
    fibfib(2) = 1
    fibfib(n) = fibfib(n-1) + fibfib(n-2) + fibfib(n-3) for n >= 3
    """"""
    if not isinstance(n, int):
        raise TypeError(""n must be an integer"")
    
    if n < 0:
        raise ValueError(""n must be non-negative"")
    
    # Base cases
    if n == 0 or n == 1:
        return 0
    if n == 2:
        return 1
    
    # Initialize first three values
    a, b, c = 0, 0, 1  # fibfib(0), fibfib(1), fibfib(2)
    
    # Compute iteratively
    for _ in range(3, n + 1):
        next_val = a + b + c
        a, b, c = b, c, next_val
    
    return c",raw_generations/HumanEval_63/self_refine_sample0.py,"def fibfib(n: int) -> int:
    if n == 0 or n == 1:
        return 0
    if n == 2:
        return 1
    
    a, b, c = 0, 0, 1  # fibfib(0), fibfib(1), fibfib(2)
    
    for _ in range(3, n + 1):
        next_val = a + b + c
        a, b, c = b, c, next_val
    
    return c",raw_generations/HumanEval_63/self_refine_sample0_initial.py,True,,0,,4.29,0.0,7.0,7.0,86.77123701086403,outputs\reports\static_analysis\pylint\HumanEval_63__self_refine__sample0__final_pylint.txt,outputs\reports\static_analysis\bandit\HumanEval_63__self_refine__sample0__final_bandit.json,outputs\reports\static_analysis\bandit\HumanEval_63__self_refine__sample0__final_bandit.stderr.txt,True,passed,9.0,9.0,10.0,10.0,9.0,9.0,"Excellent iterative solution with proper input validation and clear variable naming, though type hints could be more precise.",outputs\reports\static_analysis\pylint\HumanEval_63__self_refine__sample0__initial_pylint.txt,outputs\reports\static_analysis\bandit\HumanEval_63__self_refine__sample0__initial_bandit.json,outputs\reports\static_analysis\bandit\HumanEval_63__self_refine__sample0__initial_bandit.stderr.txt
HumanEval/64,vowels_count,zero_shot,0,"def vowels_count(s: str) -> int:
    vowels = set('aeiou')
    s = s.strip()
    if not s:
        return 0
    count = 0
    for i, ch in enumerate(s):
        ch_lower = ch.lower()
        if ch_lower in vowels:
            count += 1
        elif ch_lower == 'y' and i == len(s) - 1 and s[-1].isalpha():
            count += 1
    return count",raw_generations/HumanEval_64/zero_shot_sample0.py,,,True,,0,,7.69,0.0,7.0,7.0,60.452793021562506,outputs\reports\static_analysis\pylint\HumanEval_64__zero_shot__sample0__final_pylint.txt,outputs\reports\static_analysis\bandit\HumanEval_64__zero_shot__sample0__final_bandit.json,outputs\reports\static_analysis\bandit\HumanEval_64__zero_shot__sample0__final_bandit.stderr.txt,False,assertion_failed: ,8.0,7.0,5.0,8.0,7.0,6.0,"The code has a correctness issue: it incorrectly checks s[-1].isalpha() for the 'y' condition, which fails for cases like 'ACEDY!' where the last character is not alphabetic but 'y' is the last letter before punctuation.",,,
HumanEval/64,vowels_count,constraint_guided,0,"def vowels_count(s: str) -> int:
    vowels = set(""aeiou"")
    s_lower = s.lower()
    count = 0
    for i, ch in enumerate(s_lower):
        if ch in vowels:
            count += 1
        elif ch == 'y' and i == len(s_lower) - 1:
            count += 1
    return count",raw_generations/HumanEval_64/constraint_guided_sample0.py,,,True,,0,,7.0,0.0,5.0,5.0,64.11131426138172,outputs\reports\static_analysis\pylint\HumanEval_64__constraint_guided__sample0__final_pylint.txt,outputs\reports\static_analysis\bandit\HumanEval_64__constraint_guided__sample0__final_bandit.json,outputs\reports\static_analysis\bandit\HumanEval_64__constraint_guided__sample0__final_bandit.stderr.txt,False,assertion_failed: ,8.0,7.0,6.0,8.0,7.0,7.0,The code is readable and efficient but fails to handle the specification correctly regarding trailing special characters and 'y' at the end of the word.,,,
HumanEval/64,vowels_count,structured_cot,0,"def vowels_count(s: str) -> int:
    vowels = set('aeiou')
    count = 0
    s_lower = s.lower()
    length = len(s)
    
    for i, ch in enumerate(s_lower):
        if ch in vowels:
            count += 1
        elif ch == 'y' and i == length - 1:
            count += 1
        elif ch == 'y' and i < length - 1:
            next_char = s_lower[i + 1]
            if not next_char.isalpha():
                j = i + 1
                while j < length and not s_lower[j].isalpha():
                    j += 1
                if j == length:
                    count += 1
    
    return count",raw_generations/HumanEval_64/structured_cot_sample0.py,,,True,,0,,7.37,0.0,11.0,11.0,53.608742912880096,outputs\reports\static_analysis\pylint\HumanEval_64__structured_cot__sample0__final_pylint.txt,outputs\reports\static_analysis\bandit\HumanEval_64__structured_cot__sample0__final_bandit.json,outputs\reports\static_analysis\bandit\HumanEval_64__structured_cot__sample0__final_bandit.stderr.txt,False,assertion_failed: ,7.0,6.0,4.0,7.0,6.0,6.0,The code has logical flaws in handling trailing non-alphabetic characters for 'y' vowel detection and is overly complex for the specified requirements.,,,
HumanEval/64,vowels_count,self_refine,0,"def vowels_count(s: str) -> int:
    vowels = set('aeiou')
    s_lower = s.lower()
    count = 0
    length = len(s_lower)

    for i, char in enumerate(s_lower):
        if char in vowels:
            count += 1
        elif char == 'y' and i == length - 1:
            count += 1
    return count",raw_generations/HumanEval_64/self_refine_sample0.py,"def vowels_count(s: str) -> int:
    vowels = set('aeiou')
    count = 0
    s_lower = s.lower()
    length = len(s_lower)
    
    for i, char in enumerate(s_lower):
        if char in vowels:
            count += 1
        elif char == 'y' and i == length - 1:
            count += 1
    return count",raw_generations/HumanEval_64/self_refine_sample0_initial.py,True,,0,,7.27,0.0,5.0,5.0,63.20837571586707,outputs\reports\static_analysis\pylint\HumanEval_64__self_refine__sample0__final_pylint.txt,outputs\reports\static_analysis\bandit\HumanEval_64__self_refine__sample0__final_bandit.json,outputs\reports\static_analysis\bandit\HumanEval_64__self_refine__sample0__final_bandit.stderr.txt,False,assertion_failed: ,8.0,8.0,7.0,9.0,8.0,8.0,"The code is clean and efficient but fails to correctly handle the specification that trailing special characters or spaces should not affect whether 'y' is considered the last letter, as it currently only checks if 'y' is at the string's end regardless of trailing characters.",outputs\reports\static_analysis\pylint\HumanEval_64__self_refine__sample0__initial_pylint.txt,outputs\reports\static_analysis\bandit\HumanEval_64__self_refine__sample0__initial_bandit.json,outputs\reports\static_analysis\bandit\HumanEval_64__self_refine__sample0__initial_bandit.stderr.txt
HumanEval/65,circular_shift,zero_shot,0,"def circular_shift(x: int, shift: int) -> str:
    digits = str(x)
    n = len(digits)
    
    if shift > n:
        return digits[::-1]
    
    shift = shift % n
    if shift == 0:
        return digits
    
    return digits[-shift:] + digits[:-shift]",raw_generations/HumanEval_65/zero_shot_sample0.py,,,True,,0,,3.33,0.0,3.0,3.0,64.31603570840849,outputs\reports\static_analysis\pylint\HumanEval_65__zero_shot__sample0__final_pylint.txt,outputs\reports\static_analysis\bandit\HumanEval_65__zero_shot__sample0__final_bandit.json,outputs\reports\static_analysis\bandit\HumanEval_65__zero_shot__sample0__final_bandit.stderr.txt,True,passed,9.0,9.0,10.0,9.0,9.0,9.0,"Clean, efficient, and correct implementation with clear variable names and proper handling of edge cases.",,,
HumanEval/65,circular_shift,constraint_guided,0,"def circular_shift(x: int, shift: int) -> str:
    """"""
    Circular shift the digits of the integer x, shift the digits right by shift
    and return the result as a string.
    If shift > number of digits, return digits reversed.
    """"""
    digits = str(x)
    n = len(digits)
    
    if shift > n:
        return digits[::-1]
    
    split_point = n - shift
    return digits[split_point:] + digits[:split_point]",raw_generations/HumanEval_65/constraint_guided_sample0.py,,,True,,0,,4.29,0.0,2.0,2.0,95.88194029228188,outputs\reports\static_analysis\pylint\HumanEval_65__constraint_guided__sample0__final_pylint.txt,outputs\reports\static_analysis\bandit\HumanEval_65__constraint_guided__sample0__final_bandit.json,outputs\reports\static_analysis\bandit\HumanEval_65__constraint_guided__sample0__final_bandit.stderr.txt,False,assertion_failed: ,9.0,9.0,8.0,9.0,9.0,9.0,"Clean, efficient implementation with minor edge case handling needed for negative shifts or non-positive integers.",,,
HumanEval/65,circular_shift,structured_cot,0,"def circular_shift(x: int, shift: int) -> str:
    s = str(x)
    n = len(s)
    if shift > n:
        return s[::-1]
    shift = shift % n
    if shift == 0:
        return s
    return s[-shift:] + s[:-shift]",raw_generations/HumanEval_65/structured_cot_sample0.py,,,True,,0,,6.67,0.0,3.0,3.0,64.31603570840849,outputs\reports\static_analysis\pylint\HumanEval_65__structured_cot__sample0__final_pylint.txt,outputs\reports\static_analysis\bandit\HumanEval_65__structured_cot__sample0__final_bandit.json,outputs\reports\static_analysis\bandit\HumanEval_65__structured_cot__sample0__final_bandit.stderr.txt,True,passed,8.0,8.0,9.0,9.0,8.0,8.4,"Clean, efficient implementation with minor readability improvements possible.",,,
HumanEval/65,circular_shift,self_refine,0,"def circular_shift(x: int, shift: int) -> str:
    """"""
    Circular shift the digits of the integer x, shift the digits right by shift
    and return the result as a string.
    If shift > number of digits, return digits reversed.
    """"""
    digits = str(x)
    num_digits = len(digits)

    if shift > num_digits:
        return digits[::-1]

    split_point = num_digits - shift
    return digits[split_point:] + digits[:split_point]",raw_generations/HumanEval_65/self_refine_sample0.py,"def circular_shift(x: int, shift: int) -> str:
    """"""
    Circular shift the digits of the integer x, shift the digits right by shift
    and return the result as a string.
    If shift > number of digits, return digits reversed.
    """"""
    digits = str(x)
    num_digits = len(digits)
    
    if shift > num_digits:
        return digits[::-1]
    
    split_point = num_digits - shift
    return digits[split_point:] + digits[:split_point]",raw_generations/HumanEval_65/self_refine_sample0_initial.py,True,,0,,7.14,0.0,2.0,2.0,95.88194029228188,outputs\reports\static_analysis\pylint\HumanEval_65__self_refine__sample0__final_pylint.txt,outputs\reports\static_analysis\bandit\HumanEval_65__self_refine__sample0__final_bandit.json,outputs\reports\static_analysis\bandit\HumanEval_65__self_refine__sample0__final_bandit.stderr.txt,False,assertion_failed: ,9.0,9.0,8.0,9.0,9.0,9.0,"Clean, efficient, and mostly correct implementation, but fails to handle negative shift values as per typical circular shift expectations.",outputs\reports\static_analysis\pylint\HumanEval_65__self_refine__sample0__initial_pylint.txt,outputs\reports\static_analysis\bandit\HumanEval_65__self_refine__sample0__initial_bandit.json,outputs\reports\static_analysis\bandit\HumanEval_65__self_refine__sample0__initial_bandit.stderr.txt
HumanEval/66,digitSum,zero_shot,0,"def digitSum(s: str) -> int:
    return sum(ord(c) for c in s if c.isupper())",raw_generations/HumanEval_66/zero_shot_sample0.py,,,True,,0,,0.0,0.0,3.0,3.0,100.0,outputs\reports\static_analysis\pylint\HumanEval_66__zero_shot__sample0__final_pylint.txt,outputs\reports\static_analysis\bandit\HumanEval_66__zero_shot__sample0__final_bandit.json,outputs\reports\static_analysis\bandit\HumanEval_66__zero_shot__sample0__final_bandit.stderr.txt,True,passed,9.0,9.0,10.0,10.0,10.0,9.0,"Excellent, concise, and idiomatic implementation that perfectly matches the specification with no issues.",,,
HumanEval/66,digitSum,constraint_guided,0,"def digitSum(s: str) -> int:
    """"""
    Take a string as input and return the sum of the ASCII codes from upper characters only.
    """"""
    total = 0
    for char in s:
        if char.isupper():
            total += ord(char)
    return total",raw_generations/HumanEval_66/constraint_guided_sample0.py,,,True,,0,,5.0,0.0,3.0,3.0,100.0,outputs\reports\static_analysis\pylint\HumanEval_66__constraint_guided__sample0__final_pylint.txt,outputs\reports\static_analysis\bandit\HumanEval_66__constraint_guided__sample0__final_bandit.json,outputs\reports\static_analysis\bandit\HumanEval_66__constraint_guided__sample0__final_bandit.stderr.txt,True,passed,9.0,9.0,10.0,9.0,8.0,9.0,"Clean, correct, and efficient implementation with minor room for more Pythonic expression.",,,
HumanEval/66,digitSum,structured_cot,0,"def digitSum(s: str) -> int:
    total = 0
    for ch in s:
        if ch.isupper():
            total += ord(ch)
    return total",raw_generations/HumanEval_66/structured_cot_sample0.py,,,True,,0,,3.33,0.0,3.0,3.0,77.88058292795313,outputs\reports\static_analysis\pylint\HumanEval_66__structured_cot__sample0__final_pylint.txt,outputs\reports\static_analysis\bandit\HumanEval_66__structured_cot__sample0__final_bandit.json,outputs\reports\static_analysis\bandit\HumanEval_66__structured_cot__sample0__final_bandit.stderr.txt,True,passed,9.0,9.0,10.0,9.0,8.0,9.0,"Clean, efficient, and correct implementation with minor room for improvement in Pythonic expression.",,,
HumanEval/66,digitSum,self_refine,0,"def digitSum(s: str) -> int:
    """"""
    Take a string as input and return the sum of the the ASCII codes from upper characters only.
    """"""
    if not isinstance(s, str):
        return 0
    total = 0
    for char in s:
        if char.isupper():
            total += ord(char)
    return total",raw_generations/HumanEval_66/self_refine_sample0.py,"def digitSum(s: str) -> int:
    """"""
    Take a string as input and return the sum of the the ASCII codes from upper characters only.
    """"""
    total = 0
    for char in s:
        if char.isupper():
            total += ord(char)
    return total",raw_generations/HumanEval_66/self_refine_sample0_initial.py,True,,0,,6.25,0.0,4.0,4.0,99.10754031627584,outputs\reports\static_analysis\pylint\HumanEval_66__self_refine__sample0__final_pylint.txt,outputs\reports\static_analysis\bandit\HumanEval_66__self_refine__sample0__final_bandit.json,outputs\reports\static_analysis\bandit\HumanEval_66__self_refine__sample0__final_bandit.stderr.txt,True,passed,9.0,9.0,8.0,9.0,8.0,8.0,"The code is clean and efficient, but the type check is unnecessary given the type hint and could be more Pythonic with a generator expression.",outputs\reports\static_analysis\pylint\HumanEval_66__self_refine__sample0__initial_pylint.txt,outputs\reports\static_analysis\bandit\HumanEval_66__self_refine__sample0__initial_bandit.json,outputs\reports\static_analysis\bandit\HumanEval_66__self_refine__sample0__initial_bandit.stderr.txt
HumanEval/67,fruit_distribution,zero_shot,0,"def fruit_distribution(s: str, n: int) -> int:
    import re
    numbers = list(map(int, re.findall(r'\d+', s)))
    return n - sum(numbers)",raw_generations/HumanEval_67/zero_shot_sample0.py,,,True,,0,,0.0,0.0,1.0,1.0,81.99083716851001,outputs\reports\static_analysis\pylint\HumanEval_67__zero_shot__sample0__final_pylint.txt,outputs\reports\static_analysis\bandit\HumanEval_67__zero_shot__sample0__final_bandit.json,outputs\reports\static_analysis\bandit\HumanEval_67__zero_shot__sample0__final_bandit.stderr.txt,True,passed,9.0,8.0,7.0,9.0,9.0,8.0,"The code is clean and efficient but may fail on edge cases where the string contains numbers not related to apples and oranges, such as '10 apples and 20 oranges and 5 mangoes'.",,,
HumanEval/67,fruit_distribution,constraint_guided,0,"def fruit_distribution(s: str, n: int) -> int:
    """"""
    Calculate the number of mango fruits in the basket.
    The string s contains the count of apples and oranges.
    n is the total number of all fruits (apples, oranges, mangoes).
    """"""
    # Split the string into words
    words = s.split()
    # Initialize counts
    apple_count = 0
    orange_count = 0
    
    # Iterate through words to find numbers followed by 'apples' or 'oranges'
    for i, word in enumerate(words):
        if word == ""apples"" and i > 0:
            try:
                apple_count = int(words[i-1])
            except ValueError:
                apple_count = 0
        elif word == ""oranges"" and i > 0:
            try:
                orange_count = int(words[i-1])
            except ValueError:
                orange_count = 0
        elif word == ""orange"" and i > 0:  # Handle singular ""orange""
            try:
                orange_count = int(words[i-1])
            except ValueError:
                orange_count = 0
    
    # Mango count = total fruits - apples - oranges
    mango_count = n - apple_count - orange_count
    return mango_count",raw_generations/HumanEval_67/constraint_guided_sample0.py,,,True,,0,,8.18,0.0,11.0,11.0,81.74887905585175,outputs\reports\static_analysis\pylint\HumanEval_67__constraint_guided__sample0__final_pylint.txt,outputs\reports\static_analysis\bandit\HumanEval_67__constraint_guided__sample0__final_bandit.json,outputs\reports\static_analysis\bandit\HumanEval_67__constraint_guided__sample0__final_bandit.stderr.txt,False,assertion_failed: ,7.0,6.0,8.0,7.0,5.0,6.0,The code handles basic cases but uses overly complex parsing logic and lacks proper validation for edge cases like negative results.,,,
HumanEval/67,fruit_distribution,structured_cot,0,"def fruit_distribution(s: str, n: int) -> int:
    import re
    numbers = re.findall(r'\d+', s)
    total_apples_oranges = sum(map(int, numbers))
    return n - total_apples_oranges",raw_generations/HumanEval_67/structured_cot_sample0.py,,,True,,0,,2.0,0.0,1.0,1.0,79.87684562974381,outputs\reports\static_analysis\pylint\HumanEval_67__structured_cot__sample0__final_pylint.txt,outputs\reports\static_analysis\bandit\HumanEval_67__structured_cot__sample0__final_bandit.json,outputs\reports\static_analysis\bandit\HumanEval_67__structured_cot__sample0__final_bandit.stderr.txt,True,passed,8.0,7.0,8.0,9.0,8.0,8.0,"The code is concise and functional, but lacks explicit error handling for edge cases like malformed strings or negative results, and the regex approach assumes all numbers in the string are fruit counts.",,,
HumanEval/67,fruit_distribution,self_refine,0,"def fruit_distribution(s: str, n: int) -> int:
    """"""
    Return the number of mango fruits given a string describing apples and oranges,
    and the total number of fruits.
    """"""
    import re
    pattern = r'(\d+)\s+(apples?|oranges?)'
    matches = re.findall(pattern, s)
    apples = 0
    oranges = 0
    for num_str, fruit in matches:
        num = int(num_str)
        if fruit.startswith('apple'):
            apples = num
        elif fruit.startswith('orange'):
            oranges = num
    mangoes = n - apples - oranges
    return mangoes",raw_generations/HumanEval_67/self_refine_sample0.py,"def fruit_distribution(s: str, n: int) -> int:
    """"""
    Return the number of mango fruits given a string describing apples and oranges,
    and the total number of fruits.
    """"""
    # Split the string into words
    words = s.split()
    apples = 0
    oranges = 0
    
    # Iterate through words to find numbers followed by 'apples' or 'oranges'
    for i, word in enumerate(words):
        if word == ""apples"" and i > 0:
            try:
                apples = int(words[i-1])
            except ValueError:
                apples = 0
        elif word == ""oranges"" and i > 0:
            try:
                oranges = int(words[i-1])
            except ValueError:
                oranges = 0
        elif word == ""orange"" and i > 0:  # Handle singular ""orange""
            try:
                oranges = int(words[i-1])
            except ValueError:
                oranges = 0
    
    mangoes = n - apples - oranges
    return mangoes",raw_generations/HumanEval_67/self_refine_sample0_initial.py,True,,0,,7.86,0.0,4.0,4.0,91.95485546363096,outputs\reports\static_analysis\pylint\HumanEval_67__self_refine__sample0__final_pylint.txt,outputs\reports\static_analysis\bandit\HumanEval_67__self_refine__sample0__final_bandit.json,outputs\reports\static_analysis\bandit\HumanEval_67__self_refine__sample0__final_bandit.stderr.txt,True,passed,8.0,7.0,7.0,8.0,7.0,7.0,"The code is generally clear and functional, but it lacks robust error handling for malformed inputs and could be more concise with dictionary mapping.",outputs\reports\static_analysis\pylint\HumanEval_67__self_refine__sample0__initial_pylint.txt,outputs\reports\static_analysis\bandit\HumanEval_67__self_refine__sample0__initial_bandit.json,outputs\reports\static_analysis\bandit\HumanEval_67__self_refine__sample0__initial_bandit.stderr.txt
HumanEval/68,pluck,zero_shot,0,"from typing import List

def pluck(arr: List[int]) -> List[int]:
    """"""
    Given an array representing a branch of a tree that has integer nodes,
    your task is to pluck one of the nodes and return it.
    The plucked node should be the node with the smallest even value.
    If multiple nodes with the same smallest even value are found return the node that has smallest index.

    The plucked node should be returned in a list, [ smallest_value, its index ],
    If there are no even values or the given array is empty, return [].
    """"""
    smallest_even = None
    smallest_index = -1
    
    for i, num in enumerate(arr):
        if num % 2 == 0:
            if smallest_even is None or num < smallest_even or (num == smallest_even and i < smallest_index):
                smallest_even = num
                smallest_index = i
    
    if smallest_even is None:
        return []
    return [smallest_even, smallest_index]",raw_generations/HumanEval_68/zero_shot_sample0.py,,,True,,0,,5.0,0.0,8.0,8.0,88.80728916317693,outputs\reports\static_analysis\pylint\HumanEval_68__zero_shot__sample0__final_pylint.txt,outputs\reports\static_analysis\bandit\HumanEval_68__zero_shot__sample0__final_bandit.json,outputs\reports\static_analysis\bandit\HumanEval_68__zero_shot__sample0__final_bandit.stderr.txt,True,passed,8.0,8.0,9.0,9.0,7.0,8.0,"The code is clear and efficient, but could be more Pythonic by using built-in functions like min with a custom key for better readability and conciseness.",,,
HumanEval/68,pluck,constraint_guided,0,"from typing import List


def pluck(arr: List[int]) -> List[int]:
    """"""
    Given an array representing a branch of a tree that has integer nodes,
    your task is to pluck one of the nodes and return it.
    The plucked node should be the node with the smallest even value.
    If multiple nodes with the same smallest even value are found return the node that has smallest index.

    The plucked node should be returned in a list, [ smallest_value, its index ],
    If there are no even values or the given array is empty, return [].
    """"""
    smallest_even = None
    smallest_index = None
    
    for i, value in enumerate(arr):
        if value % 2 == 0:  # Check if the value is even
            if smallest_even is None or value < smallest_even or (value == smallest_even and i < smallest_index):
                smallest_even = value
                smallest_index = i
    
    if smallest_even is None:
        return []
    return [smallest_even, smallest_index]",raw_generations/HumanEval_68/constraint_guided_sample0.py,,,True,,0,,5.0,0.0,8.0,8.0,88.60429364238237,outputs\reports\static_analysis\pylint\HumanEval_68__constraint_guided__sample0__final_pylint.txt,outputs\reports\static_analysis\bandit\HumanEval_68__constraint_guided__sample0__final_bandit.json,outputs\reports\static_analysis\bandit\HumanEval_68__constraint_guided__sample0__final_bandit.stderr.txt,True,passed,8.0,7.0,9.0,9.0,7.0,8.0,"The code is clear and efficient, but could be more Pythonic by using built-in functions like min with a custom key for better readability and maintainability.",,,
HumanEval/68,pluck,structured_cot,0,"from typing import List

def pluck(arr: List[int]) -> List[int]:
    if not arr:
        return []
    
    smallest_even = None
    smallest_index = None
    
    for i, num in enumerate(arr):
        if num % 2 == 0:
            if smallest_even is None or num < smallest_even or (num == smallest_even and i < smallest_index):
                smallest_even = num
                smallest_index = i
    
    if smallest_even is None:
        return []
    
    return [smallest_even, smallest_index]",raw_generations/HumanEval_68/structured_cot_sample0.py,,,True,,0,,4.29,0.0,9.0,9.0,58.94490561869769,outputs\reports\static_analysis\pylint\HumanEval_68__structured_cot__sample0__final_pylint.txt,outputs\reports\static_analysis\bandit\HumanEval_68__structured_cot__sample0__final_bandit.json,outputs\reports\static_analysis\bandit\HumanEval_68__structured_cot__sample0__final_bandit.stderr.txt,True,passed,8.0,7.0,9.0,8.0,7.0,8.0,"The code is clear and correct, but could be more Pythonic by using built-in functions like min with a custom key for better readability and maintainability.",,,
HumanEval/68,pluck,self_refine,0,"from typing import List


def pluck(arr: List[int]) -> List[int]:
    if not arr:
        return []

    smallest_even = None
    smallest_index = -1

    for i, value in enumerate(arr):
        if value % 2 == 0:
            if smallest_even is None or value < smallest_even:
                smallest_even = value
                smallest_index = i
            elif value == smallest_even and i < smallest_index:
                smallest_index = i

    if smallest_even is None:
        return []
    return [smallest_even, smallest_index]",raw_generations/HumanEval_68/self_refine_sample0.py,"from typing import List


def pluck(arr: List[int]) -> List[int]:
    """"""
    Given an array representing a branch of a tree that has integer nodes,
    your task is to pluck one of the nodes and return it.
    The plucked node should be the node with the smallest even value.
    If multiple nodes with the same smallest even value are found return the node that has smallest index.

    The plucked node should be returned in a list, [ smallest_value, its index ],
    If there are no even values or the given array is empty, return [].
    """"""
    if not arr:
        return []

    smallest_even = None
    smallest_index = -1

    for i, value in enumerate(arr):
        if value % 2 == 0:
            if smallest_even is None or value < smallest_even or (value == smallest_even and i < smallest_index):
                smallest_even = value
                smallest_index = i

    if smallest_even is None:
        return []
    return [smallest_even, smallest_index]",raw_generations/HumanEval_68/self_refine_sample0_initial.py,True,,0,,8.12,0.0,9.0,9.0,57.534045837454414,outputs\reports\static_analysis\pylint\HumanEval_68__self_refine__sample0__final_pylint.txt,outputs\reports\static_analysis\bandit\HumanEval_68__self_refine__sample0__final_bandit.json,outputs\reports\static_analysis\bandit\HumanEval_68__self_refine__sample0__final_bandit.stderr.txt,True,passed,8.0,7.0,6.0,8.0,7.0,7.0,"The code is mostly readable and efficient, but contains a logic bug where it incorrectly updates the index for equal smallest even values, and could be more Pythonic with built-in functions.",outputs\reports\static_analysis\pylint\HumanEval_68__self_refine__sample0__initial_pylint.txt,outputs\reports\static_analysis\bandit\HumanEval_68__self_refine__sample0__initial_bandit.json,outputs\reports\static_analysis\bandit\HumanEval_68__self_refine__sample0__initial_bandit.stderr.txt
HumanEval/69,search,zero_shot,0,"from typing import List


def search(lst: List[int]) -> int:
    """"""
    You are given a non-empty list of positive integers. Return the greatest integer that is greater than 
    zero, and has a frequency greater than or equal to the value of the integer itself. 
    The frequency of an integer is the number of times it appears in the list.
    If no such a value exist, return -1.

    Examples:
        search([4, 1, 2, 2, 3, 1]) == 2
        search([1, 2, 2, 3, 3, 3, 4, 4, 4]) == 3
        search([5, 5, 4, 4, 4]) == -1
    """"""
    from collections import Counter
    
    freq = Counter(lst)
    candidates = []
    
    for num, count in freq.items():
        if num > 0 and count >= num:
            candidates.append(num)
    
    if not candidates:
        return -1
    
    return max(candidates)",raw_generations/HumanEval_69/zero_shot_sample0.py,,,True,,0,,1.82,0.0,5.0,5.0,90.97994052660421,outputs\reports\static_analysis\pylint\HumanEval_69__zero_shot__sample0__final_pylint.txt,outputs\reports\static_analysis\bandit\HumanEval_69__zero_shot__sample0__final_bandit.json,outputs\reports\static_analysis\bandit\HumanEval_69__zero_shot__sample0__final_bandit.stderr.txt,True,passed,8.0,7.0,9.0,8.0,8.0,8.0,"The code is clear and efficient, but could be more concise by using a generator expression and avoiding the intermediate list.",,,
HumanEval/69,search,constraint_guided,0,"from typing import List
from collections import Counter

def search(lst: List[int]) -> int:
    """"""
    Return the greatest integer > 0 with frequency >= integer value.
    If none exists, return -1.
    """"""
    # Count frequencies of all positive integers
    freq = Counter(lst)
    
    # Filter candidates where value > 0 and frequency >= value
    candidates = [value for value, count in freq.items() 
                  if value > 0 and count >= value]
    
    # Return the maximum candidate or -1 if none exist
    return max(candidates) if candidates else -1",raw_generations/HumanEval_69/constraint_guided_sample0.py,,,True,,0,,0.0,0.0,5.0,5.0,95.59223228263157,outputs\reports\static_analysis\pylint\HumanEval_69__constraint_guided__sample0__final_pylint.txt,outputs\reports\static_analysis\bandit\HumanEval_69__constraint_guided__sample0__final_bandit.json,outputs\reports\static_analysis\bandit\HumanEval_69__constraint_guided__sample0__final_bandit.stderr.txt,True,passed,9.0,9.0,8.0,9.0,9.0,9.0,"Clean, efficient, and idiomatic code with minor edge-case handling improvement needed for non-positive integers.",,,
HumanEval/69,search,structured_cot,0,"from typing import List


def search(lst: List[int]) -> int:
    """"""
    You are given a non-empty list of positive integers. Return the greatest integer that is greater than 
    zero, and has a frequency greater than or equal to the value of the integer itself. 
    The frequency of an integer is the number of times it appears in the list.
    If no such a value exist, return -1.

    Examples:
        search([4, 1, 2, 2, 3, 1]) == 2
        search([1, 2, 2, 3, 3, 3, 4, 4, 4]) == 3
        search([5, 5, 4, 4, 4]) == -1
    """"""
    from collections import Counter
    
    freq = Counter(lst)
    result = -1
    
    for num, count in freq.items():
        if num > 0 and count >= num:
            if num > result:
                result = num
    
    return result",raw_generations/HumanEval_69/structured_cot_sample0.py,,,True,,0,,1.0,0.0,5.0,5.0,90.45357253058528,outputs\reports\static_analysis\pylint\HumanEval_69__structured_cot__sample0__final_pylint.txt,outputs\reports\static_analysis\bandit\HumanEval_69__structured_cot__sample0__final_bandit.json,outputs\reports\static_analysis\bandit\HumanEval_69__structured_cot__sample0__final_bandit.stderr.txt,True,passed,8.0,8.0,9.0,9.0,8.0,8.0,"Clean and efficient solution using Counter, but could improve by importing collections at module level and using max() for clarity.",,,
HumanEval/69,search,self_refine,0,"from typing import List
from collections import Counter


def search(lst: List[int]) -> int:
    """"""
    You are given a non-empty list of positive integers. Return the greatest integer that is greater than 
    zero, and has a frequency greater than or equal to the value of the integer itself. 
    The frequency of an integer is the number of times it appears in the list.
    If no such a value exist, return -1.
    """"""
    if not lst:
        return -1
    
    freq = Counter(lst)
    valid_numbers = [num for num, count in freq.items() 
                     if num > 0 and count >= num]
    
    return max(valid_numbers) if valid_numbers else -1",raw_generations/HumanEval_69/self_refine_sample0.py,"from typing import List
from collections import Counter


def search(lst: List[int]) -> int:
    """"""
    You are given a non-empty list of positive integers. Return the greatest integer that is greater than 
    zero, and has a frequency greater than or equal to the value of the integer itself. 
    The frequency of an integer is the number of times it appears in the list.
    If no such a value exist, return -1.
    """"""
    # Count frequencies of all positive integers
    freq = Counter(lst)
    
    # Filter numbers where frequency >= number value and number > 0
    valid_numbers = [num for num, count in freq.items() 
                     if num > 0 and count >= num]
    
    # Return the maximum valid number or -1 if none exist
    return max(valid_numbers) if valid_numbers else -1",raw_generations/HumanEval_69/self_refine_sample0_initial.py,True,,0,,1.25,0.0,6.0,6.0,95.28546072576998,outputs\reports\static_analysis\pylint\HumanEval_69__self_refine__sample0__final_pylint.txt,outputs\reports\static_analysis\bandit\HumanEval_69__self_refine__sample0__final_bandit.json,outputs\reports\static_analysis\bandit\HumanEval_69__self_refine__sample0__final_bandit.stderr.txt,True,passed,9.0,9.0,8.0,9.0,9.0,9.0,"Clean, efficient, and readable code with minor edge case handling improvement needed for non-positive integers.",outputs\reports\static_analysis\pylint\HumanEval_69__self_refine__sample0__initial_pylint.txt,outputs\reports\static_analysis\bandit\HumanEval_69__self_refine__sample0__initial_bandit.json,outputs\reports\static_analysis\bandit\HumanEval_69__self_refine__sample0__initial_bandit.stderr.txt
HumanEval/70,strange_sort_list,zero_shot,0,"from typing import List


def strange_sort_list(lst: List[int]) -> List[int]:
    """"""
    Given a list of integers, return the list in a 'strange' order.
    Strange sorting, is when you start with the minimum value,
    then the maximum value from the remaining integers, then the minimum and so on.

    Examples:
        strange_sort_list([1, 2, 3, 4]) == [1, 4, 2, 3]
        strange_sort_list([5, 5, 5, 5]) == [5, 5, 5, 5]
        strange_sort_list([]) == []
    """"""
    result = []
    sorted_lst = sorted(lst)
    left, right = 0, len(sorted_lst) - 1
    while left <= right:
        result.append(sorted_lst[left])
        left += 1
        if left <= right:
            result.append(sorted_lst[right])
            right -= 1
    return result",raw_generations/HumanEval_70/zero_shot_sample0.py,,,True,,0,,8.33,0.0,3.0,3.0,92.43434191705335,outputs\reports\static_analysis\pylint\HumanEval_70__zero_shot__sample0__final_pylint.txt,outputs\reports\static_analysis\bandit\HumanEval_70__zero_shot__sample0__final_bandit.json,outputs\reports\static_analysis\bandit\HumanEval_70__zero_shot__sample0__final_bandit.stderr.txt,True,passed,9.0,9.0,10.0,9.0,8.0,9.0,"Clean, efficient implementation with clear variable names and proper edge case handling; could be slightly more Pythonic by using list comprehension or deque.",,,
HumanEval/70,strange_sort_list,constraint_guided,0,"from typing import List


def strange_sort_list(lst: List[int]) -> List[int]:
    """"""
    Given a list of integers, return the list in a 'strange' order.
    Strange sorting, is when you start with the minimum value,
    then the maximum value from the remaining integers, then the minimum and so on.
    """"""
    if not lst:
        return []

    sorted_lst = sorted(lst)
    result = []
    left, right = 0, len(sorted_lst) - 1

    while left <= right:
        result.append(sorted_lst[left])
        left += 1
        if left <= right:
            result.append(sorted_lst[right])
            right -= 1

    return result",raw_generations/HumanEval_70/constraint_guided_sample0.py,,,True,,0,,8.57,0.0,4.0,4.0,89.32115956388955,outputs\reports\static_analysis\pylint\HumanEval_70__constraint_guided__sample0__final_pylint.txt,outputs\reports\static_analysis\bandit\HumanEval_70__constraint_guided__sample0__final_bandit.json,outputs\reports\static_analysis\bandit\HumanEval_70__constraint_guided__sample0__final_bandit.stderr.txt,True,passed,9.0,8.0,10.0,8.0,9.0,9.0,"Clean, efficient implementation with clear variable names and proper edge case handling, though it could be slightly more memory efficient by avoiding a full sort.",,,
HumanEval/70,strange_sort_list,structured_cot,0,"from typing import List


def strange_sort_list(lst: List[int]) -> List[int]:
    """"""
    Given a list of integers, return the list in a 'strange' order.
    Strange sorting, is when you start with the minimum value,
    then the maximum value from the remaining integers, then the minimum and so on.

    Examples:
        strange_sort_list([1, 2, 3, 4]) == [1, 4, 2, 3]
        strange_sort_list([5, 5, 5, 5]) == [5, 5, 5, 5]
        strange_sort_list([]) == []
    """"""
    if not lst:
        return []
    
    sorted_lst = sorted(lst)
    result = []
    left, right = 0, len(sorted_lst) - 1
    
    while left <= right:
        result.append(sorted_lst[left])
        left += 1
        if left <= right:
            result.append(sorted_lst[right])
            right -= 1
    
    return result",raw_generations/HumanEval_70/structured_cot_sample0.py,,,True,,0,,6.43,0.0,4.0,4.0,90.80274650603255,outputs\reports\static_analysis\pylint\HumanEval_70__structured_cot__sample0__final_pylint.txt,outputs\reports\static_analysis\bandit\HumanEval_70__structured_cot__sample0__final_bandit.json,outputs\reports\static_analysis\bandit\HumanEval_70__structured_cot__sample0__final_bandit.stderr.txt,True,passed,-1.0,-1.0,-1.0,-1.0,-1.0,-1.0,"The code is well-structured, readable, and correctly implements the specified algorithm with proper edge case handling and efficient O(n log n) time complexity.",,,
HumanEval/70,strange_sort_list,self_refine,0,"from typing import List


def strange_sort_list(lst: List[int]) -> List[int]:
    """"""
    Given a list of integers, return the list in a 'strange' order.
    Strange sorting, is when you start with the minimum value,
    then the maximum value from the remaining integers, then the minimum and so on.
    """"""
    if not lst:
        return []

    sorted_lst = sorted(lst)
    result = []
    left, right = 0, len(sorted_lst) - 1

    while left <= right:
        result.append(sorted_lst[left])
        left += 1
        if left <= right:
            result.append(sorted_lst[right])
            right -= 1

    return result",raw_generations/HumanEval_70/self_refine_sample0.py,"from typing import List


def strange_sort_list(lst: List[int]) -> List[int]:
    """"""
    Given a list of integers, return the list in a 'strange' order.
    Strange sorting, is when you start with the minimum value,
    then the maximum value from the remaining integers, then the minimum and so on.
    """"""
    if not lst:
        return []
    
    sorted_lst = sorted(lst)
    result = []
    left, right = 0, len(sorted_lst) - 1
    
    while left <= right:
        result.append(sorted_lst[left])
        left += 1
        if left <= right:
            result.append(sorted_lst[right])
            right -= 1
    
    return result",raw_generations/HumanEval_70/self_refine_sample0_initial.py,True,,0,,8.57,0.0,4.0,4.0,89.32115956388955,outputs\reports\static_analysis\pylint\HumanEval_70__self_refine__sample0__final_pylint.txt,outputs\reports\static_analysis\bandit\HumanEval_70__self_refine__sample0__final_bandit.json,outputs\reports\static_analysis\bandit\HumanEval_70__self_refine__sample0__final_bandit.stderr.txt,True,passed,8.0,7.0,9.0,8.0,8.0,8.0,"The code is clear and efficient, but could be more maintainable by using a deque for better performance and readability.",outputs\reports\static_analysis\pylint\HumanEval_70__self_refine__sample0__initial_pylint.txt,outputs\reports\static_analysis\bandit\HumanEval_70__self_refine__sample0__initial_bandit.json,outputs\reports\static_analysis\bandit\HumanEval_70__self_refine__sample0__initial_bandit.stderr.txt
HumanEval/71,triangle_area,zero_shot,0,"def triangle_area(a: int, b: int, c: int) -> float:
    if a + b > c and a + c > b and b + c > a:
        s = (a + b + c) / 2
        area = (s * (s - a) * (s - b) * (s - c)) ** 0.5
        return round(area, 2)
    else:
        return -1.0",raw_generations/HumanEval_71/zero_shot_sample0.py,,,True,,0,,3.33,0.0,4.0,4.0,64.09023354795119,outputs\reports\static_analysis\pylint\HumanEval_71__zero_shot__sample0__final_pylint.txt,outputs\reports\static_analysis\bandit\HumanEval_71__zero_shot__sample0__final_bandit.json,outputs\reports\static_analysis\bandit\HumanEval_71__zero_shot__sample0__final_bandit.stderr.txt,True,passed,9.0,8.0,9.0,10.0,9.0,9.0,"Clean, efficient implementation with good readability and proper handling of edge cases, though could benefit from a small improvement in maintainability by extracting the triangle validation logic.",,,
HumanEval/71,triangle_area,constraint_guided,0,"def triangle_area(a: int, b: int, c: int) -> float:
    if a + b <= c or a + c <= b or b + c <= a:
        return -1.0
    
    s = (a + b + c) / 2
    area = (s * (s - a) * (s - b) * (s - c)) ** 0.5
    return round(area, 2)",raw_generations/HumanEval_71/constraint_guided_sample0.py,,,True,,0,,3.33,0.0,4.0,4.0,65.55060840947257,outputs\reports\static_analysis\pylint\HumanEval_71__constraint_guided__sample0__final_pylint.txt,outputs\reports\static_analysis\bandit\HumanEval_71__constraint_guided__sample0__final_bandit.json,outputs\reports\static_analysis\bandit\HumanEval_71__constraint_guided__sample0__final_bandit.stderr.txt,True,passed,9.0,9.0,8.0,10.0,9.0,9.0,"Clean, efficient implementation with minor correctness concerns regarding floating-point rounding and type consistency.",,,
HumanEval/71,triangle_area,structured_cot,0,"def triangle_area(a: int, b: int, c: int) -> float:
    if a + b > c and a + c > b and b + c > a:
        s = (a + b + c) / 2
        area = (s * (s - a) * (s - b) * (s - c)) ** 0.5
        return round(area, 2)
    else:
        return -1",raw_generations/HumanEval_71/structured_cot_sample0.py,,,True,,0,,3.33,0.0,4.0,4.0,64.09023354795119,outputs\reports\static_analysis\pylint\HumanEval_71__structured_cot__sample0__final_pylint.txt,outputs\reports\static_analysis\bandit\HumanEval_71__structured_cot__sample0__final_bandit.json,outputs\reports\static_analysis\bandit\HumanEval_71__structured_cot__sample0__final_bandit.stderr.txt,True,passed,-1.0,-1.0,-1.0,-1.0,-1.0,-1.0,"The code is correct, readable, and efficient, but could be slightly improved with a constant for the return value and a more explicit rounding approach.",,,
HumanEval/71,triangle_area,self_refine,0,"def triangle_area(a: int, b: int, c: int) -> float:
    """"""
    Given the lengths of the three sides of a triangle. Return the area of
    the triangle rounded to 2 decimal points if the three sides form a valid triangle. 
    Otherwise return -1
    Three sides make a valid triangle when the sum of any two sides is greater 
    than the third side.

    Examples:
        triangle_area(3, 4, 5) == 6.00
        triangle_area(1, 2, 10) == -1
    """"""
    # Check for valid triangle sides
    if a <= 0 or b <= 0 or c <= 0:
        return -1.0
    
    # Check triangle inequality for all three sides
    if a + b <= c or a + c <= b or b + c <= a:
        return -1.0

    # Heron's formula
    s = (a + b + c) / 2
    area = (s * (s - a) * (s - b) * (s - c)) ** 0.5

    return round(area, 2)",raw_generations/HumanEval_71/self_refine_sample0.py,"def triangle_area(a: int, b: int, c: int) -> float:
    # Check triangle inequality for all three sides
    if a + b <= c or a + c <= b or b + c <= a:
        return -1.0
    
    # Heron's formula
    s = (a + b + c) / 2
    area = (s * (s - a) * (s - b) * (s - c)) ** 0.5
    
    return round(area, 2)",raw_generations/HumanEval_71/self_refine_sample0_initial.py,True,,0,,6.25,0.0,7.0,7.0,74.46937380389943,outputs\reports\static_analysis\pylint\HumanEval_71__self_refine__sample0__final_pylint.txt,outputs\reports\static_analysis\bandit\HumanEval_71__self_refine__sample0__final_bandit.json,outputs\reports\static_analysis\bandit\HumanEval_71__self_refine__sample0__final_bandit.stderr.txt,True,passed,9.0,8.0,9.0,9.0,8.0,8.0,"Well-structured and clear code with proper validation and Heron's formula, though it could be slightly more Pythonic with early returns and type consistency.",outputs\reports\static_analysis\pylint\HumanEval_71__self_refine__sample0__initial_pylint.txt,outputs\reports\static_analysis\bandit\HumanEval_71__self_refine__sample0__initial_bandit.json,outputs\reports\static_analysis\bandit\HumanEval_71__self_refine__sample0__initial_bandit.stderr.txt
HumanEval/72,will_it_fly,zero_shot,0,"from typing import List


def will_it_fly(q: List[int], w: int) -> bool:
    # Check if the list is balanced (palindromic)
    # Ignore zeros at the ends for balance check
    filtered = [x for x in q if x != 0]
    if filtered != filtered[::-1]:
        return False
    
    # Check if sum is less than or equal to maximum weight
    if sum(q) > w:
        return False
    
    return True",raw_generations/HumanEval_72/zero_shot_sample0.py,,,True,,0,,3.75,0.0,5.0,5.0,96.60212520759211,outputs\reports\static_analysis\pylint\HumanEval_72__zero_shot__sample0__final_pylint.txt,outputs\reports\static_analysis\bandit\HumanEval_72__zero_shot__sample0__final_bandit.json,outputs\reports\static_analysis\bandit\HumanEval_72__zero_shot__sample0__final_bandit.stderr.txt,False,assertion_failed: ,8.0,7.0,4.0,8.0,7.0,5.0,"The code incorrectly handles palindromic checks by filtering zeros, violating the specification that zeros are negligible only for balance when at ends, and fails to verify the 'connected object' requirement.",,,
HumanEval/72,will_it_fly,constraint_guided,0,"from typing import List


def will_it_fly(q: List[int], w: int) -> bool:
    # Check if the list is palindromic
    is_palindromic = q == q[::-1]
    # Check if the sum of elements is less than or equal to w
    sum_leq_weight = sum(q) <= w
    # The object flies only if both conditions are satisfied
    return is_palindromic and sum_leq_weight",raw_generations/HumanEval_72/constraint_guided_sample0.py,,,True,,0,,4.0,0.0,2.0,2.0,100.0,outputs\reports\static_analysis\pylint\HumanEval_72__constraint_guided__sample0__final_pylint.txt,outputs\reports\static_analysis\bandit\HumanEval_72__constraint_guided__sample0__final_bandit.json,outputs\reports\static_analysis\bandit\HumanEval_72__constraint_guided__sample0__final_bandit.stderr.txt,False,assertion_failed: ,9.0,8.0,6.0,9.0,9.0,7.0,"The code is clean and efficient but fails to handle the 'connected object' requirement (no zeros between non-zero elements), making it incorrect for some edge cases.",,,
HumanEval/72,will_it_fly,structured_cot,0,"from typing import List

def will_it_fly(q: List[int], w: int) -> bool:
    # Check if the list is palindromic (balanced)
    # Ignore zeros at the ends for balance check
    filtered = [x for x in q if x != 0]
    if filtered != filtered[::-1]:
        return False
    
    # Check if sum is less than or equal to w
    if sum(q) > w:
        return False
    
    return True",raw_generations/HumanEval_72/structured_cot_sample0.py,,,True,,0,,3.75,0.0,5.0,5.0,96.60212520759211,outputs\reports\static_analysis\pylint\HumanEval_72__structured_cot__sample0__final_pylint.txt,outputs\reports\static_analysis\bandit\HumanEval_72__structured_cot__sample0__final_bandit.json,outputs\reports\static_analysis\bandit\HumanEval_72__structured_cot__sample0__final_bandit.stderr.txt,False,assertion_failed: ,7.0,6.0,4.0,8.0,7.0,5.0,"The code incorrectly handles palindromic checks by filtering zeros, which violates the specification that zeros are negligible only for balance when at ends; also fails to verify 'connected object' requirement.",,,
HumanEval/72,will_it_fly,self_refine,0,"from typing import List


def will_it_fly(q: List[int], w: int) -> bool:
    # Check if list is palindromic ignoring zeros at ends
    left, right = 0, len(q) - 1
    while left < right:
        # Skip zeros from both ends for balance check
        while left < right and q[left] == 0:
            left += 1
        while left < right and q[right] == 0:
            right -= 1
        
        if left < right and q[left] != q[right]:
            return False
        
        left += 1
        right -= 1
    
    # Check weight constraint
    return sum(q) <= w",raw_generations/HumanEval_72/self_refine_sample0.py,"from typing import List


def will_it_fly(q: List[int], w: int) -> bool:
    # Check if the list is palindromic
    is_palindrome = True
    left, right = 0, len(q) - 1
    while left < right:
        if q[left] != q[right]:
            is_palindrome = False
            break
        left += 1
        right -= 1

    # Check if sum is within weight limit
    total_weight = sum(q)
    weight_ok = total_weight <= w

    return is_palindrome and weight_ok",raw_generations/HumanEval_72/self_refine_sample0_initial.py,True,,0,,5.38,0.0,8.0,8.0,82.7530944392718,outputs\reports\static_analysis\pylint\HumanEval_72__self_refine__sample0__final_pylint.txt,outputs\reports\static_analysis\bandit\HumanEval_72__self_refine__sample0__final_bandit.json,outputs\reports\static_analysis\bandit\HumanEval_72__self_refine__sample0__final_bandit.stderr.txt,False,assertion_failed: ,7.0,6.0,4.0,8.0,6.0,5.0,"The code incorrectly handles palindromic checks for zeros (fails on [0, 3, 0] or internal zeros), and lacks validation for the 'connected object' requirement.",outputs\reports\static_analysis\pylint\HumanEval_72__self_refine__sample0__initial_pylint.txt,outputs\reports\static_analysis\bandit\HumanEval_72__self_refine__sample0__initial_bandit.json,outputs\reports\static_analysis\bandit\HumanEval_72__self_refine__sample0__initial_bandit.stderr.txt
HumanEval/73,smallest_change,zero_shot,0,"from typing import List

def smallest_change(arr: List[int]) -> int:
    """"""
    Given an array arr of integers, find the minimum number of elements that
    need to be changed to make the array palindromic. A palindromic array is an array that
    is read the same backwards and forwards. In one change, you can change one element to any other element.

    For example:
        smallest_change([1, 2, 3, 5, 4, 7, 9, 6]) == 4
        smallest_change([1, 2, 3, 4, 3, 2, 2]) == 1
        smallest_change([1, 2, 3, 2, 1]) == 0
    """"""
    n = len(arr)
    changes = 0
    for i in range(n // 2):
        if arr[i] != arr[n - 1 - i]:
            changes += 1
    return changes",raw_generations/HumanEval_73/zero_shot_sample0.py,,,True,,0,,6.25,0.0,3.0,3.0,90.3417019717908,outputs\reports\static_analysis\pylint\HumanEval_73__zero_shot__sample0__final_pylint.txt,outputs\reports\static_analysis\bandit\HumanEval_73__zero_shot__sample0__final_bandit.json,outputs\reports\static_analysis\bandit\HumanEval_73__zero_shot__sample0__final_bandit.stderr.txt,True,passed,9.0,9.0,10.0,10.0,9.0,9.0,"Clean, efficient, and correct implementation with excellent readability and maintainability, though slightly lacking in advanced Pythonic features.",,,
HumanEval/73,smallest_change,constraint_guided,0,"from typing import List


def smallest_change(arr: List[int]) -> int:
    """"""
    Given an array arr of integers, find the minimum number of elements that
    need to be changed to make the array palindromic. A palindromic array is an array that
    is read the same backwards and forwards. In one change, you can change one element to any other element.
    """"""
    changes = 0
    left = 0
    right = len(arr) - 1
    
    while left < right:
        if arr[left] != arr[right]:
            changes += 1
        left += 1
        right -= 1
    
    return changes",raw_generations/HumanEval_73/constraint_guided_sample0.py,,,True,,0,,5.45,0.0,3.0,3.0,92.29097340373995,outputs\reports\static_analysis\pylint\HumanEval_73__constraint_guided__sample0__final_pylint.txt,outputs\reports\static_analysis\bandit\HumanEval_73__constraint_guided__sample0__final_bandit.json,outputs\reports\static_analysis\bandit\HumanEval_73__constraint_guided__sample0__final_bandit.stderr.txt,True,passed,8.0,7.0,2.0,9.0,8.0,4.0,"The algorithm incorrectly counts changes by assuming mismatched pairs require only one change, but it fails to consider that changing one element can fix multiple mismatches when elements can be set to any value.",,,
HumanEval/73,smallest_change,structured_cot,0,"from typing import List

def smallest_change(arr: List[int]) -> int:
    n = len(arr)
    changes = 0
    left = 0
    right = n - 1
    
    while left < right:
        if arr[left] != arr[right]:
            changes += 1
        left += 1
        right -= 1
    
    return changes",raw_generations/HumanEval_73/structured_cot_sample0.py,,,True,,0,,5.83,0.0,3.0,3.0,63.49171740008568,outputs\reports\static_analysis\pylint\HumanEval_73__structured_cot__sample0__final_pylint.txt,outputs\reports\static_analysis\bandit\HumanEval_73__structured_cot__sample0__final_bandit.json,outputs\reports\static_analysis\bandit\HumanEval_73__structured_cot__sample0__final_bandit.stderr.txt,True,passed,8.0,7.0,2.0,9.0,8.0,4.0,"The algorithm is fundamentally incorrect as it only counts mismatches without considering that changing one element can fix both sides, and it fails to handle cases where optimal changes require matching elements to values not currently present.",,,
HumanEval/73,smallest_change,self_refine,0,"from typing import List


def smallest_change(arr: List[int]) -> int:
    """"""
    Given an array arr of integers, find the minimum number of elements that
    need to be changed to make the array palindromic. A palindromic array is an array that
    is read the same backwards and forwards. In one change, you can change one element to any other element.
    """"""
    if not arr:
        return 0

    changes = 0
    left = 0
    right = len(arr) - 1

    while left < right:
        if arr[left] != arr[right]:
            changes += 1
        left += 1
        right -= 1

    return changes",raw_generations/HumanEval_73/self_refine_sample0.py,"from typing import List


def smallest_change(arr: List[int]) -> int:
    """"""
    Given an array arr of integers, find the minimum number of elements that
    need to be changed to make the array palindromic. A palindromic array is an array that
    is read the same backwards and forwards. In one change, you can change one element to any other element.
    """"""
    n = len(arr)
    changes = 0
    left = 0
    right = n - 1
    
    while left < right:
        if arr[left] != arr[right]:
            changes += 1
        left += 1
        right -= 1
    
    return changes",raw_generations/HumanEval_73/self_refine_sample0_initial.py,True,,0,,7.69,0.0,4.0,4.0,89.42577370890226,outputs\reports\static_analysis\pylint\HumanEval_73__self_refine__sample0__final_pylint.txt,outputs\reports\static_analysis\bandit\HumanEval_73__self_refine__sample0__final_bandit.json,outputs\reports\static_analysis\bandit\HumanEval_73__self_refine__sample0__final_bandit.stderr.txt,True,passed,-1.0,-1.0,-1.0,-1.0,-1.0,-1.0,"The code is fundamentally incorrect as it counts mismatched pairs rather than the minimum changes needed, failing to handle cases where multiple changes per pair are required or optimal changes across pairs.",outputs\reports\static_analysis\pylint\HumanEval_73__self_refine__sample0__initial_pylint.txt,outputs\reports\static_analysis\bandit\HumanEval_73__self_refine__sample0__initial_bandit.json,outputs\reports\static_analysis\bandit\HumanEval_73__self_refine__sample0__initial_bandit.stderr.txt
HumanEval/74,total_match,zero_shot,0,"from typing import List

def total_match(lst1: List[str], lst2: List[str]) -> List[str]:
    total1 = sum(len(s) for s in lst1)
    total2 = sum(len(s) for s in lst2)
    if total1 <= total2:
        return lst1
    else:
        return lst2",raw_generations/HumanEval_74/zero_shot_sample0.py,,,True,,0,,4.29,0.0,4.0,4.0,75.0206708965386,outputs\reports\static_analysis\pylint\HumanEval_74__zero_shot__sample0__final_pylint.txt,outputs\reports\static_analysis\bandit\HumanEval_74__zero_shot__sample0__final_bandit.json,outputs\reports\static_analysis\bandit\HumanEval_74__zero_shot__sample0__final_bandit.stderr.txt,True,passed,9.0,8.0,6.0,9.0,9.0,7.0,"The code is clean and efficient but fails to handle the case where total characters are equal (should return first list, not second when total1 > total2 is false).",,,
HumanEval/74,total_match,constraint_guided,0,"from typing import List


def total_match(lst1: List[str], lst2: List[str]) -> List[str]:
    """"""
    Write a function that accepts two lists of strings and returns the list that has 
    less total number of chars in the all strings of the list compared to the other list.

    If the two lists have the same number of chars, return the first list.

    Examples:
        total_match(['hi', 'admin'], ['hI', 'Hi']) -> ['hI', 'Hi']
        total_match(['hi', 'admin'], ['hi', 'hi', 'admin', 'project']) -> ['hi', 'admin']
    """"""
    def total_chars(lst: List[str]) -> int:
        return sum(len(s) for s in lst)

    chars1 = total_chars(lst1)
    chars2 = total_chars(lst2)

    if chars1 <= chars2:
        return lst1
    else:
        return lst2",raw_generations/HumanEval_74/constraint_guided_sample0.py,,,True,,0,,6.67,0.0,2.0,2.0,100.0,outputs\reports\static_analysis\pylint\HumanEval_74__constraint_guided__sample0__final_pylint.txt,outputs\reports\static_analysis\bandit\HumanEval_74__constraint_guided__sample0__final_bandit.json,outputs\reports\static_analysis\bandit\HumanEval_74__constraint_guided__sample0__final_bandit.stderr.txt,True,passed,9.0,8.0,10.0,10.0,9.0,9.0,"Clean, efficient, and correct implementation with minor room for improvement in modularity.",,,
HumanEval/74,total_match,structured_cot,0,"from typing import List


def total_match(lst1: List[str], lst2: List[str]) -> List[str]:
    total1 = sum(len(s) for s in lst1)
    total2 = sum(len(s) for s in lst2)
    
    if total1 <= total2:
        return lst1
    else:
        return lst2",raw_generations/HumanEval_74/structured_cot_sample0.py,,,True,,0,,2.86,0.0,4.0,4.0,75.0206708965386,outputs\reports\static_analysis\pylint\HumanEval_74__structured_cot__sample0__final_pylint.txt,outputs\reports\static_analysis\bandit\HumanEval_74__structured_cot__sample0__final_bandit.json,outputs\reports\static_analysis\bandit\HumanEval_74__structured_cot__sample0__final_bandit.stderr.txt,True,passed,9.0,8.0,6.0,9.0,9.0,7.0,"The code is clean and efficient but fails to handle the case where total1 == total2 correctly (should return lst1, not lst2 as the current logic does).",,,
HumanEval/74,total_match,self_refine,0,"from typing import List


def total_match(lst1: List[str], lst2: List[str]) -> List[str]:
    """"""
    Return the list with fewer total characters across all strings.
    If equal, return the first list.
    """"""
    if not isinstance(lst1, list) or not isinstance(lst2, list):
        raise TypeError(""Both arguments must be lists"")

    total1 = sum(len(s) for s in lst1 if isinstance(s, str))
    total2 = sum(len(s) for s in lst2 if isinstance(s, str))

    return lst1 if total1 <= total2 else lst2",raw_generations/HumanEval_74/self_refine_sample0.py,"from typing import List


def total_match(lst1: List[str], lst2: List[str]) -> List[str]:
    total_chars_lst1 = sum(len(s) for s in lst1)
    total_chars_lst2 = sum(len(s) for s in lst2)

    if total_chars_lst1 <= total_chars_lst2:
        return lst1
    else:
        return lst2",raw_generations/HumanEval_74/self_refine_sample0_initial.py,True,,0,,7.14,0.0,8.0,8.0,97.95311566343828,outputs\reports\static_analysis\pylint\HumanEval_74__self_refine__sample0__final_pylint.txt,outputs\reports\static_analysis\bandit\HumanEval_74__self_refine__sample0__final_bandit.json,outputs\reports\static_analysis\bandit\HumanEval_74__self_refine__sample0__final_bandit.stderr.txt,True,passed,8.0,7.0,6.0,8.0,7.0,7.0,"The code is readable and efficient, but it incorrectly handles non-string elements by skipping them instead of raising an error, and it returns lst1 when total1 <= total2 instead of only when total1 <= total2 and they are equal per the specification.",outputs\reports\static_analysis\pylint\HumanEval_74__self_refine__sample0__initial_pylint.txt,outputs\reports\static_analysis\bandit\HumanEval_74__self_refine__sample0__initial_bandit.json,outputs\reports\static_analysis\bandit\HumanEval_74__self_refine__sample0__initial_bandit.stderr.txt
HumanEval/75,is_multiply_prime,zero_shot,0,"def is_multiply_prime(a: int) -> bool:
    """"""
    Check if the given number is the multiplication of 3 prime numbers.
    
    Constraints:
        The three prime numbers must be <= 100.
    
    Example:
        is_multiply_prime(30) == True
        30 = 2 * 3 * 5
    """"""
    if a <= 0:
        return False
    
    # Generate primes up to 100
    primes = []
    for num in range(2, 101):
        is_prime = True
        for i in range(2, int(num**0.5) + 1):
            if num % i == 0:
                is_prime = False
                break
        if is_prime:
            primes.append(num)
    
    # Check all combinations of 3 primes
    n = len(primes)
    for i in range(n):
        for j in range(i, n):
            for k in range(j, n):
                if primes[i] * primes[j] * primes[k] == a:
                    return True
    return False",raw_generations/HumanEval_75/zero_shot_sample0.py,,,True,,0,,7.89,0.0,10.0,10.0,85.3846636654377,outputs\reports\static_analysis\pylint\HumanEval_75__zero_shot__sample0__final_pylint.txt,outputs\reports\static_analysis\bandit\HumanEval_75__zero_shot__sample0__final_bandit.json,outputs\reports\static_analysis\bandit\HumanEval_75__zero_shot__sample0__final_bandit.stderr.txt,True,passed,7.0,6.0,5.0,3.0,5.0,5.0,"The code is readable but inefficient (O(n³) brute force) and fails to handle cases where prime factors repeat (e.g., 8 = 2*2*2).",,,
HumanEval/75,is_multiply_prime,constraint_guided,0,"def is_multiply_prime(a: int) -> bool:
    """"""
    Check if the given number is the multiplication of 3 prime numbers.
    Constraints: The three prime numbers must be <= 100.
    """"""
    if a <= 1:
        return False
    
    # Generate all primes <= 100 using sieve
    limit = 100
    is_prime = [True] * (limit + 1)
    is_prime[0] = is_prime[1] = False
    for i in range(2, int(limit**0.5) + 1):
        if is_prime[i]:
            for j in range(i * i, limit + 1, i):
                is_prime[j] = False
    primes = [i for i, prime in enumerate(is_prime) if prime]
    
    # Check all combinations of three primes
    n = len(primes)
    for i in range(n):
        p1 = primes[i]
        if p1 * p1 * p1 > a:
            break
        for j in range(i, n):
            p2 = primes[j]
            if p1 * p2 * p2 > a:
                break
            for k in range(j, n):
                p3 = primes[k]
                product = p1 * p2 * p3
                if product == a:
                    return True
                if product > a:
                    break
    return False",raw_generations/HumanEval_75/constraint_guided_sample0.py,,,True,,0,,8.57,0.0,14.0,14.0,73.60946155305012,outputs\reports\static_analysis\pylint\HumanEval_75__constraint_guided__sample0__final_pylint.txt,outputs\reports\static_analysis\bandit\HumanEval_75__constraint_guided__sample0__final_bandit.json,outputs\reports\static_analysis\bandit\HumanEval_75__constraint_guided__sample0__final_bandit.stderr.txt,True,passed,8.0,7.0,6.0,7.0,7.0,7.0,"The code is generally readable and efficient, but it fails to handle cases where the three primes are not necessarily distinct, which may violate the problem's intent, and lacks explicit handling for large inputs beyond the prime limit.",,,
HumanEval/75,is_multiply_prime,structured_cot,0,"def is_multiply_prime(a: int) -> bool:
    primes = [2, 3, 5, 7, 11, 13, 17,, 19, 23, 29, 31, 37, 41, 43, 47, 53, 59, 61, 67, 71, 73, 79, 83, 89, 97]
    for i in range(len(primes)):
        for j in range(i, len(primes)):
            for k in range(j, len(primes)):
                if primes[i] * primes[j] * primes[k] == a:
                    return True
    return False",raw_generations/HumanEval_75/structured_cot_sample0.py,,,False,"SyntaxError: invalid syntax (<unknown>, line 2)",0,,,,,,,,,,,not_executed,,,,,,,,,,
HumanEval/75,is_multiply_prime,self_refine,0,"def is_multiply_prime(a: int) -> bool:
    """"""
    Check if the given number is the multiplication of 3 prime numbers.
    Constraints:
        The three prime numbers must be <= 100.
    """"""
    if a <= 1:
        return False

    # Generate primes up to 100 using sieve
    limit = 100
    is_prime = [True] * (limit + 1)
    is_prime[0] = is_prime[1] = False
    for i in range(2, int(limit**0.5) + 1):
        if is_prime[i]:
            for j in range(i * i, limit + 1, i):
                is_prime[j] = False
    primes = [i for i, prime in enumerate(is_prime) if prime]

    # Try all combinations of three primes
    n = len(primes)
    for i in range(n):
        p1 = primes[i]
        if p1 * p1 * p1 > a:
            break
        for j in range(i, n):
            p2 = primes[j]
            if p1 * p2 * p2 > a:
                break
            for k in range(j, n):
                p3 = primes[k]
                product = p1 * p2 * p3
                if product == a:
                    return True
                if product > a:
                    break
    return False",raw_generations/HumanEval_75/self_refine_sample0.py,"def is_multiply_prime(a: int) -> bool:
    """"""
    Check if the given number is the multiplication of 3 prime numbers.
    Constraints:
        The three prime numbers must be <= 100.
    """"""
    if a <= 1:
        return False
    
    # Generate primes up to 100 using sieve
    limit = 100
    is_prime = [True] * (limit + 1)
    is_prime[0] = is_prime[1] = False
    for i in range(2, int(limit**0.5) + 1):
        if is_prime[i]:
            for j in range(i*i, limit + 1, i):
                is_prime[j] = False
    primes = [i for i, prime in enumerate(is_prime) if prime]
    
    # Try all combinations of three primes
    n = len(primes)
    for i in range(n):
        p1 = primes[i]
        if p1 * p1 * p1 > a:
            break
        for j in range(i, n):
            p2 = primes[j]
            if p1 * p2 * p2 > a:
                break
            for k in range(j, n):
                p3 = primes[k]
                product = p1 * p2 * p3
                if product == a:
                    return True
                if product > a:
                    break
    return False",raw_generations/HumanEval_75/self_refine_sample0_initial.py,True,,0,,9.29,0.0,14.0,14.0,74.82782484641345,outputs\reports\static_analysis\pylint\HumanEval_75__self_refine__sample0__final_pylint.txt,outputs\reports\static_analysis\bandit\HumanEval_75__self_refine__sample0__final_bandit.json,outputs\reports\static_analysis\bandit\HumanEval_75__self_refine__sample0__final_bandit.stderr.txt,True,passed,8.0,7.0,8.0,7.0,7.0,7.0,"The code is clear and mostly efficient, but lacks modularity and could better handle edge cases like repeated primes.",outputs\reports\static_analysis\pylint\HumanEval_75__self_refine__sample0__initial_pylint.txt,outputs\reports\static_analysis\bandit\HumanEval_75__self_refine__sample0__initial_bandit.json,outputs\reports\static_analysis\bandit\HumanEval_75__self_refine__sample0__initial_bandit.stderr.txt
HumanEval/76,is_simple_power,zero_shot,0,"def is_simple_power(x: int, n: int) -> bool:
    if n == 1:
        return x == 1
    if x == 1:
        return True
    if x < n:
        return False
    
    power = 0
    current = 1
    while current <= x:
        if current == x:
            return True
        power += 1
        current *= n
    return False",raw_generations/HumanEval_76/zero_shot_sample0.py,,,True,,0,,7.33,0.0,6.0,6.0,60.222731533345545,outputs\reports\static_analysis\pylint\HumanEval_76__zero_shot__sample0__final_pylint.txt,outputs\reports\static_analysis\bandit\HumanEval_76__zero_shot__sample0__final_bandit.json,outputs\reports\static_analysis\bandit\HumanEval_76__zero_shot__sample0__final_bandit.stderr.txt,False,assertion_failed: ,8.0,7.0,6.0,8.0,6.0,7.0,"The code is generally readable and efficient, but has correctness issues with edge cases (e.g., x=0, negative numbers) and could be more Pythonic using logarithms or a simpler iterative approach.",,,
HumanEval/76,is_simple_power,constraint_guided,0,"def is_simple_power(x: int, n: int) -> bool:
    """"""
    Check if number x is a simple power of n.
    x is a simple power of n if n to the power of some integer equals x.
    """"""
    if n == 1:
        return x == 1
    
    if x == 1:
        return True
    
    if x < 1 or n < 1:
        return False
    
    power = 0
    current = 1
    
    while current <= x:
        if current == x:
            return True
        power += 1
        current *= n
    
    return False",raw_generations/HumanEval_76/constraint_guided_sample0.py,,,True,,0,,5.33,0.0,7.0,7.0,84.11948341203971,outputs\reports\static_analysis\pylint\HumanEval_76__constraint_guided__sample0__final_pylint.txt,outputs\reports\static_analysis\bandit\HumanEval_76__constraint_guided__sample0__final_bandit.json,outputs\reports\static_analysis\bandit\HumanEval_76__constraint_guided__sample0__final_bandit.stderr.txt,False,assertion_failed: ,8.0,7.0,6.0,8.0,6.0,7.0,"The code is generally clear and efficient but has correctness issues with edge cases (e.g., x=0, negative inputs) and could be more Pythonic using logarithms or a simpler loop.",,,
HumanEval/76,is_simple_power,structured_cot,0,"def is_simple_power(x: int, n: int) -> bool:
    if n == 1:
        return x == 1
    if x == 1:
        return True
    if x < n:
        return False
    
    power = 0
    result = 1
    while result <= x:
        if result == x:
            return True
        power += 1
        result = n ** power
    return False",raw_generations/HumanEval_76/structured_cot_sample0.py,,,True,,0,,7.33,0.0,6.0,6.0,60.222731533345545,outputs\reports\static_analysis\pylint\HumanEval_76__structured_cot__sample0__final_pylint.txt,outputs\reports\static_analysis\bandit\HumanEval_76__structured_cot__sample0__final_bandit.json,outputs\reports\static_analysis\bandit\HumanEval_76__structured_cot__sample0__final_bandit.stderr.txt,False,assertion_failed: ,7.0,6.0,8.0,5.0,5.0,6.0,The code works but is inefficient and non-idiomatic; it uses an iterative approach instead of logarithms and has edge-case handling that could be clearer.,,,
HumanEval/76,is_simple_power,self_refine,0,"def is_simple_power(x: int, n: int) -> bool:
    """"""
    Check if number x is a simple power of n.
    x is a simple power of n if n to the power of some integer equals x.
    """"""
    # Handle special cases
    if n == 0:
        return x == 0 or x == 1
    if n == 1:
        return x == 1
    if x == 0:
        return n == 0
    if x == 1:
        return True  # n^0 = 1 for any n != 0
    
    # Check if x is a power of n by repeatedly dividing by n
    current = x
    while current % n == 0:
        current //= n
    return current == 1",raw_generations/HumanEval_76/self_refine_sample0.py,"def is_simple_power(x: int, n: int) -> bool:
    """"""
    Check if number x is a simple power of n.
    x is a simple power of n if n to the power of some integer equals x.
    """"""
    # Handle edge cases
    if n == 0:
        return x == 0 or x == 1
    if n == 1:
        return x == 1
    if x == 0:
        return n == 0
    if x == 1:
        return True  # n^0 = 1 for any n != 0
    
    # Check if x is a power of n by repeatedly dividing by n
    current = x
    while current % n == 0:
        current //= n
    return current == 1",raw_generations/HumanEval_76/self_refine_sample0_initial.py,True,,0,,6.92,0.0,7.0,7.0,88.23649492458553,outputs\reports\static_analysis\pylint\HumanEval_76__self_refine__sample0__final_pylint.txt,outputs\reports\static_analysis\bandit\HumanEval_76__self_refine__sample0__final_bandit.json,outputs\reports\static_analysis\bandit\HumanEval_76__self_refine__sample0__final_bandit.stderr.txt,True,passed,8.0,7.0,6.0,8.0,7.0,7.0,"The code is generally readable and efficient, but has correctness issues with edge cases (e.g., n=0, x=0) and could be more Pythonic with a logarithmic approach.",outputs\reports\static_analysis\pylint\HumanEval_76__self_refine__sample0__initial_pylint.txt,outputs\reports\static_analysis\bandit\HumanEval_76__self_refine__sample0__initial_bandit.json,outputs\reports\static_analysis\bandit\HumanEval_76__self_refine__sample0__initial_bandit.stderr.txt
HumanEval/77,iscube,zero_shot,0,"def iscube(a: int) -> bool:
    if a == 0:
        return True
    if a > 0:
        root = round(a ** (1/3))
        return root ** 3 == a
    else:
        root = round((-a) ** (1/3))
        return (-root) ** 3 == a",raw_generations/HumanEval_77/zero_shot_sample0.py,,,True,,0,,5.0,0.0,3.0,3.0,63.84161195399168,outputs\reports\static_analysis\pylint\HumanEval_77__zero_shot__sample0__final_pylint.txt,outputs\reports\static_analysis\bandit\HumanEval_77__zero_shot__sample0__final_bandit.json,outputs\reports\static_analysis\bandit\HumanEval_77__zero_shot__sample0__final_bandit.stderr.txt,True,passed,8.0,7.0,6.0,7.0,6.0,6.0,The code handles positive and negative cases separately but has correctness issues with floating-point precision and edge cases like negative cubes.,,,
HumanEval/77,iscube,constraint_guided,0,"def iscube(a: int) -> bool:
    """"""
    Check if number a is a cube of some integer number.
    """"""
    if a == 0:
        return True
    # Find the cube root candidate
    root = int(round(abs(a) ** (1/3)))
    # Check both root and root-1 because of floating point precision
    return root**3 == a or (root - 1)**3 == a or (root + -1)**3 == a",raw_generations/HumanEval_77/constraint_guided_sample0.py,,,True,,0,,4.0,0.0,4.0,4.0,92.39939789341258,outputs\reports\static_analysis\pylint\HumanEval_77__constraint_guided__sample0__final_pylint.txt,outputs\reports\static_analysis\bandit\HumanEval_77__constraint_guided__sample0__final_bandit.json,outputs\reports\static_analysis\bandit\HumanEval_77__constraint_guided__sample0__final_bandit.stderr.txt,False,assertion_failed: ,7.0,6.0,5.0,8.0,6.0,6.0,"The code has floating point precision issues and edge case problems, particularly with negative numbers and the root+1 check has a syntax error.",,,
HumanEval/77,iscube,structured_cot,0,"def iscube(a: int) -> bool:
    if a < 0:
        a = -a
        sign = -1
    else:
        sign = 1
    
    for i in range(int(a ** (1/3)) + 2):
        if i ** 3 == a:
            return True
        if i ** 3 > a:
            break
    return False",raw_generations/HumanEval_77/structured_cot_sample0.py,,,True,,0,,5.45,0.0,5.0,5.0,61.371837254192876,outputs\reports\static_analysis\pylint\HumanEval_77__structured_cot__sample0__final_pylint.txt,outputs\reports\static_analysis\bandit\HumanEval_77__structured_cot__sample0__final_bandit.json,outputs\reports\static_analysis\bandit\HumanEval_77__structured_cot__sample0__final_bandit.stderr.txt,True,passed,6.0,5.0,4.0,4.0,4.0,4.0,"The code has correctness issues with negative numbers and floating-point precision, uses inefficient brute-force iteration, and lacks Pythonic mathematical approaches.",,,
HumanEval/77,iscube,self_refine,0,"def iscube(a: int) -> bool:
    """"""
    Check if number a is a cube of some integer number.
    """"""
    if a == 0:
        return True

    # Find the integer cube root candidate
    root = int(round(abs(a) ** (1 / 3)))
    if a < 0:
        root = -root

    # Check candidates around the approximation
    candidates = {root - 1, root, root + 1}
    for candidate in candidates:
        if candidate ** 3 == a:
            return True

    return False",raw_generations/HumanEval_77/self_refine_sample0.py,"def iscube(a: int) -> bool:
    """"""
    Check if number a is a cube of some integer number.
    """"""
    if a == 0:
        return True
    
    # Find the cube root candidate
    root = int(round(abs(a) ** (1/3)))
    
    # Adjust for floating point inaccuracies
    candidates = {root - 1, root, root + 1}
    
    # Check if any candidate cubed equals a
    for candidate in candidates:
        if candidate ** 3 == a:
            return True
    
    return False",raw_generations/HumanEval_77/self_refine_sample0_initial.py,True,,0,,8.18,0.0,5.0,5.0,90.46222652874155,outputs\reports\static_analysis\pylint\HumanEval_77__self_refine__sample0__final_pylint.txt,outputs\reports\static_analysis\bandit\HumanEval_77__self_refine__sample0__final_bandit.json,outputs\reports\static_analysis\bandit\HumanEval_77__self_refine__sample0__final_bandit.stderr.txt,True,passed,7.0,6.0,8.0,7.0,6.0,6.0,"The code handles edge cases and uses a reasonable approximation approach, but it's not fully robust for large integers and could be more Pythonic with integer cube root calculation.",outputs\reports\static_analysis\pylint\HumanEval_77__self_refine__sample0__initial_pylint.txt,outputs\reports\static_analysis\bandit\HumanEval_77__self_refine__sample0__initial_bandit.json,outputs\reports\static_analysis\bandit\HumanEval_77__self_refine__sample0__initial_bandit.stderr.txt
HumanEval/78,hex_key,zero_shot,0,"def hex_key(num: str) -> int:
    primes = {'2', '3', '5', '7', 'B', 'D'}
    count = 0
    for digit in num:
        if digit in primes:
            count += 1
    return count",raw_generations/HumanEval_78/zero_shot_sample0.py,,,True,,0,,5.71,0.0,3.0,3.0,72.82491762469213,outputs\reports\static_analysis\pylint\HumanEval_78__zero_shot__sample0__final_pylint.txt,outputs\reports\static_analysis\bandit\HumanEval_78__zero_shot__sample0__final_bandit.json,outputs\reports\static_analysis\bandit\HumanEval_78__zero_shot__sample0__final_bandit.stderr.txt,True,passed,9.0,8.0,6.0,9.0,9.0,7.0,"The code is clean and efficient but incorrectly includes 'B' and 'D' as prime hexadecimal digits, which are not prime numbers (11 and 13 are prime, but the function should only count prime digits 2, 3, 5, 7, B, D).",,,
HumanEval/78,hex_key,constraint_guided,0,"def hex_key(num: str) -> int:
    """"""
    Counts the number of hexadecimal digits that are primes.
    """"""
    prime_digits = {'2', '3', '5', '7', 'B', 'D'}
    count = 0
    for digit in num:
        if digit in prime_digits:
            count += 1
    return count",raw_generations/HumanEval_78/constraint_guided_sample0.py,,,True,,0,,7.14,0.0,3.0,3.0,100.0,outputs\reports\static_analysis\pylint\HumanEval_78__constraint_guided__sample0__final_pylint.txt,outputs\reports\static_analysis\bandit\HumanEval_78__constraint_guided__sample0__final_bandit.json,outputs\reports\static_analysis\bandit\HumanEval_78__constraint_guided__sample0__final_bandit.stderr.txt,True,passed,9.0,8.0,8.0,9.0,9.0,8.0,"Clean and efficient implementation, but lacks explicit handling of uppercase assumption and could benefit from a comment explaining the prime digit selection.",,,
HumanEval/78,hex_key,structured_cot,0,"def hex_key(num: str) -> int:
    primes = {'2', '3', '5', '7', 'B', 'D'}
    count = 0
    for digit in num:
        if digit in primes:
            count += 1
    return count",raw_generations/HumanEval_78/structured_cot_sample0.py,,,True,,0,,5.71,0.0,3.0,3.0,72.82491762469213,outputs\reports\static_analysis\pylint\HumanEval_78__structured_cot__sample0__final_pylint.txt,outputs\reports\static_analysis\bandit\HumanEval_78__structured_cot__sample0__final_bandit.json,outputs\reports\static_analysis\bandit\HumanEval_78__structured_cot__sample0__final_bandit.stderr.txt,True,passed,9.0,8.0,7.0,9.0,8.0,8.0,"The code is clean and efficient but incorrectly includes 'B' and 'D' as prime digits, while 'A', 'C', 'E', 'F' are not primes in hexadecimal.",,,
HumanEval/78,hex_key,self_refine,0,"def hex_key(num: str) -> int:
    """"""
    Counts the number of hexadecimal digits that are primes.
    """"""
    prime_digits = {'2', '3', '5', '7', 'B', 'D'}
    return sum(1 for digit in num if digit in prime_digits)",raw_generations/HumanEval_78/self_refine_sample0.py,"def hex_key(num: str) -> int:
    """"""
    Counts the number of hexadecimal digits that are primes.
    """"""
    prime_digits = {'2', '3', '5', '7', 'B', 'D'}
    count = 0
    for digit in num:
        if digit in prime_digits:
            count += 1
    return count",raw_generations/HumanEval_78/self_refine_sample0_initial.py,True,,0,,3.33,0.0,3.0,3.0,100.0,outputs\reports\static_analysis\pylint\HumanEval_78__self_refine__sample0__final_pylint.txt,outputs\reports\static_analysis\bandit\HumanEval_78__self_refine__sample0__final_bandit.json,outputs\reports\static_analysis\bandit\HumanEval_78__self_refine__sample0__final_bandit.stderr.txt,True,passed,9.0,8.0,6.0,10.0,9.0,7.0,"Clean and efficient code but incorrectly includes 'B' and 'D' as prime digits when they represent decimal 11 and 13, which are primes, but the function should only count hexadecimal digits that are primes (2, 3, 5, 7, B=11, D=13).",outputs\reports\static_analysis\pylint\HumanEval_78__self_refine__sample0__initial_pylint.txt,outputs\reports\static_analysis\bandit\HumanEval_78__self_refine__sample0__initial_bandit.json,outputs\reports\static_analysis\bandit\HumanEval_78__self_refine__sample0__initial_bandit.stderr.txt
HumanEval/79,decimal_to_binary,zero_shot,0,"def decimal_to_binary(decimal: int) -> str:
    return f""db{bin(decimal)[2:]}db""",raw_generations/HumanEval_79/zero_shot_sample0.py,,,True,,0,,0.0,0.0,1.0,1.0,100.0,outputs\reports\static_analysis\pylint\HumanEval_79__zero_shot__sample0__final_pylint.txt,outputs\reports\static_analysis\bandit\HumanEval_79__zero_shot__sample0__final_bandit.json,outputs\reports\static_analysis\bandit\HumanEval_79__zero_shot__sample0__final_bandit.stderr.txt,True,passed,9.0,8.0,10.0,10.0,10.0,9.0,"The code is concise, correct, and highly Pythonic, but lacks explicit handling for non-positive inputs despite the assumption.",,,
HumanEval/79,decimal_to_binary,constraint_guided,0,"def decimal_to_binary(decimal: int) -> str:
    if decimal == 0:
        return ""db0db""
    
    binary_digits = []
    n = decimal
    
    while n > 0:
        binary_digits.append(str(n % 2))
        n //= 2
    
    binary_digits.reverse()
    binary_str = ''.join(binary_digits)
    
    return f""db{binary_str}db""",raw_generations/HumanEval_79/constraint_guided_sample0.py,,,True,,0,,3.64,0.0,3.0,3.0,65.98233807058165,outputs\reports\static_analysis\pylint\HumanEval_79__constraint_guided__sample0__final_pylint.txt,outputs\reports\static_analysis\bandit\HumanEval_79__constraint_guided__sample0__final_bandit.json,outputs\reports\static_analysis\bandit\HumanEval_79__constraint_guided__sample0__final_bandit.stderr.txt,True,passed,8.0,7.0,9.0,7.0,6.0,7.0,The code is clear and correct but could be more Pythonic by using built-in functions and handling edge cases more elegantly.,,,
HumanEval/79,decimal_to_binary,structured_cot,0,"def decimal_to_binary(decimal: int) -> str:
    binary_str = """"
    n = decimal
    if n == 0:
        binary_str = ""0""
    else:
        while n > 0:
            binary_str = str(n % 2) + binary_str
            n //= 2
    return ""db"" + binary_str + ""db""",raw_generations/HumanEval_79/structured_cot_sample0.py,,,True,,0,,6.67,0.0,3.0,3.0,64.64182172211129,outputs\reports\static_analysis\pylint\HumanEval_79__structured_cot__sample0__final_pylint.txt,outputs\reports\static_analysis\bandit\HumanEval_79__structured_cot__sample0__final_bandit.json,outputs\reports\static_analysis\bandit\HumanEval_79__structured_cot__sample0__final_bandit.stderr.txt,True,passed,8.0,8.0,9.0,8.0,7.0,8.0,"The code is clear and correct, but could be more Pythonic by using built-in functions like bin() and handling edge cases more elegantly.",,,
HumanEval/79,decimal_to_binary,self_refine,0,"def decimal_to_binary(decimal: int) -> str:
    """"""
    Convert a positive decimal integer to binary string with 'db' prefix and suffix.
    """"""
    if not isinstance(decimal, int) or decimal < 0:
        raise ValueError(""Input must be a positive integer"")

    if decimal == 0:
        return ""db0db""

    binary_digits = []
    num = decimal

    while num > 0:
        binary_digits.append(str(num % 2))
        num //= 2

    binary_str = ''.join(reversed(binary_digits))
    return f""db{binary_str}db""",raw_generations/HumanEval_79/self_refine_sample0.py,"def decimal_to_binary(decimal: int) -> str:
    """"""
    Convert a positive decimal integer to binary string with 'db' prefix and suffix.
    """"""
    if decimal == 0:
        return ""db0db""
    
    binary_digits = []
    num = decimal
    
    while num > 0:
        binary_digits.append(str(num % 2))
        num //= 2
    
    binary_str = ''.join(reversed(binary_digits))
    return f""db{binary_str}db""",raw_generations/HumanEval_79/self_refine_sample0_initial.py,True,,0,,8.33,0.0,5.0,5.0,87.01027891230832,outputs\reports\static_analysis\pylint\HumanEval_79__self_refine__sample0__final_pylint.txt,outputs\reports\static_analysis\bandit\HumanEval_79__self_refine__sample0__final_bandit.json,outputs\reports\static_analysis\bandit\HumanEval_79__self_refine__sample0__final_bandit.stderr.txt,True,passed,8.0,8.0,9.0,7.0,8.0,8.0,"The code is clear and correct, but could be more efficient and Pythonic by using built-in functions like bin() and handling edge cases more elegantly.",outputs\reports\static_analysis\pylint\HumanEval_79__self_refine__sample0__initial_pylint.txt,outputs\reports\static_analysis\bandit\HumanEval_79__self_refine__sample0__initial_bandit.json,outputs\reports\static_analysis\bandit\HumanEval_79__self_refine__sample0__initial_bandit.stderr.txt
HumanEval/80,is_happy,zero_shot,0,"def is_happy(s: str) -> bool:
    if len(s) < 3:
        return False
    for i in range(len(s) - 2):
        if s[i] == s[i + 1] or s[i] == s[i + 2] or s[i + 1] == s[i + 2]:
            return False
    return True",raw_generations/HumanEval_80/zero_shot_sample0.py,,,True,,0,,5.71,0.0,6.0,6.0,65.86448753980045,outputs\reports\static_analysis\pylint\HumanEval_80__zero_shot__sample0__final_pylint.txt,outputs\reports\static_analysis\bandit\HumanEval_80__zero_shot__sample0__final_bandit.json,outputs\reports\static_analysis\bandit\HumanEval_80__zero_shot__sample0__final_bandit.stderr.txt,True,passed,8.0,7.0,9.0,9.0,7.0,8.0,The code is clear and efficient but could be more Pythonic and maintainable with better variable naming and a more expressive condition.,,,
HumanEval/80,is_happy,constraint_guided,0,"def is_happy(s: str) -> bool:
    """"""
    Check if the string is happy or not:
    A string is happy if its length is at least 3 and every 3 consecutive letters are distinct.
    """"""
    if len(s) < 3:
        return False
    
    for i in range(len(s) - 2):
        if s[i] == s[i+1] or s[i] == s[i+2] or s[i+1] == s[i+2]:
            return False
    
    return True",raw_generations/HumanEval_80/constraint_guided_sample0.py,,,True,,0,,4.29,0.0,6.0,6.0,93.83892959376993,outputs\reports\static_analysis\pylint\HumanEval_80__constraint_guided__sample0__final_pylint.txt,outputs\reports\static_analysis\bandit\HumanEval_80__constraint_guided__sample0__final_bandit.json,outputs\reports\static_analysis\bandit\HumanEval_80__constraint_guided__sample0__final_bandit.stderr.txt,True,passed,8.0,-1.0,9.0,8.0,7.0,6.0,The code is readable and efficient but lacks modularity and edge case handling for very short strings could be more explicit.,,,
HumanEval/80,is_happy,structured_cot,0,"def is_happy(s: str) -> bool:
    if len(s) < 3:
        return False
    for i in range(len(s) - 2):
        if s[i] == s[i + 1] or s[i] == s[i + 2] or s[i + 1] == s[i + 2]:
            return False
    return True",raw_generations/HumanEval_80/structured_cot_sample0.py,,,True,,0,,5.71,0.0,6.0,6.0,65.86448753980045,outputs\reports\static_analysis\pylint\HumanEval_80__structured_cot__sample0__final_pylint.txt,outputs\reports\static_analysis\bandit\HumanEval_80__structured_cot__sample0__final_bandit.json,outputs\reports\static_analysis\bandit\HumanEval_80__structured_cot__sample0__final_bandit.stderr.txt,True,passed,9.0,8.0,10.0,9.0,8.0,9.0,"Clean, efficient implementation with clear logic and proper edge case handling, though could be slightly more Pythonic with early length check.",,,
HumanEval/80,is_happy,self_refine,0,"def is_happy(s: str) -> bool:
    """"""
    Check if the string is happy or not:
    A string is happy if its length is at least 3 and every 3 consecutive letters are distinct.
    """"""
    if not isinstance(s, str):
        return False
    if len(s) < 3:
        return False
    for i in range(len(s) - 2):
        if s[i] == s[i + 1] or s[i] == s[i + 2] or s[i + 1] == s[i + 2]:
            return False
    return True",raw_generations/HumanEval_80/self_refine_sample0.py,"def is_happy(s: str) -> bool:
    """"""
    Check if the string is happy or not:
    A string is happy if its length is at least 3 and every 3 consecutive letters are distinct.
    """"""
    if len(s) < 3:
        return False
    for i in range(len(s) - 2):
        if s[i] == s[i + 1] or s[i] == s[i + 2] or s[i + 1] == s[i + 2]:
            return False
    return True",raw_generations/HumanEval_80/self_refine_sample0_initial.py,True,,0,,7.78,0.0,7.0,7.0,90.7824214246322,outputs\reports\static_analysis\pylint\HumanEval_80__self_refine__sample0__final_pylint.txt,outputs\reports\static_analysis\bandit\HumanEval_80__self_refine__sample0__final_bandit.json,outputs\reports\static_analysis\bandit\HumanEval_80__self_refine__sample0__final_bandit.stderr.txt,True,passed,8.0,7.0,8.0,9.0,7.0,8.0,"The code is clear and efficient, but could be more Pythonic by using zip or sliding windows for better readability.",outputs\reports\static_analysis\pylint\HumanEval_80__self_refine__sample0__initial_pylint.txt,outputs\reports\static_analysis\bandit\HumanEval_80__self_refine__sample0__initial_bandit.json,outputs\reports\static_analysis\bandit\HumanEval_80__self_refine__sample0__initial_bandit.stderr.txt
HumanEval/81,numerical_letter_grade,zero_shot,0,"from typing import List


def numerical_letter_grade(grades: List[float]) -> List[str]:
    result = []
    for grade in grades:
        # Round to 1 decimal place with half-up rounding
        rounded = round(grade + 1e-9, 1)  # Add small epsilon for proper half-up
        
        # Check bounds
        if rounded < 0.0 or rounded > 4.0:
            result.append('')
            continue
            
        # Convert to letter grade
        if rounded == 4.0:
            result.append('A+')
        elif rounded > 3.7:
            result.append('A')
        elif rounded > 3.3:
            result.append('A-')
        elif rounded > 3.0:
            result.append('B+')
        elif rounded > 2.7:
            result.append('B')
        elif rounded > 2.3:
            result.append('B-')
        elif rounded > 2.0:
            result.append('C+')
        elif rounded > 1.7:
            result.append('C')
        elif rounded > 1.3:
            result.append('C-')
        elif rounded > 1.0:
            result.append('D+')
        elif rounded > 0.7:
            result.append('D')
        elif rounded > 0.0:
            result.append('D-')
        else:  # rounded == 0.0
            result.append('E')
    
    return result",raw_generations/HumanEval_81/zero_shot_sample0.py,,,True,,0,,7.94,0.0,16.0,16.0,68.4769322886017,outputs\reports\static_analysis\pylint\HumanEval_81__zero_shot__sample0__final_pylint.txt,outputs\reports\static_analysis\bandit\HumanEval_81__zero_shot__sample0__final_bandit.json,outputs\reports\static_analysis\bandit\HumanEval_81__zero_shot__sample0__final_bandit.stderr.txt,False,assertion_failed: ,7.0,6.0,5.0,8.0,6.0,6.0,"The code has issues with rounding logic and edge case handling, and uses a long if-elif chain that's hard to maintain.",,,
HumanEval/81,numerical_letter_grade,constraint_guided,0,"from typing import List


def numerical_letter_grade(grades: List[float]) -> List[str]:
    """"""
    Convert numerical GPAs to letter grades according to the specified scale.
    """"""
    result = []
    
    for gpa in grades:
        # Handle out of bounds
        if gpa < 0.0 or gpa > 4.0:
            result.append('')
            continue
            
        # Round to 1 decimal place with half-up rounding
        # Add small epsilon to handle floating point precision issues
        rounded_gpa = round(gpa + 1e-9, 1)
        
        # Determine letter grade based on rounded GPA
        if rounded_gpa == 4.0:
            result.append('A+')
        elif rounded_gpa >= 3.7:
            result.append('A')
        elif rounded_gpa >= 3.3:
            result.append('A-')
        elif rounded_gpa >= 3.0:
            result.append('B+')
        elif rounded_gpa >= 2.7:
            result.append('B')
        elif rounded_gpa >= 2.3:
            result.append('B-')
        elif rounded_gpa >= 2.0:
            result.append('C+')
        elif rounded_gpa >= 1.7:
            result.append('C')
        elif rounded_gpa >= 1.3:
            result.append('C-')
        elif rounded_gpa >= 1.0:
            result.append('D+')
        elif rounded_gpa >= 0.7:
            result.append('D')
        elif rounded_gpa >= 0.0:
            result.append('D-')
        else:
            # This case should not occur due to bounds check, but included for completeness
            result.append('E')
    
    return result",raw_generations/HumanEval_81/constraint_guided_sample0.py,,,True,,0,,7.94,0.0,16.0,16.0,71.99258603808711,outputs\reports\static_analysis\pylint\HumanEval_81__constraint_guided__sample0__final_pylint.txt,outputs\reports\static_analysis\bandit\HumanEval_81__constraint_guided__sample0__final_bandit.json,outputs\reports\static_analysis\bandit\HumanEval_81__constraint_guided__sample0__final_bandit.stderr.txt,False,assertion_failed: ,8.0,7.0,6.0,8.0,7.0,7.0,"The code is generally readable and efficient, but has correctness issues with rounding logic and edge cases, and could be more maintainable with a data-driven approach.",,,
HumanEval/81,numerical_letter_grade,structured_cot,0,"from typing import List

def numerical_letter_grade(grades: List[float]) -> List[str]:
    def round_half_up(n: float) -> float:
        if n < 0:
            return -round_half_up(-n)
        int_part = int(n)
        frac = n - int_part
        if frac >= 0.5:
            return int_part + 1
        return int_part + frac

    result = []
    for g in grades:
        if g < 0.0 or g > 4.0:
            result.append('')
            continue
        
        rounded = round_half_up(g * 10) / 10
        rounded = round(rounded, 1)
        
        if abs(rounded - 4.0) < 1e-6:
            result.append('A+')
        elif rounded > 3.7:
            result.append('A')
        elif rounded > 3.3:
            result.append('A-')
        elif rounded > 3.0:
            result.append('B+')
        elif rounded > 2.7:
            result.append('B')
        elif rounded > 2.3:
            result.append('B-')
        elif rounded > 2.0:
            result.append('C+')
        elif rounded > 1.7:
            result.append('C')
        elif rounded > 1.3:
            result.append('C-')
        elif rounded > 1.0:
            result.append('D+')
        elif rounded > 0.7:
            result.append('D')
        elif rounded > 0.0:
            result.append('D-')
        else:
            result.append('E')
    
    return result",raw_generations/HumanEval_81/structured_cot_sample0.py,,,True,,0,,8.37,0.0,16.0,16.0,43.95489841552418,outputs\reports\static_analysis\pylint\HumanEval_81__structured_cot__sample0__final_pylint.txt,outputs\reports\static_analysis\bandit\HumanEval_81__structured_cot__sample0__final_bandit.json,outputs\reports\static_analysis\bandit\HumanEval_81__structured_cot__sample0__final_bandit.stderr.txt,True,passed,7.0,6.0,5.0,8.0,5.0,6.0,"The code has logic issues with rounding and boundary handling, uses a custom rounding function unnecessarily, and lacks proper tolerance checks for edge cases.",,,
HumanEval/81,numerical_letter_grade,self_refine,0,"from typing import List


def numerical_letter_grade(grades: List[float]) -> List[str]:
    """"""
    Convert numerical GPAs to letter grades according to the specified scale.
    """"""
    result = []

    for gpa in grades:
        # Handle out of bounds
        if gpa < 0.0 or gpa > 4.0:
            result.append("""")
            continue

        # Round to 1 decimal place with half-up rounding
        # Use proper half-up rounding by adding small epsilon for values exactly at .05
        rounded_gpa = round(gpa + 1e-9, 1)

        # Determine letter grade based on rounded GPA
        if rounded_gpa == 4.0:
            letter = ""A+""
        elif rounded_gpa >= 3.7:
            letter = ""A""
        elif rounded_gpa >= 3.3:
            letter = ""A-""
        elif rounded_gpa >= 3.0:
            letter = ""B+""
        elif rounded_gpa >= 2.7:
            letter = ""B""
        elif rounded_gpa >= 2.3:
            letter = ""B-""
        elif rounded_gpa >= 2.0:
            letter = ""C+""
        elif rounded_gpa >= 1.7:
            letter = ""C""
        elif rounded_gpa >= 1.3:
            letter = ""C-""
        elif rounded_gpa >= 1.0:
            letter = ""D+""
        elif rounded_gpa >= 0.7:
            letter = ""D""
        elif rounded_gpa > 0.0:
            letter = ""D-""
        else:
            letter = ""E""

        result.append(letter)

    return result",raw_generations/HumanEval_81/self_refine_sample0.py,"from typing import List


def numerical_letter_grade(grades: List[float]) -> List[str]:
    """"""
    Convert numerical GPAs to letter grades according to the specified scale.
    """"""
    result = []
    
    for gpa in grades:
        # Handle out of bounds
        if gpa < 0.0 or gpa > 4.0:
            result.append("""")
            continue
        
        # Round to 1 decimal place with half-up rounding
        # Add small epsilon to handle floating point precision
        rounded_gpa = round(gpa + 1e-9, 1)
        
        # Determine letter grade based on rounded GPA
        if rounded_gpa == 4.0:
            letter = ""A+""
        elif rounded_gpa >= 3.7:
            letter = ""A""
        elif rounded_gpa >= 3.3:
            letter = ""A-""
        elif rounded_gpa >= 3.0:
            letter = ""B+""
        elif rounded_gpa >= 2.7:
            letter = ""B""
        elif rounded_gpa >= 2.3:
            letter = ""B-""
        elif rounded_gpa >= 2.0:
            letter = ""C+""
        elif rounded_gpa >= 1.7:
            letter = ""C""
        elif rounded_gpa >= 1.3:
            letter = ""C-""
        elif rounded_gpa >= 1.0:
            letter = ""D+""
        elif rounded_gpa >= 0.7:
            letter = ""D""
        elif rounded_gpa >= 0.0:
            letter = ""D-""
        else:
            letter = ""E""
        
        result.append(letter)
    
    return result",raw_generations/HumanEval_81/self_refine_sample0_initial.py,True,,0,,9.14,0.0,16.0,16.0,70.42866082419937,outputs\reports\static_analysis\pylint\HumanEval_81__self_refine__sample0__final_pylint.txt,outputs\reports\static_analysis\bandit\HumanEval_81__self_refine__sample0__final_bandit.json,outputs\reports\static_analysis\bandit\HumanEval_81__self_refine__sample0__final_bandit.stderr.txt,False,assertion_failed: ,8.0,7.0,6.0,9.0,7.0,7.0,"The code is generally readable and efficient, but has correctness issues with rounding logic and edge case handling, and could be more maintainable with a data-driven approach.",outputs\reports\static_analysis\pylint\HumanEval_81__self_refine__sample0__initial_pylint.txt,outputs\reports\static_analysis\bandit\HumanEval_81__self_refine__sample0__initial_bandit.json,outputs\reports\static_analysis\bandit\HumanEval_81__self_refine__sample0__initial_bandit.stderr.txt
