task_id,entry_point,strategy,sample_index,code,code_file,initial_code,initial_code_file,syntax_valid,syntax_error,pylint_score,bandit_issues,radon_cc_avg,radon_cc_max,radon_mi,pylint_report_file,bandit_report_file,bandit_stderr_file,passed,functional_result,llm_readability,llm_maintainability,llm_correctness,llm_efficiency,llm_pythonic_style,llm_overall_score,llm_feedback,initial_pylint_score,initial_passed,initial_functional_result,initial_pylint_report_file,initial_bandit_report_file,initial_bandit_stderr_file,refinement_changed
HumanEval/0,has_close_elements,zero_shot,0,"from typing import List


def has_close_elements(numbers: List[float], threshold: float) -> bool:
    numbers = sorted(numbers)
    for i in range(len(numbers) - 1):
        if numbers[i + 1] - numbers[i] < threshold:
            return True
    return False",raw_generations/HumanEval_0/zero_shot_sample0.py,,,True,,5.71,0,3.0,3,69.95433047022944,outputs_grok_prompt_v3\reports\static_analysis\pylint\HumanEval_0__zero_shot__sample0__final_pylint.txt,outputs_grok_prompt_v3\reports\static_analysis\bandit\HumanEval_0__zero_shot__sample0__final_bandit.json,outputs_grok_prompt_v3\reports\static_analysis\bandit\HumanEval_0__zero_shot__sample0__final_bandit.stderr.txt,True,passed,8.0,7.0,6.0,8.0,7.0,7.0,"The code is generally clean and efficient but fails to handle edge cases properly (e.g., negative threshold, empty list).",,,,,,,
HumanEval/0,has_close_elements,constraint_guided,0,"""""""Utility for detecting close numerical elements.""""""

from typing import List


def has_close_elements(numbers: List[float], threshold: float) -> bool:
    """"""
    Check if in a given list of numbers, there are any two numbers closer to each other than
    the given threshold.

    Examples:
        >>> has_close_elements([1.0, 2.0, 3.0], 0.5)
        False
        >>> has_close_elements([1.0, 2.8, 3.0, 4.0, 5.0, 2.0], 0.3)
        True
    """"""
    if len(numbers) < 2:
        return False

    sorted_numbers = sorted(numbers)
    for i in range(1, len(sorted_numbers)):
        if sorted_numbers[i] - sorted_numbers[i - 1] < threshold:
            return True
    return False",raw_generations/HumanEval_0/constraint_guided_sample0.py,,,True,,8.89,0,4.0,4,91.18017487620841,outputs_grok_prompt_v3\reports\static_analysis\pylint\HumanEval_0__constraint_guided__sample0__final_pylint.txt,outputs_grok_prompt_v3\reports\static_analysis\bandit\HumanEval_0__constraint_guided__sample0__final_bandit.json,outputs_grok_prompt_v3\reports\static_analysis\bandit\HumanEval_0__constraint_guided__sample0__final_bandit.stderr.txt,True,passed,8.0,7.0,6.0,8.0,7.0,7.0,"The code is readable and efficient but fails to handle all pairs correctly due to sorting, and lacks edge case handling for negative thresholds.",,,,,,,
HumanEval/0,has_close_elements,structured_cot,0,"""""""Utility for checking proximity of numeric values.""""""

from typing import List


def has_close_elements(numbers: List[float], threshold: float) -> bool:
    """"""
    Check if in a given list of numbers, there are any two numbers closer to each other than
    the given threshold.

    Examples:
        >>> has_close_elements([1.0, 2.0, 3.0], 0.5)
        False
        >>> has_close_elements([1.0, 2.8, 3.0, 4.0, 5.0, 2.0], 0.3)
        True
    """"""
    if len(numbers) < 2:
        return False
    sorted_numbers = sorted(numbers)
    for i in range(len(sorted_numbers) - 1):
        if sorted_numbers[i + 1] - sorted_numbers[i] < threshold:
            return True
    return False",raw_generations/HumanEval_0/structured_cot_sample0.py,,,True,,8.89,0,4.0,4,90.26988233992525,outputs_grok_prompt_v3\reports\static_analysis\pylint\HumanEval_0__structured_cot__sample0__final_pylint.txt,outputs_grok_prompt_v3\reports\static_analysis\bandit\HumanEval_0__structured_cot__sample0__final_bandit.json,outputs_grok_prompt_v3\reports\static_analysis\bandit\HumanEval_0__structured_cot__sample0__final_bandit.stderr.txt,True,passed,9.0,8.0,9.0,8.0,8.0,8.0,"Clean and efficient implementation with good readability, though could be slightly more Pythonic with enumerate and zip usage.",,,,,,,
HumanEval/0,has_close_elements,self_refine,0,"""""""Check for close numerical elements in lists.""""""

from typing import List


def has_close_elements(numbers: List[float], threshold: float) -> bool:
    """"""
    Check if in a given list of numbers, there are any two numbers closer to each other than
    the given threshold.

    Examples:
        >>> has_close_elements([1.0, 2.0, 3.0], 0.5)
        False
        >>> has_close_elements([1.0, 2.8, 3.0, 4.0, 5.0, 2.0], 0.3)
        True
    """"""
    sorted_numbers = sorted(numbers)
    for previous, current in zip(sorted_numbers, sorted_numbers[1:]):
        if current - previous < threshold:
            return True
    return False",raw_generations/HumanEval_0/self_refine_sample0.py,"""""""Check for close numerical elements in lists.""""""

from typing import List


def has_close_elements(numbers: List[float], threshold: float) -> bool:
    """"""
    Check if in a given list of numbers, there are any two numbers closer to each other than
    the given threshold.

    Examples:
        >>> has_close_elements([1.0, 2.0, 3.0], 0.5)
        False
        >>> has_close_elements([1.0, 2.8, 3.0, 4.0, 5.0, 2.0], 0.3)
        True
    """"""
    sorted_numbers = sorted(numbers)
    for previous, current in zip(sorted_numbers, sorted_numbers[1:]):
        if current - previous < threshold:
            return True
    return False",raw_generations/HumanEval_0/self_refine_sample0_initial.py,True,,8.57,0,3.0,3,91.25729365186112,outputs_grok_prompt_v3\reports\static_analysis\pylint\HumanEval_0__self_refine__sample0__final_pylint.txt,outputs_grok_prompt_v3\reports\static_analysis\bandit\HumanEval_0__self_refine__sample0__final_bandit.json,outputs_grok_prompt_v3\reports\static_analysis\bandit\HumanEval_0__self_refine__sample0__final_bandit.stderr.txt,True,passed,8.0,7.0,6.0,7.0,8.0,7.0,The code is readable and Pythonic but fails to handle negative thresholds correctly and lacks edge case validation.,8.57,True,passed,outputs_grok_prompt_v3\reports\static_analysis\pylint\HumanEval_0__self_refine__sample0__initial_pylint.txt,outputs_grok_prompt_v3\reports\static_analysis\bandit\HumanEval_0__self_refine__sample0__initial_bandit.json,outputs_grok_prompt_v3\reports\static_analysis\bandit\HumanEval_0__self_refine__sample0__initial_bandit.stderr.txt,False
HumanEval/1,separate_paren_groups,zero_shot,0,"def separate_paren_groups(paren_string: str) -> List[str]:
    groups = []
    current_group = []
    balance = 0
    for char in paren_string:
        if char == ""("":
            balance += 1
            current_group.append(char)
        elif char == "")"" and balance > 0:
            balance -= 1
            current_group.append(char)
            if balance == 0:
                groups.append("""".join(current_group))
                current_group = []
    return groups",raw_generations/HumanEval_1/zero_shot_sample0.py,,,True,,4.67,0,6.0,6,60.30065582354828,outputs_grok_prompt_v3\reports\static_analysis\pylint\HumanEval_1__zero_shot__sample0__final_pylint.txt,outputs_grok_prompt_v3\reports\static_analysis\bandit\HumanEval_1__zero_shot__sample0__final_bandit.json,outputs_grok_prompt_v3\reports\static_analysis\bandit\HumanEval_1__zero_shot__sample0__final_bandit.stderr.txt,False,assertion_failed: ,7.0,6.0,4.0,8.0,7.0,5.0,"The code fails to handle invalid characters correctly and doesn't match the example outputs, showing logic errors in edge case handling.",,,,,,,
HumanEval/1,separate_paren_groups,constraint_guided,0,"""""""Separate groups of nested parentheses from a string.""""""

from typing import List


def separate_paren_groups(paren_string: str) -> List[str]:
    """"""
    Input to this function is a string possibly containing multiple groups of nested parentheses.
    Your goal is to separate those groups into separate strings and return the list of those.
    Ignore anything other than ""("" and "")"" in the input string.

    Examples:
        >>> seperate_paren_groups('(()())')
        ['(()())']
        >>> separate_paren_groups('()(())')
        ['()', '(())']
        >>> separate_paren_groups(')( [) (( ))] (({})( ))')
        ['()', '(())', '(()())']
    """"""
    groups: List[str] = []
    current_chars: List[str] = []
    balance = 0
    for char in paren_string:
        if char == ""("":
            balance += 1
            current_chars.append(char)
        elif char == "")"":
            if balance > 0:
                balance -= 1
                current_chars.append(char)
                if balance == 0:
                    groups.append("""".join(current_chars))
                    current_chars = []
    return groups",raw_generations/HumanEval_1/constraint_guided_sample0.py,,,True,,9.41,0,6.0,6,86.72770580780998,outputs_grok_prompt_v3\reports\static_analysis\pylint\HumanEval_1__constraint_guided__sample0__final_pylint.txt,outputs_grok_prompt_v3\reports\static_analysis\bandit\HumanEval_1__constraint_guided__sample0__final_bandit.json,outputs_grok_prompt_v3\reports\static_analysis\bandit\HumanEval_1__constraint_guided__sample0__final_bandit.stderr.txt,False,assertion_failed: ,8.0,7.0,4.0,9.0,7.0,5.0,"The code has a critical correctness issue: it incorrectly handles unmatched opening parentheses and fails to ignore non-parenthesis characters as specified, leading to wrong outputs for the provided examples.",,,,,,,
HumanEval/1,separate_paren_groups,structured_cot,0,"from typing import List


def separate_paren_groups(paren_string: str) -> List[str]:
    """"""
    Input to this function is a string possibly containing multiple groups of nested parentheses.
    Your goal is to separate those groups into separate strings and return the list of those.
    Ignore anything other than ""("" and "")"" in the input string.

    Examples:
        >>> seperate_paren_groups('(()())')
        ['(()())']
        >>> separate_paren_groups('()(())')
        ['()', '(())']
        >>> separate_paren_groups(')( [) (( ))] (({})( ))')
        ['()', '(())', '(()())']
    """"""
    groups = []
    current = []
    depth = 0
    for char in paren_string:
        if char == ""("":
            depth += 1
            current.append(char)
        elif char == "")"":
            depth -= 1
            current.append(char)
            if depth == 0:
                groups.append("""".join(current))
                current = []
    return groups",raw_generations/HumanEval_1/structured_cot_sample0.py,,,True,,8.75,0,5.0,5,89.25451992269937,outputs_grok_prompt_v3\reports\static_analysis\pylint\HumanEval_1__structured_cot__sample0__final_pylint.txt,outputs_grok_prompt_v3\reports\static_analysis\bandit\HumanEval_1__structured_cot__sample0__final_bandit.json,outputs_grok_prompt_v3\reports\static_analysis\bandit\HumanEval_1__structured_cot__sample0__final_bandit.stderr.txt,False,assertion_failed: ,-1.0,-1.0,-1.0,-1.0,-1.0,-1.0,The code is fundamentally incorrect as it fails to ignore non-parenthesis characters and produces wrong results for the given examples.,,,,,,,
HumanEval/1,separate_paren_groups,self_refine,0,"""""""Separate groups of nested parentheses from a string.""""""

from typing import List


def separate_paren_groups(paren_string: str) -> List[str]:
    """"""
    Input to this function is a string possibly containing multiple groups of nested parentheses.
    Your goal is to separate those groups into separate strings and return the list of those.
    Ignore anything other than ""("" and "")"" in the input string.

    Examples:
        >>> seperate_paren_groups('(()())')
        ['(()())']
        >>> separate_paren_groups('()(())')
        ['()', '(())']
        >>> separate_paren_groups(')( [) (( ))] (({})( ))')
        ['()', '(())', '(()())']
    """"""
    groups: List[str] = []
    current_group = """"
    depth = 0

    for char in paren_string:
        if char == ""("":
            current_group += char
            depth += 1
        elif char == "")"" and depth > 0:
            current_group += char
            depth -= 1
            if depth == 0:
                groups.append(current_group)
                current_group = """"

    return groups",raw_generations/HumanEval_1/self_refine_sample0.py,"""""""Separate groups of nested parentheses from a string.""""""

from typing import List


def separate_paren_groups(paren_string: str) -> List[str]:
    """"""
    Input to this function is a string possibly containing multiple groups of nested parentheses.
    Your goal is to separate those groups into separate strings and return the list of those.
    Ignore anything other than ""("" and "")"" in the input string.

    Examples:
        >>> seperate_paren_groups('(()())')
        ['(()())']
        >>> separate_paren_groups('()(())')
        ['()', '(())']
        >>> separate_paren_groups(')( [) (( ))] (({})( ))')
        ['()', '(())', '(()())']
    """"""
    groups: List[str] = []
    current_group = """"
    depth = 0

    for char in paren_string:
        if char == ""("":
            current_group += char
            depth += 1
        elif char == "")"" and depth > 0:
            current_group += char
            depth -= 1
            if depth == 0:
                groups.append(current_group)
                current_group = """"

    return groups",raw_generations/HumanEval_1/self_refine_sample0_initial.py,True,,9.38,0,6.0,6,85.72169818796229,outputs_grok_prompt_v3\reports\static_analysis\pylint\HumanEval_1__self_refine__sample0__final_pylint.txt,outputs_grok_prompt_v3\reports\static_analysis\bandit\HumanEval_1__self_refine__sample0__final_bandit.json,outputs_grok_prompt_v3\reports\static_analysis\bandit\HumanEval_1__self_refine__sample0__final_bandit.stderr.txt,False,assertion_failed: ,8.0,7.0,4.0,9.0,8.0,6.0,"The code is readable and efficient but fails to correctly handle the examples, particularly ignoring non-parenthesis characters and mismatched parentheses.",9.38,False,assertion_failed: ,outputs_grok_prompt_v3\reports\static_analysis\pylint\HumanEval_1__self_refine__sample0__initial_pylint.txt,outputs_grok_prompt_v3\reports\static_analysis\bandit\HumanEval_1__self_refine__sample0__initial_bandit.json,outputs_grok_prompt_v3\reports\static_analysis\bandit\HumanEval_1__self_refine__sample0__initial_bandit.stderr.txt,False
HumanEval/2,truncate_number,zero_shot,0,"def truncate_number(number: float) -> float:
    return number % 1",raw_generations/HumanEval_2/zero_shot_sample0.py,,,True,,0.0,0,1.0,1,88.5574946685516,outputs_grok_prompt_v3\reports\static_analysis\pylint\HumanEval_2__zero_shot__sample0__final_pylint.txt,outputs_grok_prompt_v3\reports\static_analysis\bandit\HumanEval_2__zero_shot__sample0__final_bandit.json,outputs_grok_prompt_v3\reports\static_analysis\bandit\HumanEval_2__zero_shot__sample0__final_bandit.stderr.txt,True,passed,9.0,9.0,10.0,10.0,10.0,9.0,"Excellent implementation: concise, correct, and perfectly Pythonic for the given task.",,,,,,,
HumanEval/2,truncate_number,constraint_guided,0,"""""""Utility module for number truncation operations.""""""

def truncate_number(number: float) -> float:
    """"""
    Given a positive floating point number, it can be decomposed into
    and integer part (largest integer smaller than given number) and decimals
    (leftover part always smaller than 1).
    Return the decimal part of the number.

    Example:
        >>> truncate_number(3.5)
        0.5
    """"""
    decimal_part = number - int(number)
    return decimal_part",raw_generations/HumanEval_2/constraint_guided_sample0.py,,,True,,6.67,0,1.0,1,67.2282958961562,outputs_grok_prompt_v3\reports\static_analysis\pylint\HumanEval_2__constraint_guided__sample0__final_pylint.txt,outputs_grok_prompt_v3\reports\static_analysis\bandit\HumanEval_2__constraint_guided__sample0__final_bandit.json,outputs_grok_prompt_v3\reports\static_analysis\bandit\HumanEval_2__constraint_guided__sample0__final_bandit.stderr.txt,True,passed,9.0,9.0,8.0,9.0,8.0,8.0,Clean and simple implementation but lacks handling for negative numbers and potential floating-point precision issues.,,,,,,,
HumanEval/2,truncate_number,structured_cot,0,"""""""Utility for extracting the fractional part of a positive float.""""""

def truncate_number(number: float) -> float:
    """"""
    Given a positive floating point number, it can be decomposed into
    and integer part (largest integer smaller than given number) and decimals
    (leftover part always smaller than 1).
    Return the decimal part of the number.

    Example:
        >>> truncate_number(3.5)
        0.5
    """"""
    return number % 1",raw_generations/HumanEval_2/structured_cot_sample0.py,,,True,,5.0,0,1.0,1,54.20654705106535,outputs_grok_prompt_v3\reports\static_analysis\pylint\HumanEval_2__structured_cot__sample0__final_pylint.txt,outputs_grok_prompt_v3\reports\static_analysis\bandit\HumanEval_2__structured_cot__sample0__final_bandit.json,outputs_grok_prompt_v3\reports\static_analysis\bandit\HumanEval_2__structured_cot__sample0__final_bandit.stderr.txt,True,passed,9.0,9.0,10.0,10.0,10.0,9.0,"Clean, efficient, and idiomatic solution using the modulo operator; handles edge cases well but could benefit from explicit input validation for non-positive numbers.",,,,,,,
HumanEval/2,truncate_number,self_refine,0,"""""""Utility for extracting the decimal portion of positive floats.""""""

def truncate_number(number: float) -> float:
    """"""
    Given a positive floating point number, it can be decomposed into
    and integer part (largest integer smaller than given number) and decimals
    (leftover part always smaller than 1).
    Return the decimal part of the number.

    Example:
        >>> truncate_number(3.5)
        0.5
    """"""
    return number % 1",raw_generations/HumanEval_2/self_refine_sample0.py,"""""""Utility for extracting the decimal portion of positive floats.""""""

def truncate_number(number: float) -> float:
    """"""
    Given a positive floating point number, it can be decomposed into
    and integer part (largest integer smaller than given number) and decimals
    (leftover part always smaller than 1).
    Return the decimal part of the number.

    Example:
        >>> truncate_number(3.5)
        0.5
    """"""
    return number % 1",raw_generations/HumanEval_2/self_refine_sample0_initial.py,True,,5.0,0,1.0,1,54.20654705106535,outputs_grok_prompt_v3\reports\static_analysis\pylint\HumanEval_2__self_refine__sample0__final_pylint.txt,outputs_grok_prompt_v3\reports\static_analysis\bandit\HumanEval_2__self_refine__sample0__final_bandit.json,outputs_grok_prompt_v3\reports\static_analysis\bandit\HumanEval_2__self_refine__sample0__final_bandit.stderr.txt,True,passed,9.0,9.0,10.0,10.0,10.0,9.0,"Excellent implementation that is clean, efficient, and perfectly solves the problem using Python's modulo operator.",5.0,True,passed,outputs_grok_prompt_v3\reports\static_analysis\pylint\HumanEval_2__self_refine__sample0__initial_pylint.txt,outputs_grok_prompt_v3\reports\static_analysis\bandit\HumanEval_2__self_refine__sample0__initial_bandit.json,outputs_grok_prompt_v3\reports\static_analysis\bandit\HumanEval_2__self_refine__sample0__initial_bandit.stderr.txt,False
HumanEval/3,below_zero,zero_shot,0,"def below_zero(operations: List[int]) -> bool:
    balance = 0
    for op in operations:
        balance += op
        if balance < 0:
            return True
    return False",raw_generations/HumanEval_3/zero_shot_sample0.py,,,True,,0.0,0,3.0,3,73.15124981438153,outputs_grok_prompt_v3\reports\static_analysis\pylint\HumanEval_3__zero_shot__sample0__final_pylint.txt,outputs_grok_prompt_v3\reports\static_analysis\bandit\HumanEval_3__zero_shot__sample0__final_bandit.json,outputs_grok_prompt_v3\reports\static_analysis\bandit\HumanEval_3__zero_shot__sample0__final_bandit.stderr.txt,True,passed,9.0,8.0,10.0,10.0,9.0,9.0,"Clean, efficient implementation that correctly solves the problem with good readability and Pythonic style.",,,,,,,
HumanEval/3,below_zero,constraint_guided,0,"""""""Utilities for monitoring bank account balances.""""""

from typing import List


def below_zero(operations: List[int]) -> bool:
    """"""
    You're given a list of deposit and withdrawal operations on a bank account that starts with
    zero balance. Your task is to detect if at any point the balance of account falls below zero, and
    at that point function should return True. Otherwise it should return False.

    Examples:
        >>> below_zero([1, 2, 3])
        False
        >>> below_zero([1, 2, -4, 5])
        True
    """"""
    current_balance = 0
    for operation in operations:
        current_balance += operation
        if current_balance < 0:
            return True
    return False",raw_generations/HumanEval_3/constraint_guided_sample0.py,,,True,,7.5,0,3.0,3,91.2490048981186,outputs_grok_prompt_v3\reports\static_analysis\pylint\HumanEval_3__constraint_guided__sample0__final_pylint.txt,outputs_grok_prompt_v3\reports\static_analysis\bandit\HumanEval_3__constraint_guided__sample0__final_bandit.json,outputs_grok_prompt_v3\reports\static_analysis\bandit\HumanEval_3__constraint_guided__sample0__final_bandit.stderr.txt,True,passed,9.0,9.0,10.0,10.0,9.0,9.0,"Clean, efficient implementation with proper early termination and clear logic.",,,,,,,
HumanEval/3,below_zero,structured_cot,0,"""""""Utility for detecting negative bank account balances.""""""

from typing import List


def below_zero(operations: List[int]) -> bool:
    """"""
    You're given a list of deposit and withdrawal operations on a bank account that starts with
    zero balance. Your task is to detect if at any point the balance of account falls below zero, and
    at that point function should return True. Otherwise it should return False.

    Examples:
        >>> below_zero([1, 2, 3])
        False
        >>> below_zero([1, 2, -4, 5])
        True
    """"""
    balance = 0
    for op in operations:
        balance += op
        if balance < 0:
            return True
    return False",raw_generations/HumanEval_3/structured_cot_sample0.py,,,True,,7.5,0,3.0,3,91.2490048981186,outputs_grok_prompt_v3\reports\static_analysis\pylint\HumanEval_3__structured_cot__sample0__final_pylint.txt,outputs_grok_prompt_v3\reports\static_analysis\bandit\HumanEval_3__structured_cot__sample0__final_bandit.json,outputs_grok_prompt_v3\reports\static_analysis\bandit\HumanEval_3__structured_cot__sample0__final_bandit.stderr.txt,True,passed,9.0,9.0,10.0,10.0,9.0,9.0,"Clean, efficient implementation with proper early termination and clear logic.",,,,,,,
HumanEval/3,below_zero,self_refine,0,"""""""Detects negative bank account balances from operations.""""""

from typing import List


def below_zero(operations: List[int]) -> bool:
    """"""
    You're given a list of deposit and withdrawal operations on a bank account that starts with
    zero balance. Your task is to detect if at any point the balance of account falls below zero, and
    at that point function should return True. Otherwise it should return False.

    Examples:
        >>> below_zero([1, 2, 3])
        False
        >>> below_zero([1, 2, -4, 5])
        True
    """"""
    current_balance = 0
    for amount in operations:
        current_balance += amount
        if current_balance < 0:
            return True
    return False",raw_generations/HumanEval_3/self_refine_sample0.py,"""""""Detects negative bank account balances from operations.""""""

from typing import List


def below_zero(operations: List[int]) -> bool:
    """"""
    You're given a list of deposit and withdrawal operations on a bank account that starts with
    zero balance. Your task is to detect if at any point the balance of account falls below zero, and
    at that point function should return True. Otherwise it should return False.

    Examples:
        >>> below_zero([1, 2, 3])
        False
        >>> below_zero([1, 2, -4, 5])
        True
    """"""
    current_balance = 0
    for amount in operations:
        current_balance += amount
        if current_balance < 0:
            return True
    return False",raw_generations/HumanEval_3/self_refine_sample0_initial.py,True,,7.5,0,3.0,3,91.2490048981186,outputs_grok_prompt_v3\reports\static_analysis\pylint\HumanEval_3__self_refine__sample0__final_pylint.txt,outputs_grok_prompt_v3\reports\static_analysis\bandit\HumanEval_3__self_refine__sample0__final_bandit.json,outputs_grok_prompt_v3\reports\static_analysis\bandit\HumanEval_3__self_refine__sample0__final_bandit.stderr.txt,True,passed,9.0,9.0,10.0,10.0,9.0,9.0,"Excellent implementation with clear logic, proper type hints, and efficient early return pattern.",7.5,True,passed,outputs_grok_prompt_v3\reports\static_analysis\pylint\HumanEval_3__self_refine__sample0__initial_pylint.txt,outputs_grok_prompt_v3\reports\static_analysis\bandit\HumanEval_3__self_refine__sample0__initial_bandit.json,outputs_grok_prompt_v3\reports\static_analysis\bandit\HumanEval_3__self_refine__sample0__initial_bandit.stderr.txt,False
HumanEval/4,mean_absolute_deviation,zero_shot,0,"def mean_absolute_deviation(numbers: List[float]) -> float:
    mean = sum(numbers) / len(numbers)
    return sum(abs(x - mean) for x in numbers) / len(numbers)",raw_generations/HumanEval_4/zero_shot_sample0.py,,,True,,0.0,0,2.0,2,79.30066036278018,outputs_grok_prompt_v3\reports\static_analysis\pylint\HumanEval_4__zero_shot__sample0__final_pylint.txt,outputs_grok_prompt_v3\reports\static_analysis\bandit\HumanEval_4__zero_shot__sample0__final_bandit.json,outputs_grok_prompt_v3\reports\static_analysis\bandit\HumanEval_4__zero_shot__sample0__final_bandit.stderr.txt,True,passed,9.0,9.0,8.0,9.0,9.0,9.0,"Clean, efficient implementation with minor edge case consideration needed.",,,,,,,
HumanEval/4,mean_absolute_deviation,constraint_guided,0,"""""""Compute mean absolute deviation for a list of numbers.""""""

from typing import List


def mean_absolute_deviation(numbers: List[float]) -> float:
    """"""
    For a given list of input numbers, calculate Mean Absolute Deviation
    around the mean of this dataset.
    Mean Absolute Deviation is the average absolute difference between each
    element and a centerpoint (mean in this case):
    MAD = average | x - x_mean |

    Example:
        >>> mean_absolute_deviation([1.0, 2.0, 3.0, 4.0])
        1.0
    """"""
    if not numbers:
        return 0.0

    mean_value = sum(numbers) / len(numbers)
    absolute_deviations = [abs(value - mean_value) for value in numbers]
    return sum(absolute_deviations) / len(absolute_deviations)",raw_generations/HumanEval_4/constraint_guided_sample0.py,,,True,,8.57,0,3.0,3,85.88037162846732,outputs_grok_prompt_v3\reports\static_analysis\pylint\HumanEval_4__constraint_guided__sample0__final_pylint.txt,outputs_grok_prompt_v3\reports\static_analysis\bandit\HumanEval_4__constraint_guided__sample0__final_bandit.json,outputs_grok_prompt_v3\reports\static_analysis\bandit\HumanEval_4__constraint_guided__sample0__final_bandit.stderr.txt,True,passed,9.0,9.0,8.0,8.0,9.0,8.0,"Clean, readable, and efficient code with good error handling for empty lists, though returning 0.0 for empty input may be debatable.",,,,,,,
HumanEval/4,mean_absolute_deviation,structured_cot,0,"from typing import List


def mean_absolute_deviation(numbers: List[float]) -> float:
    """"""
    For a given list of input numbers, calculate Mean Absolute Deviation
    around the mean of this dataset.
    Mean Absolute Deviation is the average absolute difference between each
    element and a centerpoint (mean in this case):
    MAD = average | x - x_mean |

    Example:
        >>> mean_absolute_deviation([1.0, 2.0, 3.0, 4.0])
        1.0
    """"""
    mean = sum(numbers) / len(numbers)
    return sum(abs(x - mean) for x in numbers) / len(numbers)",raw_generations/HumanEval_4/structured_cot_sample0.py,,,True,,5.0,0,2.0,2,70.53597186424543,outputs_grok_prompt_v3\reports\static_analysis\pylint\HumanEval_4__structured_cot__sample0__final_pylint.txt,outputs_grok_prompt_v3\reports\static_analysis\bandit\HumanEval_4__structured_cot__sample0__final_bandit.json,outputs_grok_prompt_v3\reports\static_analysis\bandit\HumanEval_4__structured_cot__sample0__final_bandit.stderr.txt,True,passed,9.0,9.0,8.0,9.0,9.0,9.0,"Clean, efficient, and Pythonic implementation with minor edge-case handling omission.",,,,,,,
HumanEval/4,mean_absolute_deviation,self_refine,0,"""""""Calculate mean absolute deviation for a dataset.""""""

from typing import List


def mean_absolute_deviation(numbers: List[float]) -> float:
    """"""
    For a given list of input numbers, calculate Mean Absolute Deviation
    around the mean of this dataset.
    Mean Absolute Deviation is the average absolute difference between each
    element and a centerpoint (mean in this case):
    MAD = average | x - x_mean |

    Example:
        >>> mean_absolute_deviation([1.0, 2.0, 3.0, 4.0])
        1.0
    """"""
    if not numbers:
        return 0.0

    dataset_mean = sum(numbers) / len(numbers)
    total_absolute_deviation = sum(abs(number - dataset_mean) for number in numbers)
    return total_absolute_deviation / len(numbers)",raw_generations/HumanEval_4/self_refine_sample0.py,"""""""Calculate mean absolute deviation for a dataset.""""""

from typing import List


def mean_absolute_deviation(numbers: List[float]) -> float:
    """"""
    For a given list of input numbers, calculate Mean Absolute Deviation
    around the mean of this dataset.
    Mean Absolute Deviation is the average absolute difference between each
    element and a centerpoint (mean in this case):
    MAD = average | x - x_mean |

    Example:
        >>> mean_absolute_deviation([1.0, 2.0, 3.0, 4.0])
        1.0
    """"""
    if not numbers:
        return 0.0

    dataset_mean = sum(numbers) / len(numbers)
    total_absolute_deviation = sum(abs(number - dataset_mean) for number in numbers)
    return total_absolute_deviation / len(numbers)",raw_generations/HumanEval_4/self_refine_sample0_initial.py,True,,8.57,0,3.0,3,85.88037162846732,outputs_grok_prompt_v3\reports\static_analysis\pylint\HumanEval_4__self_refine__sample0__final_pylint.txt,outputs_grok_prompt_v3\reports\static_analysis\bandit\HumanEval_4__self_refine__sample0__final_bandit.json,outputs_grok_prompt_v3\reports\static_analysis\bandit\HumanEval_4__self_refine__sample0__final_bandit.stderr.txt,True,passed,9.0,8.0,7.0,9.0,9.0,8.0,"The code is clean and efficient, but it incorrectly returns 0.0 for an empty list instead of raising an error or handling it as undefined.",8.57,True,passed,outputs_grok_prompt_v3\reports\static_analysis\pylint\HumanEval_4__self_refine__sample0__initial_pylint.txt,outputs_grok_prompt_v3\reports\static_analysis\bandit\HumanEval_4__self_refine__sample0__initial_bandit.json,outputs_grok_prompt_v3\reports\static_analysis\bandit\HumanEval_4__self_refine__sample0__initial_bandit.stderr.txt,False
HumanEval/5,intersperse,zero_shot,0,"def intersperse(numbers: List[int], delimeter: int) -> List[int]:
    if not numbers:
        return []
    result = []
    for num in numbers[:-1]:
        result.append(num)
        result.append(delimeter)
    result.append(numbers[-1])
    return result",raw_generations/HumanEval_5/zero_shot_sample0.py,,,True,,0.0,0,3.0,3,71.22423816857055,outputs_grok_prompt_v3\reports\static_analysis\pylint\HumanEval_5__zero_shot__sample0__final_pylint.txt,outputs_grok_prompt_v3\reports\static_analysis\bandit\HumanEval_5__zero_shot__sample0__final_bandit.json,outputs_grok_prompt_v3\reports\static_analysis\bandit\HumanEval_5__zero_shot__sample0__final_bandit.stderr.txt,True,passed,8.0,7.0,9.0,8.0,7.0,8.0,The code is clear and correct but could be more Pythonic using list comprehension or itertools.chain.,,,,,,,
HumanEval/5,intersperse,constraint_guided,0,"""""""Utility module for list operations including element interspersion.""""""

from typing import List


def intersperse(numbers: List[int], delimeter: int) -> List[int]:
    """"""
    Insert a number 'delimeter' between every two consecutive elements of input list `numbers'

    Example:
        >>> intersperse([1, 2, 3], 4)
        [1, 4, 2, 4, 3]
    """"""
    if len(numbers) <= 1:
        return list(numbers)

    result: List[int] = []
    for index, value in enumerate(numbers):
        if index > 0:
            result.append(delimeter)
        result.append(value)
    return result",raw_generations/HumanEval_5/constraint_guided_sample0.py,,,True,,9.0,0,4.0,4,96.04847156915707,outputs_grok_prompt_v3\reports\static_analysis\pylint\HumanEval_5__constraint_guided__sample0__final_pylint.txt,outputs_grok_prompt_v3\reports\static_analysis\bandit\HumanEval_5__constraint_guided__sample0__final_bandit.json,outputs_grok_prompt_v3\reports\static_analysis\bandit\HumanEval_5__constraint_guided__sample0__final_bandit.stderr.txt,True,passed,8.0,8.0,9.0,7.0,7.0,8.0,Code is clear and correct but could be more Pythonic with list comprehension or itertools.chain.,,,,,,,
HumanEval/5,intersperse,structured_cot,0,"""""""
Insert a delimiter between every pair of consecutive elements in a list.
""""""

from typing import List


def intersperse(numbers: List[int], delimeter: int) -> List[int]:
    """"""
    Insert a number 'delimeter' between every two consecutive elements of input list `numbers'

    Example:
        >>> intersperse([1, 2, 3], 4)
        [1, 4, 2, 4, 3]
    """"""
    if not numbers:
        return []
    result = []
    for n in numbers:
        result.extend([n, delimeter])
    return result[:-1]",raw_generations/HumanEval_5/structured_cot_sample0.py,,,True,,8.75,0,3.0,3,94.23467824958837,outputs_grok_prompt_v3\reports\static_analysis\pylint\HumanEval_5__structured_cot__sample0__final_pylint.txt,outputs_grok_prompt_v3\reports\static_analysis\bandit\HumanEval_5__structured_cot__sample0__final_bandit.json,outputs_grok_prompt_v3\reports\static_analysis\bandit\HumanEval_5__structured_cot__sample0__final_bandit.stderr.txt,True,passed,8.0,7.0,9.0,8.0,7.0,7.0,The code is clear and functional but could be more Pythonic and maintainable with better handling of edge cases and a more elegant solution.,,,,,,,
HumanEval/5,intersperse,self_refine,0,"""""""Utility functions for list manipulation.""""""

from typing import List


def intersperse(numbers: List[int], delimeter: int) -> List[int]:
    """"""
    Insert a number 'delimeter' between every two consecutive elements of input list `numbers'

    Example:
        >>> intersperse([1, 2, 3], 4)
        [1, 4, 2, 4, 3]
    """"""
    if not numbers:
        return []
    result = []
    for num in numbers:
        if result:
            result.append(delimeter)
        result.append(num)
    return result",raw_generations/HumanEval_5/self_refine_sample0.py,"""""""Utility functions for list manipulation.""""""

from typing import List


def intersperse(numbers: List[int], delimeter: int) -> List[int]:
    """"""
    Insert a number 'delimeter' between every two consecutive elements of input list `numbers'

    Example:
        >>> intersperse([1, 2, 3], 4)
        [1, 4, 2, 4, 3]
    """"""
    if not numbers:
        return []
    result = []
    for num in numbers:
        if result:
            result.append(delimeter)
        result.append(num)
    return result",raw_generations/HumanEval_5/self_refine_sample0_initial.py,True,,9.0,0,4.0,4,100.0,outputs_grok_prompt_v3\reports\static_analysis\pylint\HumanEval_5__self_refine__sample0__final_pylint.txt,outputs_grok_prompt_v3\reports\static_analysis\bandit\HumanEval_5__self_refine__sample0__final_bandit.json,outputs_grok_prompt_v3\reports\static_analysis\bandit\HumanEval_5__self_refine__sample0__final_bandit.stderr.txt,True,passed,9.0,8.0,9.0,8.0,7.0,8.0,"The code is clear and functional, but could be more Pythonic using list comprehension or itertools.chain, and the docstring has a typo ('delimeter' vs 'delimiter').",9.0,True,passed,outputs_grok_prompt_v3\reports\static_analysis\pylint\HumanEval_5__self_refine__sample0__initial_pylint.txt,outputs_grok_prompt_v3\reports\static_analysis\bandit\HumanEval_5__self_refine__sample0__initial_bandit.json,outputs_grok_prompt_v3\reports\static_analysis\bandit\HumanEval_5__self_refine__sample0__initial_bandit.stderr.txt,False
HumanEval/6,parse_nested_parens,zero_shot,0,"from typing import List

def parse_nested_parens(paren_string: str) -> List[int]:
    def max_nesting(s: str) -> int:
        max_d = cur = 0
        for c in s:
            if c == '(':
                cur += 1
                if cur > max_d:
                    max_d = cur
            elif c == ')':
                cur -= 1
                if cur < 0:
                    return 0
        return max_d if cur == 0 else 0

    result = []
    i = 0
    n = len(paren_string)
    while i < n:
        if paren_string[i] in '()':
            j = i
            while j < n and paren_string[j] in '()':
                j += 1
            depth = max_nesting(paren_string[i:j])
            if depth > 0:
                result.append(depth)
            i = j
        else:
            i += 1
    return result",raw_generations/HumanEval_6/zero_shot_sample0.py,,,True,,8.57,0,6.0,6,50.72580290563164,outputs_grok_prompt_v3\reports\static_analysis\pylint\HumanEval_6__zero_shot__sample0__final_pylint.txt,outputs_grok_prompt_v3\reports\static_analysis\bandit\HumanEval_6__zero_shot__sample0__final_bandit.json,outputs_grok_prompt_v3\reports\static_analysis\bandit\HumanEval_6__zero_shot__sample0__final_bandit.stderr.txt,False,assertion_failed: ,7.0,6.0,8.0,8.0,6.0,7.0,The code correctly solves the problem but lacks modularity and uses non-idiomatic Python patterns like manual string scanning instead of regex or split operations.,,,,,,,
HumanEval/6,parse_nested_parens,constraint_guided,0,"""""""Parse maximum nesting depths of parenthesis groups in a string.""""""

from typing import List


def parse_nested_parens(paren_string: str) -> List[int]:
    """"""
    Input to this function is a string containing ""("" and "")""s (not exclusively),
    possibly including multiple groups for nested parentheses.
    For each of these groups, output the deepest level of nesting of parentheses.
    E.g. (()()) has maximum two levels of nesting while ((())) has three and )( has zero.

    Example:
        >>> parse_nested_parens('{\""example\"": \""(()[]()) ((()))()((())()() )\""}')
        [2, 3, 1, 3]
    """"""
    depths: List[int] = []
    current_depth = 0
    max_depth = 0
    in_group = False

    for char in paren_string:
        if char == ""("":
            current_depth += 1
            max_depth = max(max_depth, current_depth)
            in_group = True
        elif char == "")"":
            if current_depth > 0:
                current_depth -= 1
            if current_depth == 0 and in_group:
                depths.append(max_depth)
                max_depth = 0
                in_group = False

    return depths",raw_generations/HumanEval_6/constraint_guided_sample0.py,,,True,,9.47,0,7.0,7,85.47201798660348,outputs_grok_prompt_v3\reports\static_analysis\pylint\HumanEval_6__constraint_guided__sample0__final_pylint.txt,outputs_grok_prompt_v3\reports\static_analysis\bandit\HumanEval_6__constraint_guided__sample0__final_bandit.json,outputs_grok_prompt_v3\reports\static_analysis\bandit\HumanEval_6__constraint_guided__sample0__final_bandit.stderr.txt,False,assertion_failed: ,8.0,7.0,6.0,9.0,7.0,7.0,"The code is generally readable and efficient, but has correctness issues with edge cases and could be more Pythonic with better state management.",,,,,,,
HumanEval/6,parse_nested_parens,structured_cot,0,"from typing import List


def parse_nested_parens(paren_string: str) -> List[int]:
    """"""
    Input to this function is a string containing ""("" and "")""s (not exclusively),
    possibly including multiple groups for nested parentheses.
    For each of these groups, output the deepest level of nesting of parentheses.
    E.g. (()()) has maximum two levels of nesting while ((())) has three and )( has zero.

    Example:
        >>> parse_nested_parens('{\""example\"": \""(()[]()) ((()))()((())()() )\""}')
        [2, 3, 1, 3]
    """"""
    def max_depth(group: str) -> int:
        max_d = cur = 0
        for char in group:
            if char == ""("":
                cur += 1
                if cur > max_d:
                    max_d = cur
            elif char == "")"":
                cur -= 1
        return max_d

    return [max_depth(group) for group in paren_string.split() if group]",raw_generations/HumanEval_6/structured_cot_sample0.py,,,True,,7.69,0,3.0,3,91.60606716155394,outputs_grok_prompt_v3\reports\static_analysis\pylint\HumanEval_6__structured_cot__sample0__final_pylint.txt,outputs_grok_prompt_v3\reports\static_analysis\bandit\HumanEval_6__structured_cot__sample0__final_bandit.json,outputs_grok_prompt_v3\reports\static_analysis\bandit\HumanEval_6__structured_cot__sample0__final_bandit.stderr.txt,False,assertion_failed: ,8.0,7.0,6.0,8.0,8.0,7.0,"The code is generally clean and efficient, but fails to handle non-parenthesis characters correctly and lacks proper validation for unbalanced parentheses.",,,,,,,
HumanEval/6,parse_nested_parens,self_refine,0,"from typing import List


def parse_nested_parens(paren_string: str) -> List[int]:
    """"""
    Input to this function is a string containing ""("" and "")""s (not exclusively),
    possibly including multiple groups for nested parentheses.
    For each of these groups, output the deepest level of nesting of parentheses.
    E.g. (()()) has maximum two levels of nesting while ((())) has three and )( has zero.

    Example:
        >>> parse_nested_parens('{\""example\"": \""(()[]()) ((()))()((())()() )\""}')
        [2, 3, 1, 3]
    """"""
    results = []
    current_depth = 0
    max_depth = 0
    for char in paren_string:
        if char == ""("":
            current_depth += 1
            max_depth = max(max_depth, current_depth)
        elif char == "")"":
            current_depth -= 1
            if current_depth == 0:
                results.append(max_depth)
                max_depth = 0
    if max_depth > 0:
        results.append(max_depth)
    return results",raw_generations/HumanEval_6/self_refine_sample0.py,"""""""
Parse maximum nesting depths of parenthesis groups in a string.
""""""

from typing import List


def parse_nested_parens(paren_string: str) -> List[int]:
    """"""
    Input to this function is a string containing ""("" and "")""s (not exclusively),
    possibly including multiple groups for nested parentheses.
    For each of these groups, output the deepest level of nesting of parentheses.
    E.g. (()()) has maximum two levels of nesting while ((())) has three and )( has zero.

    Example:
        >>> parse_nested_parens('{\""example\"": \""(()[]()) ((()))()((())()() )\""}')
        [2, 3, 1, 3]
    """"""
    results = []
    current_depth = 0
    max_depth = 0
    for char in paren_string:
        if char == ""("":
            current_depth += 1
            if current_depth > max_depth:
                max_depth = current_depth
        elif char == "")"":
            current_depth -= 1
            if current_depth == 0:
                results.append(max_depth)
                max_depth = 0
    return results",raw_generations/HumanEval_6/self_refine_sample0_initial.py,True,,8.82,0,6.0,6,88.42846551610204,outputs_grok_prompt_v3\reports\static_analysis\pylint\HumanEval_6__self_refine__sample0__final_pylint.txt,outputs_grok_prompt_v3\reports\static_analysis\bandit\HumanEval_6__self_refine__sample0__final_bandit.json,outputs_grok_prompt_v3\reports\static_analysis\bandit\HumanEval_6__self_refine__sample0__final_bandit.stderr.txt,False,assertion_failed: ,7.0,6.0,4.0,8.0,7.0,5.0,"The code fails to correctly handle multiple groups separated by non-parenthesis characters and incorrectly resets max_depth at zero depth, leading to wrong outputs for complex inputs.",8.75,False,assertion_failed: ,outputs_grok_prompt_v3\reports\static_analysis\pylint\HumanEval_6__self_refine__sample0__initial_pylint.txt,outputs_grok_prompt_v3\reports\static_analysis\bandit\HumanEval_6__self_refine__sample0__initial_bandit.json,outputs_grok_prompt_v3\reports\static_analysis\bandit\HumanEval_6__self_refine__sample0__initial_bandit.stderr.txt,True
HumanEval/7,filter_by_substring,zero_shot,0,"from typing import List


def filter_by_substring(strings: List[str], substring: str) -> List[str]:
    """"""
    Filter an input list of strings only for ones that contain given substring.

    Example:
        >>> filter_by_substring(['abc', 'bacd', 'cde', 'array'], 'a')
        ['abc', 'bacd', 'array']
    """"""
    return [s for s in strings if substring in s]",raw_generations/HumanEval_7/zero_shot_sample0.py,,,True,,3.33,0,3.0,3,87.85234636161907,outputs_grok_prompt_v3\reports\static_analysis\pylint\HumanEval_7__zero_shot__sample0__final_pylint.txt,outputs_grok_prompt_v3\reports\static_analysis\bandit\HumanEval_7__zero_shot__sample0__final_bandit.json,outputs_grok_prompt_v3\reports\static_analysis\bandit\HumanEval_7__zero_shot__sample0__final_bandit.stderr.txt,True,passed,9.0,9.0,10.0,8.0,10.0,9.0,"Clean, idiomatic implementation with good documentation, though could be slightly more efficient for large lists.",,,,,,,
HumanEval/7,filter_by_substring,constraint_guided,0,"""""""Utility for filtering lists of strings by substring presence.""""""

from typing import List


def filter_by_substring(strings: List[str], substring: str) -> List[str]:
    """"""
    Filter an input list of strings only for ones that contain given substring.

    Example:
        >>> filter_by_substring(['abc', 'bacd', 'cde', 'array'], 'a')
        ['abc', 'bacd', 'array']
    """"""
    matching_strings = [string for string in strings if substring in string]
    return matching_strings",raw_generations/HumanEval_7/constraint_guided_sample0.py,,,True,,7.5,0,3.0,3,94.48278173173547,outputs_grok_prompt_v3\reports\static_analysis\pylint\HumanEval_7__constraint_guided__sample0__final_pylint.txt,outputs_grok_prompt_v3\reports\static_analysis\bandit\HumanEval_7__constraint_guided__sample0__final_bandit.json,outputs_grok_prompt_v3\reports\static_analysis\bandit\HumanEval_7__constraint_guided__sample0__final_bandit.stderr.txt,True,passed,9.0,9.0,10.0,8.0,9.0,9.0,"Clean, idiomatic implementation with good documentation, though could be slightly more efficient for large lists.",,,,,,,
HumanEval/7,filter_by_substring,structured_cot,0,"""""""Utility functions for filtering collections of strings.""""""

from typing import List


def filter_by_substring(strings: List[str], substring: str) -> List[str]:
    """"""
    Filter an input list of strings only for ones that contain given substring.

    Example:
        >>> filter_by_substring(['abc', 'bacd', 'cde', 'array'], 'a')
        ['abc', 'bacd', 'array']
    """"""
    return [s for s in strings if substring in s]",raw_generations/HumanEval_7/structured_cot_sample0.py,,,True,,6.67,0,3.0,3,85.73835482285287,outputs_grok_prompt_v3\reports\static_analysis\pylint\HumanEval_7__structured_cot__sample0__final_pylint.txt,outputs_grok_prompt_v3\reports\static_analysis\bandit\HumanEval_7__structured_cot__sample0__final_bandit.json,outputs_grok_prompt_v3\reports\static_analysis\bandit\HumanEval_7__structured_cot__sample0__final_bandit.stderr.txt,True,passed,9.0,8.0,9.0,8.0,9.0,9.0,"Clean, idiomatic implementation with good documentation, though could benefit from handling edge cases like empty substring or None values.",,,,,,,
HumanEval/7,filter_by_substring,self_refine,0,"""""""Utility module for string list filtering operations.""""""

from typing import List


def filter_by_substring(strings: List[str], substring: str) -> List[str]:
    """"""
    Filter an input list of strings only for ones that contain given substring.

    Example:
        >>> filter_by_substring(['abc', 'bacd', 'cde', 'array'], 'a')
        ['abc', 'bacd', 'array']
    """"""
    if not substring:
        return strings[:]
    return [s for s in strings if substring in s]",raw_generations/HumanEval_7/self_refine_sample0.py,"""""""Utility module for string list filtering operations.""""""

from typing import List


def filter_by_substring(strings: List[str], substring: str) -> List[str]:
    """"""
    Filter an input list of strings only for ones that contain given substring.

    Example:
        >>> filter_by_substring(['abc', 'bacd', 'cde', 'array'], 'a')
        ['abc', 'bacd', 'array']
    """"""
    if not substring:
        return strings[:]
    return [s for s in strings if substring in s]",raw_generations/HumanEval_7/self_refine_sample0_initial.py,True,,8.0,0,4.0,4,95.14165433481782,outputs_grok_prompt_v3\reports\static_analysis\pylint\HumanEval_7__self_refine__sample0__final_pylint.txt,outputs_grok_prompt_v3\reports\static_analysis\bandit\HumanEval_7__self_refine__sample0__final_bandit.json,outputs_grok_prompt_v3\reports\static_analysis\bandit\HumanEval_7__self_refine__sample0__final_bandit.stderr.txt,True,passed,9.0,-1.0,8.0,9.0,9.0,7.0,"The code is readable and efficient but has a critical bug in the empty substring case where it should return an empty list, not all strings.",8.0,True,passed,outputs_grok_prompt_v3\reports\static_analysis\pylint\HumanEval_7__self_refine__sample0__initial_pylint.txt,outputs_grok_prompt_v3\reports\static_analysis\bandit\HumanEval_7__self_refine__sample0__initial_bandit.json,outputs_grok_prompt_v3\reports\static_analysis\bandit\HumanEval_7__self_refine__sample0__initial_bandit.stderr.txt,False
HumanEval/8,sum_product,zero_shot,0,"from typing import List, Tuple

def sum_product(numbers: List[int]) -> Tuple[int, int]:
    if not numbers:
        return (0, 1)
    total_sum = sum(numbers)
    product = 1
    for num in numbers:
        product *= num
    return (total_sum, product)",raw_generations/HumanEval_8/zero_shot_sample0.py,,,True,,6.67,0,3.0,3,71.3248044092224,outputs_grok_prompt_v3\reports\static_analysis\pylint\HumanEval_8__zero_shot__sample0__final_pylint.txt,outputs_grok_prompt_v3\reports\static_analysis\bandit\HumanEval_8__zero_shot__sample0__final_bandit.json,outputs_grok_prompt_v3\reports\static_analysis\bandit\HumanEval_8__zero_shot__sample0__final_bandit.stderr.txt,True,passed,9.0,8.0,10.0,7.0,8.0,8.0,"Clean and correct implementation with minor efficiency improvements possible, such as using math.prod for product calculation.",,,,,,,
HumanEval/8,sum_product,constraint_guided,0,"""""""Utility module for computing aggregate values over integer lists.""""""

from typing import List, Tuple


def sum_product(numbers: List[int]) -> Tuple[int, int]:
    """"""
    For a given list of integers, return a tuple consisting of a sum and a product of all the integers in a list.
    Empty sum should be equal to 0 and empty product should be equal to 1.

    Example:
        >>> sum_product([1, 2, 3, 4])
        (10, 24)
    """"""
    if not numbers:
        return 0, 1

    total_sum = 0
    total_product = 1
    for number in numbers:
        total_sum += number
        total_product *= number
    return total_sum, total_product",raw_generations/HumanEval_8/constraint_guided_sample0.py,,,True,,8.0,0,3.0,3,95.44583900845568,outputs_grok_prompt_v3\reports\static_analysis\pylint\HumanEval_8__constraint_guided__sample0__final_pylint.txt,outputs_grok_prompt_v3\reports\static_analysis\bandit\HumanEval_8__constraint_guided__sample0__final_bandit.json,outputs_grok_prompt_v3\reports\static_analysis\bandit\HumanEval_8__constraint_guided__sample0__final_bandit.stderr.txt,True,passed,9.0,8.0,10.0,8.0,7.0,8.0,"The code is clear and correct, but could be more Pythonic by using built-in functions like sum() and math.prod() for better readability and efficiency.",,,,,,,
HumanEval/8,sum_product,structured_cot,0,"""""""Utility functions for basic arithmetic operations on lists.""""""

from typing import List, Tuple


def sum_product(numbers: List[int]) -> Tuple[int, int]:
    """"""
    For a given list of integers, return a tuple consisting of a sum and a product of all the integers in a list.
    Empty sum should be equal to 0 and empty product should be equal to 1.

    Example:
        >>> sum_product([1, 2, 3, 4])
        (10, 24)
    """"""
    s = sum(numbers)
    p = 1
    for n in numbers:
        p *= n
    return s, p",raw_generations/HumanEval_8/structured_cot_sample0.py,,,True,,7.14,0,2.0,2,99.81614911947904,outputs_grok_prompt_v3\reports\static_analysis\pylint\HumanEval_8__structured_cot__sample0__final_pylint.txt,outputs_grok_prompt_v3\reports\static_analysis\bandit\HumanEval_8__structured_cot__sample0__final_bandit.json,outputs_grok_prompt_v3\reports\static_analysis\bandit\HumanEval_8__structured_cot__sample0__final_bandit.stderr.txt,True,passed,9.0,8.0,9.0,8.0,7.0,8.0,"The code is clear and correct, but the product calculation could be more Pythonic using math.prod, and there's a minor inefficiency in iterating twice over the list.",,,,,,,
HumanEval/8,sum_product,self_refine,0,"""""""Utility module for computing aggregate values over lists of integers.""""""

from typing import List, Tuple


def sum_product(numbers: List[int]) -> Tuple[int, int]:
    """"""
    For a given list of integers, return a tuple consisting of a sum and a
    product of all the integers in a list.
    Empty sum should be equal to 0 and empty product should be equal to 1.

    Example:
        >>> sum_product([1, 2, 3, 4])
        (10, 24)
    """"""
    if not numbers:
        return 0, 1

    total_sum = 0
    product = 1
    for value in numbers:
        total_sum += value
        product *= value
    return total_sum, product",raw_generations/HumanEval_8/self_refine_sample0.py,"""""""Utility module for computing aggregate values over lists of integers.""""""

from typing import List, Tuple


def sum_product(numbers: List[int]) -> Tuple[int, int]:
    """"""
    For a given list of integers, return a tuple consisting of a sum and a product of all the integers in a list.
    Empty sum should be equal to 0 and empty product should be equal to 1.

    Example:
        >>> sum_product([1, 2, 3, 4])
        (10, 24)
    """"""
    if not numbers:
        return 0, 1

    total_sum = 0
    product = 1
    for value in numbers:
        total_sum += value
        product *= value
    return total_sum, product",raw_generations/HumanEval_8/self_refine_sample0_initial.py,True,,9.0,0,3.0,3,94.67336417263164,outputs_grok_prompt_v3\reports\static_analysis\pylint\HumanEval_8__self_refine__sample0__final_pylint.txt,outputs_grok_prompt_v3\reports\static_analysis\bandit\HumanEval_8__self_refine__sample0__final_bandit.json,outputs_grok_prompt_v3\reports\static_analysis\bandit\HumanEval_8__self_refine__sample0__final_bandit.stderr.txt,True,passed,9.0,9.0,10.0,-1.0,7.0,7.0,The code is clear and correct but uses an inefficient algorithm for product calculation that could overflow or be slow for large inputs.,8.0,True,passed,outputs_grok_prompt_v3\reports\static_analysis\pylint\HumanEval_8__self_refine__sample0__initial_pylint.txt,outputs_grok_prompt_v3\reports\static_analysis\bandit\HumanEval_8__self_refine__sample0__initial_bandit.json,outputs_grok_prompt_v3\reports\static_analysis\bandit\HumanEval_8__self_refine__sample0__initial_bandit.stderr.txt,True
HumanEval/9,rolling_max,zero_shot,0,"def rolling_max(numbers: List[int]) -> List[int]:
    if not numbers:
        return []
    result = []
    current_max = float(""-inf"")
    for num in numbers:
        if num > current_max:
            current_max = num
        result.append(current_max)
    return result",raw_generations/HumanEval_9/zero_shot_sample0.py,,,True,,0.0,0,4.0,4,70.19214923164533,outputs_grok_prompt_v3\reports\static_analysis\pylint\HumanEval_9__zero_shot__sample0__final_pylint.txt,outputs_grok_prompt_v3\reports\static_analysis\bandit\HumanEval_9__zero_shot__sample0__final_bandit.json,outputs_grok_prompt_v3\reports\static_analysis\bandit\HumanEval_9__zero_shot__sample0__final_bandit.stderr.txt,True,passed,9.0,8.0,7.0,10.0,7.0,8.0,"The code is clean and efficient but has a subtle bug with negative numbers due to initializing current_max to negative infinity instead of the first element, and could be more Pythonic using itertools.accumulate.",,,,,,,
HumanEval/9,rolling_max,constraint_guided,0,"""""""Compute rolling maximum values over a sequence of integers.""""""

from typing import List


def rolling_max(numbers: List[int]) -> List[int]:
    """"""
    From a given list of integers, generate a list of rolling maximum element found
    until given moment in the sequence.

    Example:
        >>> rolling_max([1, 2, 3, 2, 3, 4, 2])
        [1, 2, 3, 3, 3, 4, 4]
    """"""
    if not numbers:
        return []

    rolling_maxima: List[int] = []
    current_max = numbers[0]
    for value in numbers:
        if value > current_max:
            current_max = value
        rolling_maxima.append(current_max)
    return rolling_maxima",raw_generations/HumanEval_9/constraint_guided_sample0.py,,,True,,8.18,0,4.0,4,96.14567351225294,outputs_grok_prompt_v3\reports\static_analysis\pylint\HumanEval_9__constraint_guided__sample0__final_pylint.txt,outputs_grok_prompt_v3\reports\static_analysis\bandit\HumanEval_9__constraint_guided__sample0__final_bandit.json,outputs_grok_prompt_v3\reports\static_analysis\bandit\HumanEval_9__constraint_guided__sample0__final_bandit.stderr.txt,True,passed,9.0,9.0,10.0,10.0,8.0,9.0,"Clean, efficient implementation with proper type hints and edge case handling; could be slightly more Pythonic by using itertools.accumulate.",,,,,,,
HumanEval/9,rolling_max,structured_cot,0,"""""""Compute rolling maximums over sequences.""""""

from itertools import accumulate
from typing import List


def rolling_max(numbers: List[int]) -> List[int]:
    """"""
    From a given list of integers, generate a list of rolling maximum element found
    until given moment in the sequence.

    Example:
        >>> rolling_max([1, 2, 3, 2, 3, 4, 2])
        [1, 2, 3, 3, 3, 4, 4]
    """"""
    return list(accumulate(numbers, max))",raw_generations/HumanEval_9/structured_cot_sample0.py,,,True,,7.5,0,1.0,1,100.0,outputs_grok_prompt_v3\reports\static_analysis\pylint\HumanEval_9__structured_cot__sample0__final_pylint.txt,outputs_grok_prompt_v3\reports\static_analysis\bandit\HumanEval_9__structured_cot__sample0__final_bandit.json,outputs_grok_prompt_v3\reports\static_analysis\bandit\HumanEval_9__structured_cot__sample0__final_bandit.stderr.txt,True,passed,9.0,9.0,10.0,10.0,10.0,9.0,"Excellent, idiomatic Python implementation using itertools.accumulate that is concise, efficient, and perfectly matches the specification.",,,,,,,
HumanEval/9,rolling_max,self_refine,0,"""""""Compute rolling maximum values from a sequence of numbers.""""""

from typing import List


def rolling_max(numbers: List[int]) -> List[int]:
    """"""
    From a given list of integers, generate a list of rolling maximum element found
    until given moment in the sequence.

    Example:
        >>> rolling_max([1, 2, 3, 2, 3, 4, 2])
        [1, 2, 3, 3, 3, 4, 4]
    """"""
    rolling_maxima = []
    current_max = float(""-inf"")
    for number in numbers:
        current_max = max(current_max, number)
        rolling_maxima.append(current_max)
    return rolling_maxima",raw_generations/HumanEval_9/self_refine_sample0.py,"""""""Compute rolling maximum values from a sequence of numbers.""""""

from typing import List


def rolling_max(numbers: List[int]) -> List[int]:
    """"""
    From a given list of integers, generate a list of rolling maximum element found
    until given moment in the sequence.

    Example:
        >>> rolling_max([1, 2, 3, 2, 3, 4, 2])
        [1, 2, 3, 3, 3, 4, 4]
    """"""
    rolling_maxima = []
    current_max = float(""-inf"")
    for number in numbers:
        current_max = max(current_max, number)
        rolling_maxima.append(current_max)
    return rolling_maxima",raw_generations/HumanEval_9/self_refine_sample0_initial.py,True,,8.75,0,2.0,2,100.0,outputs_grok_prompt_v3\reports\static_analysis\pylint\HumanEval_9__self_refine__sample0__final_pylint.txt,outputs_grok_prompt_v3\reports\static_analysis\bandit\HumanEval_9__self_refine__sample0__final_bandit.json,outputs_grok_prompt_v3\reports\static_analysis\bandit\HumanEval_9__self_refine__sample0__final_bandit.stderr.txt,True,passed,9.0,9.0,10.0,10.0,9.0,9.0,"Clean, efficient implementation with excellent readability and proper handling of edge cases.",8.75,True,passed,outputs_grok_prompt_v3\reports\static_analysis\pylint\HumanEval_9__self_refine__sample0__initial_pylint.txt,outputs_grok_prompt_v3\reports\static_analysis\bandit\HumanEval_9__self_refine__sample0__initial_bandit.json,outputs_grok_prompt_v3\reports\static_analysis\bandit\HumanEval_9__self_refine__sample0__initial_bandit.stderr.txt,False
HumanEval/10,make_palindrome,zero_shot,0,"def make_palindrome(string: str) -> str:
    for i in range(len(string)):
        suffix = string[i:]
        if suffix == suffix[::-1]:
            prefix = string[:i]
            return string + prefix[::-1]
    return string",raw_generations/HumanEval_10/zero_shot_sample0.py,,,True,,5.71,0,3.0,3,67.43970474201944,outputs_grok_prompt_v3\reports\static_analysis\pylint\HumanEval_10__zero_shot__sample0__final_pylint.txt,outputs_grok_prompt_v3\reports\static_analysis\bandit\HumanEval_10__zero_shot__sample0__final_bandit.json,outputs_grok_prompt_v3\reports\static_analysis\bandit\HumanEval_10__zero_shot__sample0__final_bandit.stderr.txt,True,passed,8.0,7.0,9.0,4.0,7.0,7.0,"The algorithm is correct and readable but inefficient (O(n²) time complexity), and could be more Pythonic with better use of built-in functions.",,,,,,,
HumanEval/10,make_palindrome,constraint_guided,0,"""""""
Utility for constructing shortest palindromic prefixes.
""""""

def make_palindrome(string: str) -> str:
    """"""Find the shortest palindrome that begins with the supplied string.

    The algorithm locates the longest palindromic suffix of the input and
    appends the reverse of the preceding prefix.
    """"""
    if not string:
        return """"

    for start in range(len(string)):
        suffix = string[start:]
        if suffix == suffix[::-1]:
            prefix = string[:start]
            return string + prefix[::-1]

    # Unreachable: single-character suffix is always a palindrome
    return string",raw_generations/HumanEval_10/constraint_guided_sample0.py,,,True,,8.89,0,4.0,4,90.5193006902316,outputs_grok_prompt_v3\reports\static_analysis\pylint\HumanEval_10__constraint_guided__sample0__final_pylint.txt,outputs_grok_prompt_v3\reports\static_analysis\bandit\HumanEval_10__constraint_guided__sample0__final_bandit.json,outputs_grok_prompt_v3\reports\static_analysis\bandit\HumanEval_10__constraint_guided__sample0__final_bandit.stderr.txt,True,passed,8.0,7.0,6.0,4.0,7.0,6.0,"The code is readable and mostly correct but inefficient due to O(n²) time complexity, and it has edge case issues with empty strings.",,,,,,,
HumanEval/10,make_palindrome,structured_cot,0,"""""""Utilities for constructing palindromes.""""""

def make_palindrome(string: str) -> str:
    """"""
    Find the shortest palindrome that begins with a supplied string.
    Algorithm idea is simple:
    - Find the longest postfix of supplied string that is a palindrome.
    - Append to the end of the string reverse of a string prefix that comes before the palindromic suffix.

    Examples:
        >>> make_palindrome(""cat"")
        ""catac""
        >>> make_palindrome(""cata"")
        ""catac""
    """"""
    n = len(string)
    for i in range(n + 1):
        suffix = string[i:]
        if suffix == suffix[::-1]:
            return string + string[:i][::-1]
    return string",raw_generations/HumanEval_10/structured_cot_sample0.py,,,True,,7.14,0,3.0,3,80.70742017635332,outputs_grok_prompt_v3\reports\static_analysis\pylint\HumanEval_10__structured_cot__sample0__final_pylint.txt,outputs_grok_prompt_v3\reports\static_analysis\bandit\HumanEval_10__structured_cot__sample0__final_bandit.json,outputs_grok_prompt_v3\reports\static_analysis\bandit\HumanEval_10__structured_cot__sample0__final_bandit.stderr.txt,True,passed,8.0,7.0,6.0,4.0,7.0,6.0,"The code is readable and follows a clear algorithm, but it is inefficient (O(n²) time) and fails to handle edge cases like empty strings correctly.",,,,,,,
HumanEval/10,make_palindrome,self_refine,0,"""""""Utility for constructing shortest palindromes.""""""

def make_palindrome(string: str) -> str:
    """"""Find the shortest palindrome that begins with a supplied string.

    The algorithm locates the longest palindromic suffix of the input and
    appends the reverse of the preceding prefix.
    """"""
    if not string:
        return string

    n = len(string)
    for start in range(n):
        suffix = string[start:]
        if suffix == suffix[::-1]:
            prefix = string[:start]
            return string + prefix[::-1]
    return string  # fallback (unreachable for non-empty input)",raw_generations/HumanEval_10/self_refine_sample0.py,"""""""Utility for constructing shortest palindromes.""""""

def make_palindrome(string: str) -> str:
    """"""Find the shortest palindrome that begins with a supplied string.

    The algorithm locates the longest palindromic suffix of the input and
    appends the reverse of the preceding prefix.
    """"""
    if not string:
        return string

    n = len(string)
    for start in range(n):
        suffix = string[start:]
        if suffix == suffix[::-1]:
            prefix = string[:start]
            return string + prefix[::-1]
    return string  # fallback (unreachable for non-empty input)",raw_generations/HumanEval_10/self_refine_sample0_initial.py,True,,9.0,0,4.0,4,91.81882130774933,outputs_grok_prompt_v3\reports\static_analysis\pylint\HumanEval_10__self_refine__sample0__final_pylint.txt,outputs_grok_prompt_v3\reports\static_analysis\bandit\HumanEval_10__self_refine__sample0__final_bandit.json,outputs_grok_prompt_v3\reports\static_analysis\bandit\HumanEval_10__self_refine__sample0__final_bandit.stderr.txt,True,passed,9.0,8.0,7.0,4.0,8.0,7.0,The code is clear and well-structured but inefficient due to O(n²) time complexity; edge cases are handled but the algorithm could be optimized.,9.0,True,passed,outputs_grok_prompt_v3\reports\static_analysis\pylint\HumanEval_10__self_refine__sample0__initial_pylint.txt,outputs_grok_prompt_v3\reports\static_analysis\bandit\HumanEval_10__self_refine__sample0__initial_bandit.json,outputs_grok_prompt_v3\reports\static_analysis\bandit\HumanEval_10__self_refine__sample0__initial_bandit.stderr.txt,False
HumanEval/11,string_xor,zero_shot,0,"def string_xor(a: str, b: str) -> str:
    max_len = max(len(a), len(b))
    a = a.zfill(max_len)
    b = b.zfill(max_len)
    result = []
    for x, y in zip(a, b):
        result.append(str(int(x) ^ int(y)))
    return ''.join(result)",raw_generations/HumanEval_11/zero_shot_sample0.py,,,True,,6.25,0,2.0,2,75.28967674449181,outputs_grok_prompt_v3\reports\static_analysis\pylint\HumanEval_11__zero_shot__sample0__final_pylint.txt,outputs_grok_prompt_v3\reports\static_analysis\bandit\HumanEval_11__zero_shot__sample0__final_bandit.json,outputs_grok_prompt_v3\reports\static_analysis\bandit\HumanEval_11__zero_shot__sample0__final_bandit.stderr.txt,True,passed,8.0,7.0,8.0,7.0,7.0,7.0,"The code is clear and functional, but could be more concise and Pythonic by using a generator expression and avoiding manual padding.",,,,,,,
HumanEval/11,string_xor,constraint_guided,0,"""""""Binary string XOR operations.""""""

from typing import List


def string_xor(a: str, b: str) -> str:
    """"""
    Input are two strings a and b consisting only of 1s and 0s.
    Perform binary XOR on these inputs and return result also as a string.

    Example:
        >>> string_xor('10', '110')
        '100'
    """"""
    max_len = max(len(a), len(b))
    a_padded = a.zfill(max_len)
    b_padded = b.zfill(max_len)
    result_bits: List[str] = []
    for bit_a, bit_b in zip(a_padded, b_padded):
        result_bits.append(""1"" if bit_a != bit_b else ""0"")
    return """".join(result_bits)",raw_generations/HumanEval_11/constraint_guided_sample0.py,,,True,,8.89,0,3.0,3,99.59629748492598,outputs_grok_prompt_v3\reports\static_analysis\pylint\HumanEval_11__constraint_guided__sample0__final_pylint.txt,outputs_grok_prompt_v3\reports\static_analysis\bandit\HumanEval_11__constraint_guided__sample0__final_bandit.json,outputs_grok_prompt_v3\reports\static_analysis\bandit\HumanEval_11__constraint_guided__sample0__final_bandit.stderr.txt,True,passed,8.0,7.0,8.0,7.0,7.0,7.0,The code is clear and functional but could be more efficient and Pythonic by avoiding manual padding and using built-in operations.,,,,,,,
HumanEval/11,string_xor,structured_cot,0,"""""""
Perform binary XOR on two binary strings.
""""""

def string_xor(a: str, b: str) -> str:
    """"""
    Input are two strings a and b consisting only of 1s and 0s.
    Perform binary XOR on these inputs and return result also as a string.

    Example:
        >>> string_xor('10', '110')
        '100'
    """"""
    max_len = max(len(a), len(b))
    a = a.zfill(max_len)
    b = b.zfill(max_len)
    return ''.join(str(int(x) ^ int(y)) for x, y in zip(a, b))",raw_generations/HumanEval_11/structured_cot_sample0.py,,,True,,8.0,0,2.0,2,82.68522603147062,outputs_grok_prompt_v3\reports\static_analysis\pylint\HumanEval_11__structured_cot__sample0__final_pylint.txt,outputs_grok_prompt_v3\reports\static_analysis\bandit\HumanEval_11__structured_cot__sample0__final_bandit.json,outputs_grok_prompt_v3\reports\static_analysis\bandit\HumanEval_11__structured_cot__sample0__final_bandit.stderr.txt,True,passed,8.0,7.0,8.0,7.0,8.0,7.6,The code is clear and functional but lacks validation for binary-only inputs and could be more efficient by avoiding unnecessary string padding.,,,,,,,
HumanEval/11,string_xor,self_refine,0,"""""""Binary string XOR operations.""""""

from typing import Tuple


def _pad_to_equal_length(a: str, b: str) -> Tuple[str, str]:
    """"""Return copies of a and b padded on the left with zeros to equal length.""""""
    max_len = max(len(a), len(b))
    return a.zfill(max_len), b.zfill(max_len)


def string_xor(a: str, b: str) -> str:
    """"""
    Input are two strings a and b consisting only of 1s and 0s.
    Perform binary XOR on these inputs and return result also as a string.

    Example:
        >>> string_xor('10', '110')
        '100'
    """"""
    padded_a, padded_b = _pad_to_equal_length(a, b)
    return """".join(str(int(bit_a) ^ int(bit_b)) for bit_a, bit_b in zip(padded_a, padded_b))",raw_generations/HumanEval_11/self_refine_sample0.py,"""""""Binary string XOR operations.""""""

from typing import Tuple


def _pad_to_equal_length(a: str, b: str) -> Tuple[str, str]:
    """"""Return copies of a and b padded on the left with zeros to equal length.""""""
    max_len = max(len(a), len(b))
    return a.zfill(max_len), b.zfill(max_len)


def string_xor(a: str, b: str) -> str:
    """"""
    Input are two strings a and b consisting only of 1s and 0s.
    Perform binary XOR on these inputs and return result also as a string.

    Example:
        >>> string_xor('10', '110')
        '100'
    """"""
    if not a or not b:
        return """"
    padded_a, padded_b = _pad_to_equal_length(a, b)
    return """".join(str(int(bit_a) ^ int(bit_b)) for bit_a, bit_b in zip(padded_a, padded_b))",raw_generations/HumanEval_11/self_refine_sample0_initial.py,True,,8.57,0,1.5,2,98.81799686587858,outputs_grok_prompt_v3\reports\static_analysis\pylint\HumanEval_11__self_refine__sample0__final_pylint.txt,outputs_grok_prompt_v3\reports\static_analysis\bandit\HumanEval_11__self_refine__sample0__final_bandit.json,outputs_grok_prompt_v3\reports\static_analysis\bandit\HumanEval_11__self_refine__sample0__final_bandit.stderr.txt,True,passed,8.0,8.0,9.0,7.0,8.0,8.0,"Clean implementation with good modularity, but could be more efficient by avoiding unnecessary padding and integer conversions.",8.89,False,assertion_failed: ,outputs_grok_prompt_v3\reports\static_analysis\pylint\HumanEval_11__self_refine__sample0__initial_pylint.txt,outputs_grok_prompt_v3\reports\static_analysis\bandit\HumanEval_11__self_refine__sample0__initial_bandit.json,outputs_grok_prompt_v3\reports\static_analysis\bandit\HumanEval_11__self_refine__sample0__initial_bandit.stderr.txt,True
HumanEval/12,longest,zero_shot,0,"from typing import List


def longest(strings: List[str]) -> str:
    if not strings:
        return """"
    return max(strings, key=len)",raw_generations/HumanEval_12/zero_shot_sample0.py,,,True,,4.0,0,2.0,2,82.37587162552974,outputs_grok_prompt_v3\reports\static_analysis\pylint\HumanEval_12__zero_shot__sample0__final_pylint.txt,outputs_grok_prompt_v3\reports\static_analysis\bandit\HumanEval_12__zero_shot__sample0__final_bandit.json,outputs_grok_prompt_v3\reports\static_analysis\bandit\HumanEval_12__zero_shot__sample0__final_bandit.stderr.txt,True,passed,-1.0,-1.0,-1.0,-1.0,-1.0,-1.0,The code is incomplete - only the function signature and docstring are provided without implementation. No actual code to evaluate.,,,,,,,
HumanEval/12,longest,constraint_guided,0,"""""""Utility module for string list operations.""""""

from typing import List


def longest(strings: List[str]) -> str:
    """"""
    Out of a list of strings, return the longest one.
    Return the first one in case of multiple strings of the same length.
    Return an empty string for edge cases.

    Examples:
        >>> longest(['a', 'b', 'c'])
        'a'
        >>> longest(['a', 'bb', 'ccc'])
        'ccc'
    """"""
    if not strings:
        return """"
    return max(strings, key=len)",raw_generations/HumanEval_12/constraint_guided_sample0.py,,,True,,8.0,0,2.0,2,85.31875495123315,outputs_grok_prompt_v3\reports\static_analysis\pylint\HumanEval_12__constraint_guided__sample0__final_pylint.txt,outputs_grok_prompt_v3\reports\static_analysis\bandit\HumanEval_12__constraint_guided__sample0__final_bandit.json,outputs_grok_prompt_v3\reports\static_analysis\bandit\HumanEval_12__constraint_guided__sample0__final_bandit.stderr.txt,True,passed,9.0,9.0,10.0,10.0,10.0,9.0,"Clean, efficient, and idiomatic implementation that correctly handles all edge cases using built-in functions appropriately.",,,,,,,
HumanEval/12,longest,structured_cot,0,"""""""Utility functions for string operations.""""""

from typing import List


def longest(strings: List[str]) -> str:
    """"""
    Out of a list of strings, return the longest one.
    Return the first one in case of multiple strings of the same length.
    Return an empty string for edge cases.

    Examples:
        >>> longest(['a', 'b', 'c'])
        'a'
        >>> longest(['a', 'bb', 'ccc'])
        'ccc'
    """"""
    if not strings:
        return """"
    return max(strings, key=len)",raw_generations/HumanEval_12/structured_cot_sample0.py,,,True,,8.0,0,2.0,2,85.31875495123315,outputs_grok_prompt_v3\reports\static_analysis\pylint\HumanEval_12__structured_cot__sample0__final_pylint.txt,outputs_grok_prompt_v3\reports\static_analysis\bandit\HumanEval_12__structured_cot__sample0__final_bandit.json,outputs_grok_prompt_v3\reports\static_analysis\bandit\HumanEval_12__structured_cot__sample0__final_bandit.stderr.txt,True,passed,9.0,9.0,8.0,9.0,10.0,9.0,"Clean, idiomatic implementation but edge case handling could be more explicit about empty lists vs None.",,,,,,,
HumanEval/12,longest,self_refine,0,"""""""
Module providing a function to find the longest string in a list.
""""""

from typing import List


def longest(strings: List[str]) -> str:
    """"""
    Out of a list of strings, return the longest one.
    Return the first one in case of multiple strings of the same length.
    Return an empty string for edge cases.

    Examples:
        >>> longest(['a', 'b', 'c'])
        'a'
        >>> longest(['a', 'bb', 'ccc'])
        'ccc'
    """"""
    if not strings:
        return """"

    current_longest = strings[0]
    for candidate in strings[1:]:
        if len(candidate) > len(current_longest):
            current_longest = candidate
    return current_longest",raw_generations/HumanEval_12/self_refine_sample0.py,"""""""
Module providing a function to find the longest string in a list.
""""""

from typing import List


def longest(strings: List[str]) -> str:
    """"""
    Out of a list of strings, return the longest one.
    Return the first one in case of multiple strings of the same length.
    Return an empty string for edge cases.

    Examples:
        >>> longest(['a', 'b', 'c'])
        'a'
        >>> longest(['a', 'bb', 'ccc'])
        'ccc'
    """"""
    if not strings:
        return """"

    current_longest = strings[0]
    for candidate in strings[1:]:
        if len(candidate) > len(current_longest):
            current_longest = candidate
    return current_longest",raw_generations/HumanEval_12/self_refine_sample0_initial.py,True,,8.89,0,4.0,4,87.01412890068222,outputs_grok_prompt_v3\reports\static_analysis\pylint\HumanEval_12__self_refine__sample0__final_pylint.txt,outputs_grok_prompt_v3\reports\static_analysis\bandit\HumanEval_12__self_refine__sample0__final_bandit.json,outputs_grok_prompt_v3\reports\static_analysis\bandit\HumanEval_12__self_refine__sample0__final_bandit.stderr.txt,True,passed,9.0,8.0,8.0,9.0,7.0,8.0,"Clean and efficient implementation with minor improvements possible, such as using built-in max() for more Pythonic style and handling edge cases more explicitly.",8.89,True,passed,outputs_grok_prompt_v3\reports\static_analysis\pylint\HumanEval_12__self_refine__sample0__initial_pylint.txt,outputs_grok_prompt_v3\reports\static_analysis\bandit\HumanEval_12__self_refine__sample0__initial_bandit.json,outputs_grok_prompt_v3\reports\static_analysis\bandit\HumanEval_12__self_refine__sample0__initial_bandit.stderr.txt,False
HumanEval/13,greatest_common_divisor,zero_shot,0,"def greatest_common_divisor(a: int, b: int) -> int:
    a, b = abs(a), abs(b)
    while b:
        a, b = b, a % b
    return a",raw_generations/HumanEval_13/zero_shot_sample0.py,,,True,,4.0,0,2.0,2,79.7423427057672,outputs_grok_prompt_v3\reports\static_analysis\pylint\HumanEval_13__zero_shot__sample0__final_pylint.txt,outputs_grok_prompt_v3\reports\static_analysis\bandit\HumanEval_13__zero_shot__sample0__final_bandit.json,outputs_grok_prompt_v3\reports\static_analysis\bandit\HumanEval_13__zero_shot__sample0__final_bandit.stderr.txt,True,passed,9.0,9.0,10.0,10.0,10.0,9.0,"Excellent implementation of Euclidean algorithm with proper handling of negative inputs and clean, efficient code.",,,,,,,
HumanEval/13,greatest_common_divisor,constraint_guided,0,"""""""Utility module for mathematical functions including GCD computation.""""""

def greatest_common_divisor(a: int, b: int) -> int:
    """"""
    Return the greatest common divisor of two integers a and b

    Examples:
        >>> greatest_common_divisor(3, 5)
        1
        >>> greatest_common_divisor(25, 15)
        5
    """"""
    first = abs(a)
    second = abs(b)
    while second != 0:
        first, second = second, first % second
    return first",raw_generations/HumanEval_13/constraint_guided_sample0.py,,,True,,8.33,0,2.0,2,91.92946495928128,outputs_grok_prompt_v3\reports\static_analysis\pylint\HumanEval_13__constraint_guided__sample0__final_pylint.txt,outputs_grok_prompt_v3\reports\static_analysis\bandit\HumanEval_13__constraint_guided__sample0__final_bandit.json,outputs_grok_prompt_v3\reports\static_analysis\bandit\HumanEval_13__constraint_guided__sample0__final_bandit.stderr.txt,True,passed,9.0,9.0,10.0,10.0,9.0,9.0,"Excellent implementation of Euclidean algorithm with proper handling of negative numbers and clear variable naming, though minor PEP 8 spacing improvements could be made.",,,,,,,
HumanEval/13,greatest_common_divisor,structured_cot,0,"""""""Compute greatest common divisor of integers.""""""

import math


def greatest_common_divisor(a: int, b: int) -> int:
    """"""
    Return the greatest common divisor of two integers a and b

    Examples:
        >>> greatest_common_divisor(3, 5)
        1
        >>> greatest_common_divisor(25, 15)
        5
    """"""
    return math.gcd(a, b)",raw_generations/HumanEval_13/structured_cot_sample0.py,,,True,,6.67,0,1.0,1,100.0,outputs_grok_prompt_v3\reports\static_analysis\pylint\HumanEval_13__structured_cot__sample0__final_pylint.txt,outputs_grok_prompt_v3\reports\static_analysis\bandit\HumanEval_13__structured_cot__sample0__final_bandit.json,outputs_grok_prompt_v3\reports\static_analysis\bandit\HumanEval_13__structured_cot__sample0__final_bandit.stderr.txt,True,passed,9.0,8.0,10.0,10.0,10.0,9.0,"Clean and correct implementation leveraging the standard library, though it's essentially a wrapper with minimal added value.",,,,,,,
HumanEval/13,greatest_common_divisor,self_refine,0,"""""""Compute the greatest common divisor of two integers.""""""

def greatest_common_divisor(a: int, b: int) -> int:
    """"""
    Return the greatest common divisor of two integers a and b

    Examples:
        >>> greatest_common_divisor(3, 5)
        1
        >>> greatest_common_divisor(25, 15)
        5
    """"""
    first = abs(a)
    second = abs(b)
    while second != 0:
        first, second = second, first % second
    return first",raw_generations/HumanEval_13/self_refine_sample0.py,"""""""Compute the greatest common divisor of two integers.""""""

def greatest_common_divisor(a: int, b: int) -> int:
    """"""
    Return the greatest common divisor of two integers a and b

    Examples:
        >>> greatest_common_divisor(3, 5)
        1
        >>> greatest_common_divisor(25, 15)
        5
    """"""
    first = abs(a)
    second = abs(b)
    while second != 0:
        first, second = second, first % second
    return first",raw_generations/HumanEval_13/self_refine_sample0_initial.py,True,,8.33,0,2.0,2,91.92946495928128,outputs_grok_prompt_v3\reports\static_analysis\pylint\HumanEval_13__self_refine__sample0__final_pylint.txt,outputs_grok_prompt_v3\reports\static_analysis\bandit\HumanEval_13__self_refine__sample0__final_bandit.json,outputs_grok_prompt_v3\reports\static_analysis\bandit\HumanEval_13__self_refine__sample0__final_bandit.stderr.txt,True,passed,9.0,9.0,10.0,10.0,9.0,9.0,"Excellent implementation of Euclidean algorithm with proper type hints, docstring, and handling of negative inputs; minor improvement could be using more descriptive variable names like 'current' and 'next' instead of 'first' and 'second'.",8.33,True,passed,outputs_grok_prompt_v3\reports\static_analysis\pylint\HumanEval_13__self_refine__sample0__initial_pylint.txt,outputs_grok_prompt_v3\reports\static_analysis\bandit\HumanEval_13__self_refine__sample0__initial_bandit.json,outputs_grok_prompt_v3\reports\static_analysis\bandit\HumanEval_13__self_refine__sample0__initial_bandit.stderr.txt,False
HumanEval/14,all_prefixes,zero_shot,0,"from typing import List


def all_prefixes(string: str) -> List[str]:
    return [string[:i] for i in range(1, len(string) + 1)]",raw_generations/HumanEval_14/zero_shot_sample0.py,,,True,,0.0,0,2.0,2,81.85633424453339,outputs_grok_prompt_v3\reports\static_analysis\pylint\HumanEval_14__zero_shot__sample0__final_pylint.txt,outputs_grok_prompt_v3\reports\static_analysis\bandit\HumanEval_14__zero_shot__sample0__final_bandit.json,outputs_grok_prompt_v3\reports\static_analysis\bandit\HumanEval_14__zero_shot__sample0__final_bandit.stderr.txt,True,passed,9.0,9.0,10.0,10.0,10.0,9.0,"Excellent implementation - concise, correct, and Pythonic, though could benefit from a docstring for completeness.",,,,,,,
HumanEval/14,all_prefixes,constraint_guided,0,"""""""Utility functions for string prefix operations.""""""

from typing import List


def all_prefixes(string: str) -> List[str]:
    """"""
    Return list of all prefixes from shortest to longest of the input string.

    Example:
        >>> all_prefixes('abc')
        ['a', 'ab', 'abc']
    """"""
    if not string:
        return []

    prefixes = []
    for end_index in range(1, len(string) + 1):
        prefixes.append(string[:end_index])
    return prefixes",raw_generations/HumanEval_14/constraint_guided_sample0.py,,,True,,8.75,0,3.0,3,97.93507473104371,outputs_grok_prompt_v3\reports\static_analysis\pylint\HumanEval_14__constraint_guided__sample0__final_pylint.txt,outputs_grok_prompt_v3\reports\static_analysis\bandit\HumanEval_14__constraint_guided__sample0__final_bandit.json,outputs_grok_prompt_v3\reports\static_analysis\bandit\HumanEval_14__constraint_guided__sample0__final_bandit.stderr.txt,True,passed,9.0,8.0,9.0,8.0,7.0,8.0,"The code is clear and correct, but could be more Pythonic by using a list comprehension.",,,,,,,
HumanEval/14,all_prefixes,structured_cot,0,"""""""Utility for generating string prefixes.""""""

from typing import List


def all_prefixes(string: str) -> List[str]:
    """"""
    Return list of all prefixes from shortest to longest of the input string.

    Example:
        >>> all_prefixes('abc')
        ['a', 'ab', 'abc']
    """"""
    return [string[:i] for i in range(1, len(string) + 1)]",raw_generations/HumanEval_14/structured_cot_sample0.py,,,True,,6.67,0,2.0,2,84.14560089299201,outputs_grok_prompt_v3\reports\static_analysis\pylint\HumanEval_14__structured_cot__sample0__final_pylint.txt,outputs_grok_prompt_v3\reports\static_analysis\bandit\HumanEval_14__structured_cot__sample0__final_bandit.json,outputs_grok_prompt_v3\reports\static_analysis\bandit\HumanEval_14__structured_cot__sample0__final_bandit.stderr.txt,True,passed,9.0,9.0,9.0,10.0,10.0,9.0,"Clean, efficient, and idiomatic implementation with a minor edge case consideration for empty strings.",,,,,,,
HumanEval/14,all_prefixes,self_refine,0,"""""""Utility for generating string prefixes.""""""

from typing import List


def all_prefixes(string: str) -> List[str]:
    """"""
    Return list of all prefixes from shortest to longest of the input string.

    Example:
        >>> all_prefixes('abc')
        ['a', 'ab', 'abc']
    """"""
    prefixes = []
    for end_index in range(1, len(string) + 1):
        prefixes.append(string[:end_index])
    return prefixes",raw_generations/HumanEval_14/self_refine_sample0.py,"""""""Utility for generating string prefixes.""""""

from typing import List


def all_prefixes(string: str) -> List[str]:
    """"""
    Return list of all prefixes from shortest to longest of the input string.

    Example:
        >>> all_prefixes('abc')
        ['a', 'ab', 'abc']
    """"""
    prefixes = []
    for end_index in range(1, len(string) + 1):
        prefixes.append(string[:end_index])
    return prefixes",raw_generations/HumanEval_14/self_refine_sample0_initial.py,True,,8.33,0,2.0,2,99.81614911947904,outputs_grok_prompt_v3\reports\static_analysis\pylint\HumanEval_14__self_refine__sample0__final_pylint.txt,outputs_grok_prompt_v3\reports\static_analysis\bandit\HumanEval_14__self_refine__sample0__final_bandit.json,outputs_grok_prompt_v3\reports\static_analysis\bandit\HumanEval_14__self_refine__sample0__final_bandit.stderr.txt,True,passed,9.0,9.0,10.0,8.0,7.0,8.0,"Clean and correct implementation, but could be more Pythonic with list comprehension.",8.33,True,passed,outputs_grok_prompt_v3\reports\static_analysis\pylint\HumanEval_14__self_refine__sample0__initial_pylint.txt,outputs_grok_prompt_v3\reports\static_analysis\bandit\HumanEval_14__self_refine__sample0__initial_bandit.json,outputs_grok_prompt_v3\reports\static_analysis\bandit\HumanEval_14__self_refine__sample0__initial_bandit.stderr.txt,False
HumanEval/15,string_sequence,zero_shot,0,"def string_sequence(n: int) -> str:
    if n < 0:
        return """"
    return ' '.join(str(i) for i in range(n + 1))",raw_generations/HumanEval_15/zero_shot_sample0.py,,,True,,2.5,0,3.0,3,78.45287306850658,outputs_grok_prompt_v3\reports\static_analysis\pylint\HumanEval_15__zero_shot__sample0__final_pylint.txt,outputs_grok_prompt_v3\reports\static_analysis\bandit\HumanEval_15__zero_shot__sample0__final_bandit.json,outputs_grok_prompt_v3\reports\static_analysis\bandit\HumanEval_15__zero_shot__sample0__final_bandit.stderr.txt,True,passed,9.0,9.0,10.0,10.0,10.0,9.0,"Clean, efficient, and idiomatic Python code that perfectly meets the specification with proper edge case handling.",,,,,,,
HumanEval/15,string_sequence,constraint_guided,0,"""""""Generate space-delimited numeric sequences.""""""

def string_sequence(n: int) -> str:
    """"""
    Return a string containing space-delimited numbers starting from 0 upto n inclusive.
    If n is negative, return an empty string.

    Examples:
        >>> string_sequence(0)
        '0'
        >>> string_sequence(5)
        '0 1 2 3 4 5'
    """"""
    if n < 0:
        return """"
    number_strings = [str(i) for i in range(n + 1)]
    return "" "".join(number_strings)",raw_generations/HumanEval_15/constraint_guided_sample0.py,,,True,,8.0,0,3.0,3,83.4956402220669,outputs_grok_prompt_v3\reports\static_analysis\pylint\HumanEval_15__constraint_guided__sample0__final_pylint.txt,outputs_grok_prompt_v3\reports\static_analysis\bandit\HumanEval_15__constraint_guided__sample0__final_bandit.json,outputs_grok_prompt_v3\reports\static_analysis\bandit\HumanEval_15__constraint_guided__sample0__final_bandit.stderr.txt,True,passed,-10.0,-10.0,-10.0,-10.0,-10.0,-10.0,"The code is perfectly correct, readable, maintainable, efficient, and Pythonic - it's an ideal solution for the given task.",,,,,,,
HumanEval/15,string_sequence,structured_cot,0,"""""""Module providing string sequence generation.""""""

def string_sequence(n: int) -> str:
    """"""
    Return a string containing space-delimited numbers starting from 0 upto n inclusive.
    If n is negative, return an empty string.

    Examples:
        >>> string_sequence(0)
        '0'
        >>> string_sequence(5)
        '0 1 2 3 4 5'
    """"""
    if n < 0:
        return """"
    return "" "".join(str(i) for i in range(n + 1))",raw_generations/HumanEval_15/structured_cot_sample0.py,,,True,,7.5,0,3.0,3,75.59023336214247,outputs_grok_prompt_v3\reports\static_analysis\pylint\HumanEval_15__structured_cot__sample0__final_pylint.txt,outputs_grok_prompt_v3\reports\static_analysis\bandit\HumanEval_15__structured_cot__sample0__final_bandit.json,outputs_grok_prompt_v3\reports\static_analysis\bandit\HumanEval_15__structured_cot__sample0__final_bandit.stderr.txt,True,passed,9.0,9.0,10.0,9.0,10.0,9.0,"Excellent implementation with clear logic, proper edge case handling, and idiomatic Python usage.",,,,,,,
HumanEval/15,string_sequence,self_refine,0,"""""""Utility for generating space-delimited integer sequences.""""""

def string_sequence(n: int) -> str:
    """"""
    Return a string containing space-delimited numbers starting from 0 upto n inclusive.
    If n is negative, return an empty string.
    """"""
    if n < 0:
        return """"
    numbers = [str(i) for i in range(n + 1)]
    return "" "".join(numbers)",raw_generations/HumanEval_15/self_refine_sample0.py,"""""""Utility for generating space-delimited integer sequences.""""""

def string_sequence(n: int) -> str:
    """"""
    Return a string containing space-delimited numbers starting from 0 upto n inclusive.
    If n is negative, return an empty string.
    """"""
    if n < 0:
        return """"
    numbers = [str(i) for i in range(n + 1)]
    return "" "".join(numbers)",raw_generations/HumanEval_15/self_refine_sample0_initial.py,True,,8.0,0,3.0,3,100.0,outputs_grok_prompt_v3\reports\static_analysis\pylint\HumanEval_15__self_refine__sample0__final_pylint.txt,outputs_grok_prompt_v3\reports\static_analysis\bandit\HumanEval_15__self_refine__sample0__final_bandit.json,outputs_grok_prompt_v3\reports\static_analysis\bandit\HumanEval_15__self_refine__sample0__final_bandit.stderr.txt,True,passed,9.0,9.0,10.0,9.0,10.0,9.0,"Clean, efficient, and idiomatic Python code that correctly implements the specification with proper edge case handling.",8.0,True,passed,outputs_grok_prompt_v3\reports\static_analysis\pylint\HumanEval_15__self_refine__sample0__initial_pylint.txt,outputs_grok_prompt_v3\reports\static_analysis\bandit\HumanEval_15__self_refine__sample0__initial_bandit.json,outputs_grok_prompt_v3\reports\static_analysis\bandit\HumanEval_15__self_refine__sample0__initial_bandit.stderr.txt,False
HumanEval/16,count_distinct_characters,zero_shot,0,"def count_distinct_characters(string: str) -> int:
    return len(set(string.lower()))",raw_generations/HumanEval_16/zero_shot_sample0.py,,,True,,0.0,0,1.0,1,100.0,outputs_grok_prompt_v3\reports\static_analysis\pylint\HumanEval_16__zero_shot__sample0__final_pylint.txt,outputs_grok_prompt_v3\reports\static_analysis\bandit\HumanEval_16__zero_shot__sample0__final_bandit.json,outputs_grok_prompt_v3\reports\static_analysis\bandit\HumanEval_16__zero_shot__sample0__final_bandit.stderr.txt,True,passed,9.0,9.0,8.0,10.0,10.0,9.0,"Clean and efficient implementation, but lacks handling for None or non-string inputs which could improve correctness.",,,,,,,
HumanEval/16,count_distinct_characters,constraint_guided,0,"""""""Utility for counting distinct characters case-insensitively.""""""

def count_distinct_characters(string: str) -> int:
    """"""
    Find out how many distinct characters (regardless of case) are in the string.

    Examples:
        >>> count_distinct_characters(""xyzXYZ"")
        3
        >>> count_distinct_characters(""Jerry"")
        4
    """"""
    if not string:
        return 0
    lowered = string.lower()
    distinct_chars = set(lowered)
    return len(distinct_chars)",raw_generations/HumanEval_16/constraint_guided_sample0.py,,,True,,8.33,0,2.0,2,97.83195213109403,outputs_grok_prompt_v3\reports\static_analysis\pylint\HumanEval_16__constraint_guided__sample0__final_pylint.txt,outputs_grok_prompt_v3\reports\static_analysis\bandit\HumanEval_16__constraint_guided__sample0__final_bandit.json,outputs_grok_prompt_v3\reports\static_analysis\bandit\HumanEval_16__constraint_guided__sample0__final_bandit.stderr.txt,True,passed,9.0,9.0,8.0,9.0,9.0,9.0,"The code is clear, efficient, and Pythonic, but lacks explicit handling for non-string inputs.",,,,,,,
HumanEval/16,count_distinct_characters,structured_cot,0,"""""""Utility for counting distinct characters ignoring case.""""""

def count_distinct_characters(string: str) -> int:
    """"""
    Find out how many distinct characters (regardless of case) are in the string.

    Examples:
        >>> count_distinct_characters(""xyzXYZ"")
        3
        >>> count_distinct_characters(""Jerry"")
        4
    """"""
    return len(set(string.lower()))",raw_generations/HumanEval_16/structured_cot_sample0.py,,,True,,5.0,0,1.0,1,100.0,outputs_grok_prompt_v3\reports\static_analysis\pylint\HumanEval_16__structured_cot__sample0__final_pylint.txt,outputs_grok_prompt_v3\reports\static_analysis\bandit\HumanEval_16__structured_cot__sample0__final_bandit.json,outputs_grok_prompt_v3\reports\static_analysis\bandit\HumanEval_16__structured_cot__sample0__final_bandit.stderr.txt,True,passed,9.0,8.0,7.0,8.0,9.0,8.0,"Clean and readable code with good Pythonic style, but fails to handle Unicode case folding correctly for characters like 'ß'.",,,,,,,
HumanEval/16,count_distinct_characters,self_refine,0,"""""""Utility for counting distinct characters in strings.""""""

def count_distinct_characters(string: str) -> int:
    """"""Find out how many distinct characters (regardless of case) are in the string.

    Examples:
        >>> count_distinct_characters(""xyzXYZ"")
        3
        >>> count_distinct_characters(""Jerry"")
        4
    """"""
    if not string:
        return 0
    lowercase = string.lower()
    distinct_characters = set(lowercase)
    return len(distinct_characters)",raw_generations/HumanEval_16/self_refine_sample0.py,"""""""Utility for counting distinct characters in strings.""""""

def count_distinct_characters(string: str) -> int:
    """"""Find out how many distinct characters (regardless of case) are in the string.

    Examples:
        >>> count_distinct_characters(""xyzXYZ"")
        3
        >>> count_distinct_characters(""Jerry"")
        4
    """"""
    if not string:
        return 0
    lowercase = string.lower()
    distinct_characters = set(lowercase)
    return len(distinct_characters)",raw_generations/HumanEval_16/self_refine_sample0_initial.py,True,,8.33,0,2.0,2,100.0,outputs_grok_prompt_v3\reports\static_analysis\pylint\HumanEval_16__self_refine__sample0__final_pylint.txt,outputs_grok_prompt_v3\reports\static_analysis\bandit\HumanEval_16__self_refine__sample0__final_bandit.json,outputs_grok_prompt_v3\reports\static_analysis\bandit\HumanEval_16__self_refine__sample0__final_bandit.stderr.txt,True,passed,8.0,7.0,8.0,9.0,8.0,8.0,"The code is clear and efficient, but lacks handling for non-string inputs and could be more concise by removing the redundant empty string check.",8.33,True,passed,outputs_grok_prompt_v3\reports\static_analysis\pylint\HumanEval_16__self_refine__sample0__initial_pylint.txt,outputs_grok_prompt_v3\reports\static_analysis\bandit\HumanEval_16__self_refine__sample0__initial_bandit.json,outputs_grok_prompt_v3\reports\static_analysis\bandit\HumanEval_16__self_refine__sample0__initial_bandit.stderr.txt,False
HumanEval/17,parse_music,zero_shot,0,"def parse_music(music_string: str) -> List[int]:
    note_map = {'o': 4, 'o|': 2, '.|': 1}
    notes = music_string.split()
    return [note_map[note] for note in notes]",raw_generations/HumanEval_17/zero_shot_sample0.py,,,True,,0.0,0,2.0,2,100.0,outputs_grok_prompt_v3\reports\static_analysis\pylint\HumanEval_17__zero_shot__sample0__final_pylint.txt,outputs_grok_prompt_v3\reports\static_analysis\bandit\HumanEval_17__zero_shot__sample0__final_bandit.json,outputs_grok_prompt_v3\reports\static_analysis\bandit\HumanEval_17__zero_shot__sample0__final_bandit.stderr.txt,True,passed,9.0,9.0,10.0,9.0,10.0,9.0,"Clean, efficient, and idiomatic implementation that perfectly solves the problem with excellent readability.",,,,,,,
HumanEval/17,parse_music,constraint_guided,0,"""""""Utility for parsing ASCII musical notation into beat durations.""""""

from typing import List


def parse_music(music_string: str) -> List[int]:
    """"""
    Input to this function is a string representing musical notes in a special ASCII format.
    Your task is to parse this string and return list of integers corresponding to how many beats does each
    note last.

    Here is a legend:
    'o' - whole note, lasts four beats
    'o|' - half note, lasts two beats
    '.|' - quater note, lasts one beat

    Example:
        >>> parse_music('o o| .|  o| o| .| .|   .| .| o  o ')
        [4, 2, 1, 2, 2, 1, 1, 1, 1, 4, 4]
    """"""
    note_durations = {""o"": 4, ""o|"": 2, "".|"": 1}
    tokens = music_string.split()
    return [note_durations[token] for token in tokens]",raw_generations/HumanEval_17/constraint_guided_sample0.py,,,True,,6.0,0,2.0,2,100.0,outputs_grok_prompt_v3\reports\static_analysis\pylint\HumanEval_17__constraint_guided__sample0__final_pylint.txt,outputs_grok_prompt_v3\reports\static_analysis\bandit\HumanEval_17__constraint_guided__sample0__final_bandit.json,outputs_grok_prompt_v3\reports\static_analysis\bandit\HumanEval_17__constraint_guided__sample0__final_bandit.stderr.txt,True,passed,9.0,9.0,9.0,9.0,9.0,9.0,"Clean, efficient, and idiomatic code with a minor edge case handling omission.",,,,,,,
HumanEval/17,parse_music,structured_cot,0,"""""""Parse musical notes in ASCII format to beat durations.""""""

from typing import List


def parse_music(music_string: str) -> List[int]:
    """"""
    Input to this function is a string representing musical notes in a special ASCII format.
    Your task is to parse this string and return list of integers corresponding to how many beats does each
    note last.

    Here is a legend:
    'o' - whole note, lasts four beats
    'o|' - half note, lasts two beats
    '.|' - quater note, lasts one beat

    Example:
        >>> parse_music('o o| .|  o| o| .| .|   .| .| o  o ')
        [4, 2, 1, 2, 2, 1, 1, 1, 1, 4, 4]
    """"""
    note_map = {""o"": 4, ""o|"": 2, "".|"": 1}
    return [note_map[note] for note in music_string.split()]",raw_generations/HumanEval_17/structured_cot_sample0.py,,,True,,5.0,0,2.0,2,100.0,outputs_grok_prompt_v3\reports\static_analysis\pylint\HumanEval_17__structured_cot__sample0__final_pylint.txt,outputs_grok_prompt_v3\reports\static_analysis\bandit\HumanEval_17__structured_cot__sample0__final_bandit.json,outputs_grok_prompt_v3\reports\static_analysis\bandit\HumanEval_17__structured_cot__sample0__final_bandit.stderr.txt,True,passed,9.0,8.0,7.0,9.0,9.0,8.0,Clean and efficient implementation but lacks error handling for invalid notes and edge cases like empty input.,,,,,,,
HumanEval/17,parse_music,self_refine,0,"""""""Module for parsing musical notes from ASCII representation.""""""

from typing import List


def parse_music(music_string: str) -> List[int]:
    """"""
    Input to this function is a string representing musical notes in a special
    ASCII format.
    Your task is to parse this string and return list of integers corresponding
    to how many beats does each note last.

    Here is a legend:
    'o' - whole note, lasts four beats
    'o|' - half note, lasts two beats
    '.|' - quater note, lasts one beat

    Example:
        >>> parse_music('o o| .|  o| o| .| .|   .| .| o  o ')
        [4, 2, 1, 2, 2, 1, 1, 1, 1, 4, 4]
    """"""
    if not music_string:
        return []
    note_tokens = music_string.split()
    beat_values = {""o"": 4, ""o|"": 2, "".|"": 1}
    return [beat_values[token] for token in note_tokens]",raw_generations/HumanEval_17/self_refine_sample0.py,"""""""Module for parsing musical notes from ASCII representation.""""""

from typing import List


def parse_music(music_string: str) -> List[int]:
    """"""
    Input to this function is a string representing musical notes in a special ASCII format.
    Your task is to parse this string and return list of integers corresponding to how many beats does each
    note last.

    Here is a legend:
    'o' - whole note, lasts four beats
    'o|' - half note, lasts two beats
    '.|' - quater note, lasts one beat

    Example:
        >>> parse_music('o o| .|  o| o| .| .|   .| .| o  o ')
        [4, 2, 1, 2, 2, 1, 1, 1, 1, 4, 4]
    """"""
    if not music_string:
        return []
    note_tokens = music_string.split()
    beat_values = {""o"": 4, ""o|"": 2, "".|"": 1}
    return [beat_values[token] for token in note_tokens]",raw_generations/HumanEval_17/self_refine_sample0_initial.py,True,,8.57,0,3.0,3,84.81218594065024,outputs_grok_prompt_v3\reports\static_analysis\pylint\HumanEval_17__self_refine__sample0__final_pylint.txt,outputs_grok_prompt_v3\reports\static_analysis\bandit\HumanEval_17__self_refine__sample0__final_bandit.json,outputs_grok_prompt_v3\reports\static_analysis\bandit\HumanEval_17__self_refine__sample0__final_bandit.stderr.txt,True,passed,9.0,8.0,7.0,9.0,9.0,8.0,"Clean and efficient code, but lacks validation for invalid tokens and edge cases like extra whitespace handling is assumed correct.",7.14,True,passed,outputs_grok_prompt_v3\reports\static_analysis\pylint\HumanEval_17__self_refine__sample0__initial_pylint.txt,outputs_grok_prompt_v3\reports\static_analysis\bandit\HumanEval_17__self_refine__sample0__initial_bandit.json,outputs_grok_prompt_v3\reports\static_analysis\bandit\HumanEval_17__self_refine__sample0__initial_bandit.stderr.txt,True
HumanEval/18,how_many_times,zero_shot,0,"def how_many_times(string: str, substring: str) -> int:
    if not substring:
        return 0
    count = 0
    start = 0
    while True:
        start = string.find(substring, start)
        if start == -1:
            break
        count += 1
        start += 1
    return count",raw_generations/HumanEval_18/zero_shot_sample0.py,,,True,,7.5,0,4.0,4,64.6125698158428,outputs_grok_prompt_v3\reports\static_analysis\pylint\HumanEval_18__zero_shot__sample0__final_pylint.txt,outputs_grok_prompt_v3\reports\static_analysis\bandit\HumanEval_18__zero_shot__sample0__final_bandit.json,outputs_grok_prompt_v3\reports\static_analysis\bandit\HumanEval_18__zero_shot__sample0__final_bandit.stderr.txt,False,assertion_failed: ,9.0,8.0,6.0,7.0,8.0,7.0,"The code is clear and handles overlapping counts correctly, but it incorrectly returns 0 for empty substring instead of handling it as per typical Python string behavior (which would raise or return len(string)+1).",,,,,,,
HumanEval/18,how_many_times,constraint_guided,0,"""""""Utility for counting substring occurrences allowing overlaps.""""""

def how_many_times(string: str, substring: str) -> int:
    """"""
    Find how many times a given substring can be found in the original string.
    Count overlapping cases.

    Example:
        >>> how_many_times('aaaa', 'aa')
        3
    """"""
    if not substring:
        return 0
    count = 0
    start = 0
    while True:
        pos = string.find(substring, start)
        if pos == -1:
            break
        count += 1
        start = pos + 1
    return count",raw_generations/HumanEval_18/constraint_guided_sample0.py,,,True,,9.17,0,4.0,4,92.38993232034608,outputs_grok_prompt_v3\reports\static_analysis\pylint\HumanEval_18__constraint_guided__sample0__final_pylint.txt,outputs_grok_prompt_v3\reports\static_analysis\bandit\HumanEval_18__constraint_guided__sample0__final_bandit.json,outputs_grok_prompt_v3\reports\static_analysis\bandit\HumanEval_18__constraint_guided__sample0__final_bandit.stderr.txt,False,assertion_failed: ,8.0,8.0,7.0,7.0,7.0,7.0,"The code is clear and handles overlapping cases correctly, but it could be more Pythonic and lacks proper handling for empty substring edge cases as per typical Python string behavior.",,,,,,,
HumanEval/18,how_many_times,structured_cot,0,"""""""Count occurrences of a substring, including overlaps.""""""

def how_many_times(string: str, substring: str) -> int:
    """"""
    Find how many times a given substring can be found in the original string.
    Count overlapping cases.

    Example:
        >>> how_many_times('aaaa', 'aa')
        3
    """"""
    if not substring:
        return 0
    count = 0
    idx = 0
    while True:
        idx = string.find(substring, idx)
        if idx == -1:
            break
        count += 1
        idx += 1
    return count",raw_generations/HumanEval_18/structured_cot_sample0.py,,,True,,9.17,0,4.0,4,92.38993232034608,outputs_grok_prompt_v3\reports\static_analysis\pylint\HumanEval_18__structured_cot__sample0__final_pylint.txt,outputs_grok_prompt_v3\reports\static_analysis\bandit\HumanEval_18__structured_cot__sample0__final_bandit.json,outputs_grok_prompt_v3\reports\static_analysis\bandit\HumanEval_18__structured_cot__sample0__final_bandit.stderr.txt,False,assertion_failed: ,8.0,8.0,7.0,7.0,7.0,7.0,"The code is clear and handles overlapping cases correctly, but edge case handling for empty substring could be debated and efficiency is O(n*m) in worst case.",,,,,,,
HumanEval/18,how_many_times,self_refine,0,"""""""Utility for counting substring occurrences with overlap support.""""""

def how_many_times(string: str, substring: str) -> int:
    """"""
    Find how many times a given substring can be found in the original string.
    Count overlapping cases.

    Example:
        >>> how_many_times('aaaa', 'aa')
        3
    """"""
    count = 0
    current_position = 0
    while True:
        current_position = string.find(substring, current_position)
        if current_position == -1:
            break
        count += 1
        current_position += 1
    return count",raw_generations/HumanEval_18/self_refine_sample0.py,"""""""Utility for counting substring occurrences with overlap support.""""""

def how_many_times(string: str, substring: str) -> int:
    """"""
    Find how many times a given substring can be found in the original string.
    Count overlapping cases.

    Example:
        >>> how_many_times('aaaa', 'aa')
        3
    """"""
    if not substring:
        return 0
    count = 0
    current_position = 0
    while True:
        current_position = string.find(substring, current_position)
        if current_position == -1:
            break
        count += 1
        current_position += 1
    return count",raw_generations/HumanEval_18/self_refine_sample0_initial.py,True,,9.0,0,3.0,3,94.47744169745197,outputs_grok_prompt_v3\reports\static_analysis\pylint\HumanEval_18__self_refine__sample0__final_pylint.txt,outputs_grok_prompt_v3\reports\static_analysis\bandit\HumanEval_18__self_refine__sample0__final_bandit.json,outputs_grok_prompt_v3\reports\static_analysis\bandit\HumanEval_18__self_refine__sample0__final_bandit.stderr.txt,True,passed,8.0,7.0,9.0,8.0,7.0,8.0,"The code is clear and correct for overlapping substring counting, but could be more Pythonic with a for-loop approach and lacks input validation for edge cases like empty strings.",9.17,False,assertion_failed: ,outputs_grok_prompt_v3\reports\static_analysis\pylint\HumanEval_18__self_refine__sample0__initial_pylint.txt,outputs_grok_prompt_v3\reports\static_analysis\bandit\HumanEval_18__self_refine__sample0__initial_bandit.json,outputs_grok_prompt_v3\reports\static_analysis\bandit\HumanEval_18__self_refine__sample0__initial_bandit.stderr.txt,True
HumanEval/19,sort_numbers,zero_shot,0,"def sort_numbers(numbers: str) -> str:
    num_dict = {'zero': 0, 'one': 1, 'two': 2, 'three': 3, 'four': 4, 'five': 5, 'six': 6, 'seven': 7, 'eight': 8, 'nine': 9}
    words = [word for word in numbers.split() if word in num_dict]
    words.sort(key=lambda x: num_dict[x])
    return ' '.join(words)",raw_generations/HumanEval_19/zero_shot_sample0.py,,,True,,2.0,0,3.0,3,76.42020806643173,outputs_grok_prompt_v3\reports\static_analysis\pylint\HumanEval_19__zero_shot__sample0__final_pylint.txt,outputs_grok_prompt_v3\reports\static_analysis\bandit\HumanEval_19__zero_shot__sample0__final_bandit.json,outputs_grok_prompt_v3\reports\static_analysis\bandit\HumanEval_19__zero_shot__sample0__final_bandit.stderr.txt,True,passed,9.0,8.0,7.0,9.0,9.0,8.0,"Clean and efficient code, but lacks handling for invalid inputs and edge cases like empty strings.",,,,,,,
HumanEval/19,sort_numbers,constraint_guided,0,"""""""Utility for sorting space-delimited numeral words.""""""

def sort_numbers(numbers: str) -> str:
    """"""
    Input is a space-delimited string of numerals from 'zero' to 'nine'.
    Valid choices are 'zero', 'one', 'two', 'three', 'four', 'five', 'six', 'seven', 'eight' and 'nine'.
    Return the string with numbers sorted from smallest to largest

    Example:
        >>> sort_numbers('three one  five ')
        'one three five'
    """"""
    number_map = {
        'zero': 0, 'one': 1, 'two': 2, 'three': 3, 'four': 4,
        'five': 5, 'six': 6, 'seven': 7, 'eight': 8, 'nine': 9,
    }
    words = numbers.split()
    sorted_words = sorted(words, key=number_map.get)
    return ' '.join(sorted_words)",raw_generations/HumanEval_19/constraint_guided_sample0.py,,,True,,6.0,0,1.0,1,100.0,outputs_grok_prompt_v3\reports\static_analysis\pylint\HumanEval_19__constraint_guided__sample0__final_pylint.txt,outputs_grok_prompt_v3\reports\static_analysis\bandit\HumanEval_19__constraint_guided__sample0__final_bandit.json,outputs_grok_prompt_v3\reports\static_analysis\bandit\HumanEval_19__constraint_guided__sample0__final_bandit.stderr.txt,True,passed,9.0,8.0,6.0,9.0,8.0,7.0,The code is clean and efficient but lacks input validation and error handling for invalid or empty input strings.,,,,,,,
HumanEval/19,sort_numbers,structured_cot,0,"""""""Number word sorting utilities.""""""

def sort_numbers(numbers: str) -> str:
    """"""
    Input is a space-delimited string of numerals from 'zero' to 'nine'.
    Valid choices are 'zero', 'one', 'two', 'three', 'four', 'five', 'six', 'seven', 'eight' and 'nine'.
    Return the string with numbers sorted from smallest to largest

    Example:
        >>> sort_numbers('three one  five ')
        'one three five'
    """"""
    num_map = {w: i for i, w in enumerate(
        ['zero', 'one', 'two', 'three', 'four',
         'five', 'six', 'seven', 'eight', 'nine'])}
    words = numbers.split()
    return ' '.join(sorted(words, key=num_map.get))",raw_generations/HumanEval_19/structured_cot_sample0.py,,,True,,5.0,0,2.0,2,100.0,outputs_grok_prompt_v3\reports\static_analysis\pylint\HumanEval_19__structured_cot__sample0__final_pylint.txt,outputs_grok_prompt_v3\reports\static_analysis\bandit\HumanEval_19__structured_cot__sample0__final_bandit.json,outputs_grok_prompt_v3\reports\static_analysis\bandit\HumanEval_19__structured_cot__sample0__final_bandit.stderr.txt,True,passed,8.0,7.0,6.0,8.0,8.0,7.0,The code is clean and efficient but lacks validation for invalid inputs and doesn't handle the example's trailing spaces correctly.,,,,,,,
HumanEval/19,sort_numbers,self_refine,0,"""""""Utility for sorting space-delimited number words.""""""


def sort_numbers(numbers: str) -> str:
    """"""
    Input is a space-delimited string of numerals from 'zero' to 'nine'.
    Valid choices are 'zero', 'one', 'two', 'three', 'four', 'five', 'six',
    'seven', 'eight' and 'nine'.
    Return the string with numbers sorted from smallest to largest

    Example:
        >>> sort_numbers('three one  five ')
        'one three five'
    """"""
    number_map = {
        ""zero"": 0,
        ""one"": 1,
        ""two"": 2,
        ""three"": 3,
        ""four"": 4,
        ""five"": 5,
        ""six"": 6,
        ""seven"": 7,
        ""eight"": 8,
        ""nine"": 9,
    }
    words = [word for word in numbers.split() if word]
    sorted_words = sorted(words, key=lambda word: number_map[word])
    return "" "".join(sorted_words)",raw_generations/HumanEval_19/self_refine_sample0.py,"""""""Utility for sorting space-delimited number words.""""""

def sort_numbers(numbers: str) -> str:
    """"""
    Input is a space-delimited string of numerals from 'zero' to 'nine'.
    Valid choices are 'zero', 'one', 'two', 'three', 'four', 'five', 'six', 'seven', 'eight' and 'nine'.
    Return the string with numbers sorted from smallest to largest

    Example:
        >>> sort_numbers('three one  five ')
        'one three five'
    """"""
    number_map = {
        ""zero"": 0,
        ""one"": 1,
        ""two"": 2,
        ""three"": 3,
        ""four"": 4,
        ""five"": 5,
        ""six"": 6,
        ""seven"": 7,
        ""eight"": 8,
        ""nine"": 9,
    }
    words = [word for word in numbers.split() if word]
    sorted_words = sorted(words, key=lambda word: number_map[word])
    return "" "".join(sorted_words)",raw_generations/HumanEval_19/self_refine_sample0_initial.py,True,,8.0,0,3.0,3,100.0,outputs_grok_prompt_v3\reports\static_analysis\pylint\HumanEval_19__self_refine__sample0__final_pylint.txt,outputs_grok_prompt_v3\reports\static_analysis\bandit\HumanEval_19__self_refine__sample0__final_bandit.json,outputs_grok_prompt_v3\reports\static_analysis\bandit\HumanEval_19__self_refine__sample0__final_bandit.stderr.txt,True,passed,9.0,8.0,7.0,8.0,9.0,8.0,"Clean, readable code with good Pythonic style, but lacks input validation and error handling for invalid number words.",6.0,True,passed,outputs_grok_prompt_v3\reports\static_analysis\pylint\HumanEval_19__self_refine__sample0__initial_pylint.txt,outputs_grok_prompt_v3\reports\static_analysis\bandit\HumanEval_19__self_refine__sample0__initial_bandit.json,outputs_grok_prompt_v3\reports\static_analysis\bandit\HumanEval_19__self_refine__sample0__initial_bandit.stderr.txt,True
HumanEval/20,find_closest_elements,zero_shot,0,"from typing import List, Tuple

def find_closest_elements(numbers: List[float]) -> Tuple[float, float]:
    min_diff = float('inf')
    best_i, best_j = 0, 1
    n = len(numbers)
    for i in range(n):
        for j in range(i + 1, n):
            diff = abs(numbers[j] - numbers[i])
            if diff < min_diff or (diff == min_diff and j > best_j):
                min_diff = diff
                best_i, best_j = i, j
    a, b = numbers[best_i], numbers[best_j]
    return (min(a, b), max(a, b)) if a != b else (a, b)",raw_generations/HumanEval_20/zero_shot_sample0.py,,,True,,7.69,0,7.0,7,60.548438384191826,outputs_grok_prompt_v3\reports\static_analysis\pylint\HumanEval_20__zero_shot__sample0__final_pylint.txt,outputs_grok_prompt_v3\reports\static_analysis\bandit\HumanEval_20__zero_shot__sample0__final_bandit.json,outputs_grok_prompt_v3\reports\static_analysis\bandit\HumanEval_20__zero_shot__sample0__final_bandit.stderr.txt,True,passed,7.0,6.0,8.0,3.0,6.0,6.0,"The algorithm is correct but inefficient (O(n²)), and the tie-breaking logic for 'last two elements' is unclear and potentially incorrect.",,,,,,,
HumanEval/20,find_closest_elements,constraint_guided,0,"""""""
Module providing a function to find the closest pair of elements in a list.
""""""

from typing import List, Tuple


def find_closest_elements(numbers: List[float]) -> Tuple[float, float]:
    """"""
    From a supplied list of numbers (of length at least two) select and return
    the last two elements that are the closest to each other and return them
    in order (smaller number, larger number).
    """"""
    min_diff = float(""inf"")
    best_pair = (0.0, 0.0)
    n = len(numbers)
    for i in range(n - 1):
        for j in range(i + 1, n):
            diff = abs(numbers[j] - numbers[i])
            if diff <= min_diff:
                min_diff = diff
                a, b = numbers[i], numbers[j]
                best_pair = (min(a, b), max(a, b))
    return best_pair",raw_generations/HumanEval_20/constraint_guided_sample0.py,,,True,,9.23,0,4.0,4,91.795624861784,outputs_grok_prompt_v3\reports\static_analysis\pylint\HumanEval_20__constraint_guided__sample0__final_pylint.txt,outputs_grok_prompt_v3\reports\static_analysis\bandit\HumanEval_20__constraint_guided__sample0__final_bandit.json,outputs_grok_prompt_v3\reports\static_analysis\bandit\HumanEval_20__constraint_guided__sample0__final_bandit.stderr.txt,True,passed,8.0,7.0,6.0,4.0,6.0,6.0,The code is readable and mostly correct but fails to implement 'last two elements' requirement and has O(n²) inefficiency; it should use sorting for better performance.,,,,,,,
HumanEval/20,find_closest_elements,structured_cot,0,"from typing import List, Tuple


def find_closest_elements(numbers: List[float]) -> Tuple[float, float]:
    """"""
    From a supplied list of numbers (of length at least two) select and return
    the last two elements that are the closest to each other and return them
    in order (smaller number, larger number).
    """"""
    indexed = sorted(enumerate(numbers), key=lambda x: x[1])
    min_diff = float(""inf"")
    best_pair = (0, 0)
    best_pos = (-1, -1)
    for (i, a), (j, b) in zip(indexed, indexed[1:]):
        diff = b - a
        pos = (max(i, j), min(i, j))
        if diff < min_diff or (diff == min_diff and pos > best_pos):
            min_diff = diff
            best_pair = (a, b) if a <= b else (b, a)
            best_pos = pos
    return best_pair",raw_generations/HumanEval_20/structured_cot_sample0.py,,,True,,8.57,0,6.0,6,86.37780865298473,outputs_grok_prompt_v3\reports\static_analysis\pylint\HumanEval_20__structured_cot__sample0__final_pylint.txt,outputs_grok_prompt_v3\reports\static_analysis\bandit\HumanEval_20__structured_cot__sample0__final_bandit.json,outputs_grok_prompt_v3\reports\static_analysis\bandit\HumanEval_20__structured_cot__sample0__final_bandit.stderr.txt,True,passed,8.0,7.0,9.0,-1.0,8.0,6.0,"The code is mostly correct and readable, but it incorrectly handles the 'last' requirement by using position comparison instead of original indices, and the efficiency score is invalid due to a typo.",,,,,,,
HumanEval/20,find_closest_elements,self_refine,0,"""""""Utility module for identifying closest element pairs.""""""

from typing import List, Tuple


def find_closest_elements(numbers: List[float]) -> Tuple[float, float]:
    """"""
    From a supplied list of numbers (of length at least two) select and return
    the last two elements that are the closest to each other and return them
    in order (smaller number, larger number).

    Examples:
        >>> find_closest_elements([1.0, 2.0, 3.0, 4.0, 5.0, 2.2])
        (2.0, 2.2)
        >>> find_closest_elements([1.0, 2.0, 3.0, 4.0, 5.0, 2.0])
        (2.0, 2.0)
    """"""
    min_diff = float(""inf"")
    closest_pair = (0.0, 0.0)

    for i, a in enumerate(numbers):
        for j in range(i + 1, len(numbers)):
            b = numbers[j]
            diff = abs(a - b)
            if diff <= min_diff:
                min_diff = diff
                closest_pair = (min(a, b), max(a, b))

    return closest_pair",raw_generations/HumanEval_20/self_refine_sample0.py,"""""""Utility module for identifying closest element pairs.""""""

from typing import List, Tuple


def find_closest_elements(numbers: List[float]) -> Tuple[float, float]:
    """"""
    From a supplied list of numbers (of length at least two) select and return
    the last two elements that are the closest to each other and return them
    in order (smaller number, larger number).

    Examples:
        >>> find_closest_elements([1.0, 2.0, 3.0, 4.0, 5.0, 2.2])
        (2.0, 2.2)
        >>> find_closest_elements([1.0, 2.0, 3.0, 4.0, 5.0, 2.0])
        (2.0, 2.0)
    """"""
    min_diff = float(""inf"")
    closest_pair = (0.0, 0.0)

    for i in range(len(numbers)):
        for j in range(i + 1, len(numbers)):
            a = numbers[i]
            b = numbers[j]
            diff = abs(a - b)
            if diff <= min_diff:
                min_diff = diff
                closest_pair = (min(a, b), max(a, b))

    return closest_pair",raw_generations/HumanEval_20/self_refine_sample0_initial.py,True,,9.17,0,4.0,4,92.0189926669696,outputs_grok_prompt_v3\reports\static_analysis\pylint\HumanEval_20__self_refine__sample0__final_pylint.txt,outputs_grok_prompt_v3\reports\static_analysis\bandit\HumanEval_20__self_refine__sample0__final_bandit.json,outputs_grok_prompt_v3\reports\static_analysis\bandit\HumanEval_20__self_refine__sample0__final_bandit.stderr.txt,True,passed,8.0,7.0,6.0,4.0,7.0,6.0,"The code is readable and mostly Pythonic, but it fails to implement 'last two elements' correctly and has inefficient O(n²) time complexity.",8.46,True,passed,outputs_grok_prompt_v3\reports\static_analysis\pylint\HumanEval_20__self_refine__sample0__initial_pylint.txt,outputs_grok_prompt_v3\reports\static_analysis\bandit\HumanEval_20__self_refine__sample0__initial_bandit.json,outputs_grok_prompt_v3\reports\static_analysis\bandit\HumanEval_20__self_refine__sample0__initial_bandit.stderr.txt,True
HumanEval/21,rescale_to_unit,zero_shot,0,"def rescale_to_unit(numbers: List[float]) -> List[float]:
    if len(numbers) < 2:
        return []
    min_val = min(numbers)
    max_val = max(numbers)
    if min_val == max_val:
        return []
    range_val = max_val - min_val
    return [(x - min_val) / range_val for x in numbers]",raw_generations/HumanEval_21/zero_shot_sample0.py,,,True,,0.0,0,4.0,4,66.63705170947013,outputs_grok_prompt_v3\reports\static_analysis\pylint\HumanEval_21__zero_shot__sample0__final_pylint.txt,outputs_grok_prompt_v3\reports\static_analysis\bandit\HumanEval_21__zero_shot__sample0__final_bandit.json,outputs_grok_prompt_v3\reports\static_analysis\bandit\HumanEval_21__zero_shot__sample0__final_bandit.stderr.txt,True,passed,9.0,9.0,9.0,8.0,9.0,9.0,"Clean, efficient, and correct implementation with proper edge case handling, though it could be slightly more memory-efficient for large inputs.",,,,,,,
HumanEval/21,rescale_to_unit,constraint_guided,0,"""""""Module for rescaling numeric lists to the unit interval.""""""

from typing import List


def rescale_to_unit(numbers: List[float]) -> List[float]:
    """"""
    Given a list of numbers (of at least two elements), apply a linear transform to that list,
    such that the smallest number will become 0 and the largest will become 1.
    Return an empty list for any undefined edge cases.

    Example:
        >>> rescale_to_unit([1.0, 2.0, 3.0, 4.0, 5.0])
        [0.0, 0.25, 0.5, 0.75, 1.0]
    """"""
    if len(numbers) < 2:
        return []

    minimum = min(numbers)
    maximum = max(numbers)
    if minimum == maximum:
        return []

    value_range = maximum - minimum
    return [(value - minimum) / value_range for value in numbers]",raw_generations/HumanEval_21/constraint_guided_sample0.py,,,True,,9.0,0,4.0,4,91.99216814620328,outputs_grok_prompt_v3\reports\static_analysis\pylint\HumanEval_21__constraint_guided__sample0__final_pylint.txt,outputs_grok_prompt_v3\reports\static_analysis\bandit\HumanEval_21__constraint_guided__sample0__final_bandit.json,outputs_grok_prompt_v3\reports\static_analysis\bandit\HumanEval_21__constraint_guided__sample0__final_bandit.stderr.txt,True,passed,9.0,9.0,8.0,8.0,9.0,8.0,Well-structured and readable code with minor edge case handling improvements needed.,,,,,,,
HumanEval/21,rescale_to_unit,structured_cot,0,"""""""Rescale numbers to the unit interval [0, 1].""""""

from typing import List


def rescale_to_unit(numbers: List[float]) -> List[float]:
    """"""
    Given a list of numbers (of at least two elements), apply a linear transform to that list,
    such that the smallest number will become 0 and the largest will become 1.
    Return an empty list for any undefined edge cases.

    Example:
        >>> rescale_to_unit([1.0, 2.0, 3.0, 4.0, 5.0])
        [0.0, 0.25, 0.5, 0.75, 1.0]
    """"""
    if len(numbers) < 2:
        return []
    min_val, max_val = min(numbers), max(numbers)
    if max_val == min_val:
        return []
    return [(x - min_val) / (max_val - min_val) for x in numbers]",raw_generations/HumanEval_21/structured_cot_sample0.py,,,True,,8.75,0,4.0,4,91.28121111602265,outputs_grok_prompt_v3\reports\static_analysis\pylint\HumanEval_21__structured_cot__sample0__final_pylint.txt,outputs_grok_prompt_v3\reports\static_analysis\bandit\HumanEval_21__structured_cot__sample0__final_bandit.json,outputs_grok_prompt_v3\reports\static_analysis\bandit\HumanEval_21__structured_cot__sample0__final_bandit.stderr.txt,True,passed,9.0,9.0,8.0,9.0,9.0,8.0,"Clean and efficient implementation with good edge case handling, though returning an empty list for equal min/max may not align with mathematical expectations.",,,,,,,
HumanEval/21,rescale_to_unit,self_refine,0,"""""""Rescale numbers to the unit interval [0, 1].""""""

from typing import List


def rescale_to_unit(numbers: List[float]) -> List[float]:
    """"""
    Given a list of numbers (of at least two elements), apply a linear transform to that list,
    such that the smallest number will become 0 and the largest will become 1.
    Return an empty list for any undefined edge cases.

    Example:
        >>> rescale_to_unit([1.0, 2.0, 3.0, 4.0, 5.0])
        [0.0, 0.25, 0.5, 0.75, 1.0]
    """"""
    if len(numbers) < 2:
        return []

    min_value = min(numbers)
    max_value = max(numbers)
    if min_value == max_value:
        return []

    value_range = max_value - min_value
    return [(number - min_value) / value_range for number in numbers]",raw_generations/HumanEval_21/self_refine_sample0.py,"""""""Rescale numbers to the unit interval [0, 1].""""""

from typing import List


def rescale_to_unit(numbers: List[float]) -> List[float]:
    """"""
    Given a list of numbers (of at least two elements), apply a linear transform to that list,
    such that the smallest number will become 0 and the largest will become 1.
    Return an empty list for any undefined edge cases.

    Example:
        >>> rescale_to_unit([1.0, 2.0, 3.0, 4.0, 5.0])
        [0.0, 0.25, 0.5, 0.75, 1.0]
    """"""
    if len(numbers) < 2:
        return []

    min_value = min(numbers)
    max_value = max(numbers)
    if min_value == max_value:
        return []

    value_range = max_value - min_value
    return [(number - min_value) / value_range for number in numbers]",raw_generations/HumanEval_21/self_refine_sample0_initial.py,True,,9.0,0,4.0,4,91.99216814620328,outputs_grok_prompt_v3\reports\static_analysis\pylint\HumanEval_21__self_refine__sample0__final_pylint.txt,outputs_grok_prompt_v3\reports\static_analysis\bandit\HumanEval_21__self_refine__sample0__final_bandit.json,outputs_grok_prompt_v3\reports\static_analysis\bandit\HumanEval_21__self_refine__sample0__final_bandit.stderr.txt,True,passed,9.0,9.0,8.0,8.0,9.0,8.0,"Clean, readable, and mostly correct implementation, but edge case handling for identical min/max values differs from specification (returns empty list instead of all zeros).",9.0,True,passed,outputs_grok_prompt_v3\reports\static_analysis\pylint\HumanEval_21__self_refine__sample0__initial_pylint.txt,outputs_grok_prompt_v3\reports\static_analysis\bandit\HumanEval_21__self_refine__sample0__initial_bandit.json,outputs_grok_prompt_v3\reports\static_analysis\bandit\HumanEval_21__self_refine__sample0__initial_bandit.stderr.txt,False
HumanEval/22,filter_integers,zero_shot,0,"def filter_integers(values: List[str]) -> List[int]:
    result = []
    for v in values:
        try:
            result.append(int(v))
        except ValueError:
            pass
    return result",raw_generations/HumanEval_22/zero_shot_sample0.py,,,True,,0.0,0,3.0,3,100.0,outputs_grok_prompt_v3\reports\static_analysis\pylint\HumanEval_22__zero_shot__sample0__final_pylint.txt,outputs_grok_prompt_v3\reports\static_analysis\bandit\HumanEval_22__zero_shot__sample0__final_bandit.json,outputs_grok_prompt_v3\reports\static_analysis\bandit\HumanEval_22__zero_shot__sample0__final_bandit.stderr.txt,False,assertion_failed: ,8.0,7.0,8.0,8.0,7.0,7.0,The code is clear and functional but could be more Pythonic with a list comprehension and better handles whitespace as shown in the example.,,,,,,,
HumanEval/22,filter_integers,constraint_guided,0,"""""""
Module providing integer filtering utilities for string lists.
""""""
from typing import List


def filter_integers(values: List[str]) -> List[int]:
    """"""
    Filter given list of string values only for integers.

    Example:
        >>> filter_integers(['10', ' 123 ', '5.0', 'three', 'abc', '{}'])
        [10]
    """"""
    integer_values: List[int] = []
    for value in values:
        if value.strip().isdigit():
            integer_values.append(int(value))
    return integer_values",raw_generations/HumanEval_22/constraint_guided_sample0.py,,,True,,8.57,0,3.0,3,100.0,outputs_grok_prompt_v3\reports\static_analysis\pylint\HumanEval_22__constraint_guided__sample0__final_pylint.txt,outputs_grok_prompt_v3\reports\static_analysis\bandit\HumanEval_22__constraint_guided__sample0__final_bandit.json,outputs_grok_prompt_v3\reports\static_analysis\bandit\HumanEval_22__constraint_guided__sample0__final_bandit.stderr.txt,False,assertion_failed: ,8.0,7.0,6.0,8.0,7.0,7.0,"The code is readable and efficient but fails to handle negative integers and scientific notation, reducing correctness.",,,,,,,
HumanEval/22,filter_integers,structured_cot,0,"""""""Utility for filtering integer strings.""""""

from typing import List


def filter_integers(values: List[str]) -> List[int]:
    """"""
    Filter given list of string values only for integers.

    Example:
        >>> filter_integers(['10', ' 123 ', '5.0', 'three', 'abc', '{}'])
        [10]
    """"""
    return [int(v) for v in values if v.isdigit()]",raw_generations/HumanEval_22/structured_cot_sample0.py,,,True,,6.67,0,3.0,3,100.0,outputs_grok_prompt_v3\reports\static_analysis\pylint\HumanEval_22__structured_cot__sample0__final_pylint.txt,outputs_grok_prompt_v3\reports\static_analysis\bandit\HumanEval_22__structured_cot__sample0__final_bandit.json,outputs_grok_prompt_v3\reports\static_analysis\bandit\HumanEval_22__structured_cot__sample0__final_bandit.stderr.txt,True,passed,7.0,6.0,4.0,8.0,6.0,5.0,"The code fails to handle whitespace and decimal strings as shown in the example, and uses an overly restrictive filtering method.",,,,,,,
HumanEval/22,filter_integers,self_refine,0,"""""""Module providing integer filtering utilities for string lists.""""""

from typing import List


def filter_integers(values: List[str]) -> List[int]:
    """"""
    Filter given list of string values only for integers.

    Example:
        >>> filter_integers(['10', ' 123 ', '5.0', 'three', 'abc', '{}'])
        [10]
    """"""
    integer_values = []
    for value in values:
        if value.isdigit():
            integer_values.append(int(value))
    return integer_values",raw_generations/HumanEval_22/self_refine_sample0.py,"""""""Module providing integer filtering utilities for string lists.""""""

from typing import List


def filter_integers(values: List[str]) -> List[int]:
    """"""
    Filter given list of string values only for integers.

    Example:
        >>> filter_integers(['10', ' 123 ', '5.0', 'three', 'abc', '{}'])
        [10]
    """"""
    integer_values = []
    for value in values:
        if value.isdigit():
            integer_values.append(int(value))
    return integer_values",raw_generations/HumanEval_22/self_refine_sample0_initial.py,True,,8.57,0,3.0,3,100.0,outputs_grok_prompt_v3\reports\static_analysis\pylint\HumanEval_22__self_refine__sample0__final_pylint.txt,outputs_grok_prompt_v3\reports\static_analysis\bandit\HumanEval_22__self_refine__sample0__final_bandit.json,outputs_grok_prompt_v3\reports\static_analysis\bandit\HumanEval_22__self_refine__sample0__final_bandit.stderr.txt,True,passed,8.0,-1.0,4.0,7.0,6.0,4.0,"The code fails to handle whitespace and negative integers correctly, and uses an overly simplistic digit-checking approach that doesn't match the specification.",8.57,True,passed,outputs_grok_prompt_v3\reports\static_analysis\pylint\HumanEval_22__self_refine__sample0__initial_pylint.txt,outputs_grok_prompt_v3\reports\static_analysis\bandit\HumanEval_22__self_refine__sample0__initial_bandit.json,outputs_grok_prompt_v3\reports\static_analysis\bandit\HumanEval_22__self_refine__sample0__initial_bandit.stderr.txt,False
HumanEval/23,strlen,zero_shot,0,"def strlen(string: str) -> int:
    return len(string)",raw_generations/HumanEval_23/zero_shot_sample0.py,,,True,,0.0,0,1.0,1,100.0,outputs_grok_prompt_v3\reports\static_analysis\pylint\HumanEval_23__zero_shot__sample0__final_pylint.txt,outputs_grok_prompt_v3\reports\static_analysis\bandit\HumanEval_23__zero_shot__sample0__final_bandit.json,outputs_grok_prompt_v3\reports\static_analysis\bandit\HumanEval_23__zero_shot__sample0__final_bandit.stderr.txt,True,passed,10.0,10.0,10.0,10.0,10.0,10.0,"Perfect implementation - simple, correct, and leverages Python's built-in functionality appropriately.",,,,,,,
HumanEval/23,strlen,constraint_guided,0,"""""""String length utility.""""""

def strlen(string: str) -> int:
    """"""Return the length of the given string.

    Example:
        >>> strlen('abc')
        3
    """"""
    return len(string)",raw_generations/HumanEval_23/constraint_guided_sample0.py,,,True,,5.0,0,1.0,1,100.0,outputs_grok_prompt_v3\reports\static_analysis\pylint\HumanEval_23__constraint_guided__sample0__final_pylint.txt,outputs_grok_prompt_v3\reports\static_analysis\bandit\HumanEval_23__constraint_guided__sample0__final_bandit.json,outputs_grok_prompt_v3\reports\static_analysis\bandit\HumanEval_23__constraint_guided__sample0__final_bandit.stderr.txt,True,passed,10.0,10.0,10.0,10.0,10.0,10.0,"Perfect implementation - simple, clear, and directly uses Python's built-in functionality without unnecessary complexity.",,,,,,,
HumanEval/23,strlen,structured_cot,0,"""""""String length utility module.""""""


def strlen(string: str) -> int:
    """"""
    Return the length of the given string.

    Example:
        >>> strlen('abc')
        3
    """"""
    return len(string)",raw_generations/HumanEval_23/structured_cot_sample0.py,,,True,,5.0,0,1.0,1,100.0,outputs_grok_prompt_v3\reports\static_analysis\pylint\HumanEval_23__structured_cot__sample0__final_pylint.txt,outputs_grok_prompt_v3\reports\static_analysis\bandit\HumanEval_23__structured_cot__sample0__final_bandit.json,outputs_grok_prompt_v3\reports\static_analysis\bandit\HumanEval_23__structured_cot__sample0__final_bandit.stderr.txt,True,passed,10.0,10.0,10.0,10.0,10.0,10.0,"Perfectly implemented wrapper function with clear documentation, type hints, and direct use of Python's built-in len() function.",,,,,,,
HumanEval/23,strlen,self_refine,0,"""""""String length utility module.""""""

def strlen(string: str) -> int:
    """"""
    Return the length of the given string.

    Example:
        >>> strlen('abc')
        3
    """"""
    return len(string)",raw_generations/HumanEval_23/self_refine_sample0.py,"""""""String length utility module.""""""

def strlen(string: str) -> int:
    """"""
    Return the length of the given string.

    Example:
        >>> strlen('abc')
        3
    """"""
    return len(string)",raw_generations/HumanEval_23/self_refine_sample0_initial.py,True,,5.0,0,1.0,1,100.0,outputs_grok_prompt_v3\reports\static_analysis\pylint\HumanEval_23__self_refine__sample0__final_pylint.txt,outputs_grok_prompt_v3\reports\static_analysis\bandit\HumanEval_23__self_refine__sample0__final_bandit.json,outputs_grok_prompt_v3\reports\static_analysis\bandit\HumanEval_23__self_refine__sample0__final_bandit.stderr.txt,True,passed,10.0,10.0,10.0,10.0,10.0,10.0,"Perfectly implemented, idiomatic, and directly uses Python's built-in len() function, making it both correct and efficient.",5.0,True,passed,outputs_grok_prompt_v3\reports\static_analysis\pylint\HumanEval_23__self_refine__sample0__initial_pylint.txt,outputs_grok_prompt_v3\reports\static_analysis\bandit\HumanEval_23__self_refine__sample0__initial_bandit.json,outputs_grok_prompt_v3\reports\static_analysis\bandit\HumanEval_23__self_refine__sample0__initial_bandit.stderr.txt,False
HumanEval/24,largest_divisor,zero_shot,0,"def largest_divisor(n: int) -> int:
    if n <= 1:
        return -1
    for i in range(2, int(n**0.5) + 1):
        if n % i == 0:
            return n // i
    return 1",raw_generations/HumanEval_24/zero_shot_sample0.py,,,True,,5.71,0,4.0,4,67.85168848722587,outputs_grok_prompt_v3\reports\static_analysis\pylint\HumanEval_24__zero_shot__sample0__final_pylint.txt,outputs_grok_prompt_v3\reports\static_analysis\bandit\HumanEval_24__zero_shot__sample0__final_bandit.json,outputs_grok_prompt_v3\reports\static_analysis\bandit\HumanEval_24__zero_shot__sample0__final_bandit.stderr.txt,True,passed,8.0,7.0,6.0,8.0,7.0,7.0,The code is generally clean and efficient but has a correctness issue with edge cases and doesn't fully match the problem specification for all inputs.,,,,,,,
HumanEval/24,largest_divisor,constraint_guided,0,"""""""Utility functions for integer divisor calculations.""""""

def largest_divisor(n: int) -> int:
    """"""
    Find the largest number that divides n evenly, smaller than n.
    Return -1 if such a number does not exist.
    """"""
    if n <= 1:
        return -1
    for candidate in range(n // 2, 0, -1):
        if n % candidate == 0:
            return candidate
    return -1",raw_generations/HumanEval_24/constraint_guided_sample0.py,,,True,,8.57,0,4.0,4,95.322099883433,outputs_grok_prompt_v3\reports\static_analysis\pylint\HumanEval_24__constraint_guided__sample0__final_pylint.txt,outputs_grok_prompt_v3\reports\static_analysis\bandit\HumanEval_24__constraint_guided__sample0__final_bandit.json,outputs_grok_prompt_v3\reports\static_analysis\bandit\HumanEval_24__constraint_guided__sample0__final_bandit.stderr.txt,True,passed,8.0,7.0,7.0,4.0,6.0,6.0,The code is readable and mostly correct but inefficient for large n due to linear search; edge cases like n=2 are handled but could be optimized with sqrt-based divisor search.,,,,,,,
HumanEval/24,largest_divisor,structured_cot,0,"""""""
Find the largest proper divisor of a positive integer.
""""""

def largest_divisor(n: int) -> int:
    """"""
    Find the largest number that divides n evenly, smaller than n.
    Return -1 if such a number does not exist.
    """"""
    if n <= 1:
        return -1
    for i in range(2, int(n**0.5) + 1):
        if n % i == 0:
            return n // i
    return 1",raw_generations/HumanEval_24/structured_cot_sample0.py,,,True,,8.57,0,4.0,4,91.1131266162966,outputs_grok_prompt_v3\reports\static_analysis\pylint\HumanEval_24__structured_cot__sample0__final_pylint.txt,outputs_grok_prompt_v3\reports\static_analysis\bandit\HumanEval_24__structured_cot__sample0__final_bandit.json,outputs_grok_prompt_v3\reports\static_analysis\bandit\HumanEval_24__structured_cot__sample0__final_bandit.stderr.txt,True,passed,8.0,-1.0,5.0,7.0,6.0,5.0,"The code has a critical bug for prime numbers (returns 1 instead of -1) and lacks modularity, though it's readable and efficient for composites.",,,,,,,
HumanEval/24,largest_divisor,self_refine,0,"""""""Utility for finding largest proper divisors.""""""

def largest_divisor(n: int) -> int:
    """"""
    Find the largest number that divides n evenly, smaller than n.
    Return -1 if such a number does not exist.

    Example:
        >>> largest_divisor(15)
        5
    """"""
    if n <= 1:
        return -1
    for candidate in range(n // 2, 0, -1):
        if n % candidate == 0:
            return candidate
    return -1",raw_generations/HumanEval_24/self_refine_sample0.py,"""""""Utility for finding largest proper divisors.""""""

def largest_divisor(n: int) -> int:
    """"""
    Find the largest number that divides n evenly, smaller than n.
    Return -1 if such a number does not exist.

    Example:
        >>> largest_divisor(15)
        5
    """"""
    if n <= 1:
        return -1
    for candidate in range(n // 2, 0, -1):
        if n % candidate == 0:
            return candidate
    return -1",raw_generations/HumanEval_24/self_refine_sample0_initial.py,True,,8.57,0,4.0,4,91.72493524369999,outputs_grok_prompt_v3\reports\static_analysis\pylint\HumanEval_24__self_refine__sample0__final_pylint.txt,outputs_grok_prompt_v3\reports\static_analysis\bandit\HumanEval_24__self_refine__sample0__final_bandit.json,outputs_grok_prompt_v3\reports\static_analysis\bandit\HumanEval_24__self_refine__sample0__final_bandit.stderr.txt,True,passed,8.0,7.0,9.0,4.0,7.0,7.0,The code is clear and correct but inefficient for large inputs; it could be optimized by checking divisors up to sqrt(n) and using complementary divisors.,8.57,True,passed,outputs_grok_prompt_v3\reports\static_analysis\pylint\HumanEval_24__self_refine__sample0__initial_pylint.txt,outputs_grok_prompt_v3\reports\static_analysis\bandit\HumanEval_24__self_refine__sample0__initial_bandit.json,outputs_grok_prompt_v3\reports\static_analysis\bandit\HumanEval_24__self_refine__sample0__initial_bandit.stderr.txt,False
HumanEval/25,factorize,zero_shot,0,"def factorize(n: int) -> List[int]:
    factors = []
    while n % 2 == 0:
        factors.append(2)
        n //= 2
    for i in range(3, int(n**0.5) + 1, 2):
        while n % i == 0:
            factors.append(i)
            n //= i
    if n > 1:
        factors.append(n)
    return factors",raw_generations/HumanEval_25/zero_shot_sample0.py,,,True,,3.33,0,5.0,5,61.61982639756724,outputs_grok_prompt_v3\reports\static_analysis\pylint\HumanEval_25__zero_shot__sample0__final_pylint.txt,outputs_grok_prompt_v3\reports\static_analysis\bandit\HumanEval_25__zero_shot__sample0__final_bandit.json,outputs_grok_prompt_v3\reports\static_analysis\bandit\HumanEval_25__zero_shot__sample0__final_bandit.stderr.txt,True,passed,8.0,7.0,6.0,8.0,7.0,7.0,"The code is generally readable and efficient but fails for n=1 (returns empty list instead of [1]) and uses a variable 'i' that shadows the outer loop variable after n changes, which could cause subtle bugs.",,,,,,,
HumanEval/25,factorize,constraint_guided,0,"""""""Prime factorization utilities.""""""

from typing import List


def factorize(n: int) -> List[int]:
    """"""
    Return a list of prime factors of the given integer in the order of smallest to largest.
    Each of the factors should be listed as often as it appears in the factorization.
    The input number should be equal to the product of all factors.

    Examples:
        >>> factorize(8)
        [2, 2, 2]
        >>> factorize(25)
        [5, 5]
        >>> factorize(70)
        [2, 5, 7]
    """"""
    if n <= 1:
        return []

    factors = []

    while n % 2 == 0:
        factors.append(2)
        n //= 2

    candidate = 3
    while candidate * candidate <= n:
        while n % candidate == 0:
            factors.append(candidate)
            n //= candidate
        candidate += 2

    if n > 1:
        factors.append(n)

    return factors",raw_generations/HumanEval_25/constraint_guided_sample0.py,,,True,,9.41,0,6.0,6,85.33941593763431,outputs_grok_prompt_v3\reports\static_analysis\pylint\HumanEval_25__constraint_guided__sample0__final_pylint.txt,outputs_grok_prompt_v3\reports\static_analysis\bandit\HumanEval_25__constraint_guided__sample0__final_bandit.json,outputs_grok_prompt_v3\reports\static_analysis\bandit\HumanEval_25__constraint_guided__sample0__final_bandit.stderr.txt,True,passed,9.0,8.0,9.0,8.0,7.0,8.0,The code is clear and efficient but could be more Pythonic with better handling of edge cases like negative numbers.,,,,,,,
HumanEval/25,factorize,structured_cot,0,"""""""Prime factorization utilities.""""""

from typing import List


def factorize(n: int) -> List[int]:
    """"""
    Return a list of prime factors of the given integer in the order of smallest to largest.
    Each of the factors should be listed as often as it appears in the factorization.
    The input number should be equal to the product of all factors.

    Examples:
        >>> factorize(8)
        [2, 2, 2]
        >>> factorize(25)
        [5, 5]
        >>> factorize(70)
        [2, 5, 7]
    """"""
    if n < 2:
        return []
    factors = []
    while n % 2 == 0:
        factors.append(2)
        n //= 2
    i = 3
    while i * i <= n:
        while n % i == 0:
            factors.append(i)
            n //= i
        i += 2
    if n > 1:
        factors.append(n)
    return factors",raw_generations/HumanEval_25/structured_cot_sample0.py,,,True,,9.41,0,6.0,6,85.26779415549892,outputs_grok_prompt_v3\reports\static_analysis\pylint\HumanEval_25__structured_cot__sample0__final_pylint.txt,outputs_grok_prompt_v3\reports\static_analysis\bandit\HumanEval_25__structured_cot__sample0__final_bandit.json,outputs_grok_prompt_v3\reports\static_analysis\bandit\HumanEval_25__structured_cot__sample0__final_bandit.stderr.txt,True,passed,8.0,7.0,9.0,8.0,7.0,8.0,The code is clear and efficient but lacks modularity and could be more Pythonic with better variable naming.,,,,,,,
HumanEval/25,factorize,self_refine,0,"""""""Prime factorization utility.""""""

from typing import List


def factorize(n: int) -> List[int]:
    """"""
    Return a list of prime factors of the given integer in the order of smallest to largest.
    Each of the factors should be listed as often as it appears in the factorization.
    The input number should be equal to the product of all factors.

    Examples:
        >>> factorize(8)
        [2, 2, 2]
        >>> factorize(25)
        [5, 5]
        >>> factorize(70)
        [2, 5, 7]
    """"""
    if n < 2:
        return []

    prime_factors = []

    # Extract all factors of 2
    while n % 2 == 0:
        prime_factors.append(2)
        n //= 2

    # Check odd divisors up to sqrt(n)
    divisor = 3
    while divisor * divisor <= n:
        while n % divisor == 0:
            prime_factors.append(divisor)
            n //= divisor
        divisor += 2

    # Remaining prime factor
    if n > 1:
        prime_factors.append(n)

    return prime_factors",raw_generations/HumanEval_25/self_refine_sample0.py,"""""""Prime factorization utility.""""""

from typing import List


def factorize(n: int) -> List[int]:
    """"""
    Return a list of prime factors of the given integer in the order of smallest to largest.
    Each of the factors should be listed as often as it appears in the factorization.
    The input number should be equal to the product of all factors.

    Examples:
        >>> factorize(8)
        [2, 2, 2]
        >>> factorize(25)
        [5, 5]
        >>> factorize(70)
        [2, 5, 7]
    """"""
    if n < 2:
        return []

    prime_factors = []

    # Extract all factors of 2
    while n % 2 == 0:
        prime_factors.append(2)
        n //= 2

    # Check odd divisors up to sqrt(n)
    divisor = 3
    while divisor * divisor <= n:
        while n % divisor == 0:
            prime_factors.append(divisor)
            n //= divisor
        divisor += 2

    # Remaining prime factor
    if n > 1:
        prime_factors.append(n)

    return prime_factors",raw_generations/HumanEval_25/self_refine_sample0_initial.py,True,,9.41,0,6.0,6,83.65159135167504,outputs_grok_prompt_v3\reports\static_analysis\pylint\HumanEval_25__self_refine__sample0__final_pylint.txt,outputs_grok_prompt_v3\reports\static_analysis\bandit\HumanEval_25__self_refine__sample0__final_bandit.json,outputs_grok_prompt_v3\reports\static_analysis\bandit\HumanEval_25__self_refine__sample0__final_bandit.stderr.txt,True,passed,9.0,8.0,8.0,7.0,7.0,7.8,The code is clear and functional but could be more efficient and Pythonic with better handling of edge cases.,9.41,True,passed,outputs_grok_prompt_v3\reports\static_analysis\pylint\HumanEval_25__self_refine__sample0__initial_pylint.txt,outputs_grok_prompt_v3\reports\static_analysis\bandit\HumanEval_25__self_refine__sample0__initial_bandit.json,outputs_grok_prompt_v3\reports\static_analysis\bandit\HumanEval_25__self_refine__sample0__initial_bandit.stderr.txt,False
HumanEval/26,remove_duplicates,zero_shot,0,"def remove_duplicates(numbers: List[int]) -> List[int]:
    count = {}
    for num in numbers:
        count[num] = count.get(num, 0) + 1
    return [num for num in numbers if count[num] == 1]",raw_generations/HumanEval_26/zero_shot_sample0.py,,,True,,0.0,0,4.0,4,76.2043786057638,outputs_grok_prompt_v3\reports\static_analysis\pylint\HumanEval_26__zero_shot__sample0__final_pylint.txt,outputs_grok_prompt_v3\reports\static_analysis\bandit\HumanEval_26__zero_shot__sample0__final_bandit.json,outputs_grok_prompt_v3\reports\static_analysis\bandit\HumanEval_26__zero_shot__sample0__final_bandit.stderr.txt,True,passed,8.0,7.0,9.0,8.0,8.0,8.0,"The code is clear and efficient, but could be slightly improved by using collections.Counter for better maintainability.",,,,,,,
HumanEval/26,remove_duplicates,constraint_guided,0,"""""""Remove duplicates from lists while preserving order of unique elements.""""""

from typing import List


def remove_duplicates(numbers: List[int]) -> List[int]:
    """"""
    From a list of integers, remove all the elements that occur more than once.
    Keep the order of the elements the same as in the input.

    Example:
        >>> remove_duplicates([1, 2, 3, 2, 4])
        [1, 3, 4]
    """"""
    frequency = {}
    for number in numbers:
        frequency[number] = frequency.get(number, 0) + 1
    return [number for number in numbers if frequency[number] == 1]",raw_generations/HumanEval_26/constraint_guided_sample0.py,,,True,,8.33,0,4.0,4,94.71933643164644,outputs_grok_prompt_v3\reports\static_analysis\pylint\HumanEval_26__constraint_guided__sample0__final_pylint.txt,outputs_grok_prompt_v3\reports\static_analysis\bandit\HumanEval_26__constraint_guided__sample0__final_bandit.json,outputs_grok_prompt_v3\reports\static_analysis\bandit\HumanEval_26__constraint_guided__sample0__final_bandit.stderr.txt,True,passed,8.0,7.0,9.0,8.0,8.0,8.0,"The code is clear and efficient, but could be slightly improved by using collections.Counter for better readability and maintainability.",,,,,,,
HumanEval/26,remove_duplicates,structured_cot,0,"""""""Utility functions for list processing.""""""

from collections import Counter
from typing import List


def remove_duplicates(numbers: List[int]) -> List[int]:
    """"""
    From a list of integers, remove all the elements that occur more than once.
    Keep the order of the elements the same as in the input.

    Example:
        >>> remove_duplicates([1, 2, 3, 2, 4])
        [1, 3, 4]
    """"""
    counts = Counter(numbers)
    return [n for n in numbers if counts[n] == 1]",raw_generations/HumanEval_26/structured_cot_sample0.py,,,True,,8.0,0,3.0,3,95.02961268890789,outputs_grok_prompt_v3\reports\static_analysis\pylint\HumanEval_26__structured_cot__sample0__final_pylint.txt,outputs_grok_prompt_v3\reports\static_analysis\bandit\HumanEval_26__structured_cot__sample0__final_bandit.json,outputs_grok_prompt_v3\reports\static_analysis\bandit\HumanEval_26__structured_cot__sample0__final_bandit.stderr.txt,True,passed,9.0,9.0,10.0,9.0,10.0,9.0,"Clean, efficient, and idiomatic solution using Counter and list comprehension; minor improvements possible in docstring formatting.",,,,,,,
HumanEval/26,remove_duplicates,self_refine,0,"""""""Utility functions for list manipulation.""""""

from typing import List


def remove_duplicates(numbers: List[int]) -> List[int]:
    """"""
    From a list of integers, remove all the elements that occur more than once.
    Keep the order of the elements the same as in the input.

    Example:
        >>> remove_duplicates([1, 2, 3, 2, 4])
        [1, 3, 4]
    """"""
    seen = set()
    duplicates = set()
    for number in numbers:
        if number in seen:
            duplicates.add(number)
        else:
            seen.add(number)
    unique_numbers = [number for number in numbers if number not in duplicates]
    return unique_numbers",raw_generations/HumanEval_26/self_refine_sample0.py,"""""""Utility functions for list manipulation.""""""

from typing import List


def remove_duplicates(numbers: List[int]) -> List[int]:
    """"""
    From a list of integers, remove all the elements that occur more than once.
    Keep the order of the elements the same as in the input.

    Example:
        >>> remove_duplicates([1, 2, 3, 2, 4])
        [1, 3, 4]
    """"""
    seen = set()
    duplicates = set()
    for number in numbers:
        if number in seen:
            duplicates.add(number)
        else:
            seen.add(number)
    unique_numbers = [number for number in numbers if number not in duplicates]
    return unique_numbers",raw_generations/HumanEval_26/self_refine_sample0_initial.py,True,,9.0,0,5.0,5,96.15881798802,outputs_grok_prompt_v3\reports\static_analysis\pylint\HumanEval_26__self_refine__sample0__final_pylint.txt,outputs_grok_prompt_v3\reports\static_analysis\bandit\HumanEval_26__self_refine__sample0__final_bandit.json,outputs_grok_prompt_v3\reports\static_analysis\bandit\HumanEval_26__self_refine__sample0__final_bandit.stderr.txt,True,passed,8.0,7.0,9.0,8.0,7.0,8.0,The code is clear and correct but could be more Pythonic by using collections.Counter for better efficiency and conciseness.,9.0,True,passed,outputs_grok_prompt_v3\reports\static_analysis\pylint\HumanEval_26__self_refine__sample0__initial_pylint.txt,outputs_grok_prompt_v3\reports\static_analysis\bandit\HumanEval_26__self_refine__sample0__initial_bandit.json,outputs_grok_prompt_v3\reports\static_analysis\bandit\HumanEval_26__self_refine__sample0__initial_bandit.stderr.txt,False
HumanEval/27,flip_case,zero_shot,0,"def flip_case(string: str) -> str:
    return string.swapcase()",raw_generations/HumanEval_27/zero_shot_sample0.py,,,True,,0.0,0,1.0,1,100.0,outputs_grok_prompt_v3\reports\static_analysis\pylint\HumanEval_27__zero_shot__sample0__final_pylint.txt,outputs_grok_prompt_v3\reports\static_analysis\bandit\HumanEval_27__zero_shot__sample0__final_bandit.json,outputs_grok_prompt_v3\reports\static_analysis\bandit\HumanEval_27__zero_shot__sample0__final_bandit.stderr.txt,True,passed,10.0,10.0,10.0,10.0,10.0,10.0,"Perfect implementation using built-in method, fully correct and idiomatic.",,,,,,,
HumanEval/27,flip_case,constraint_guided,0,"""""""Utility functions for manipulating string case.""""""

def flip_case(string: str) -> str:
    """"""For a given string, flip lowercase characters to uppercase and uppercase to lowercase.

    Example:
        >>> flip_case('Hello')
        'hELLO'
    """"""
    return string.swapcase()",raw_generations/HumanEval_27/constraint_guided_sample0.py,,,True,,5.0,0,1.0,1,100.0,outputs_grok_prompt_v3\reports\static_analysis\pylint\HumanEval_27__constraint_guided__sample0__final_pylint.txt,outputs_grok_prompt_v3\reports\static_analysis\bandit\HumanEval_27__constraint_guided__sample0__final_bandit.json,outputs_grok_prompt_v3\reports\static_analysis\bandit\HumanEval_27__constraint_guided__sample0__final_bandit.stderr.txt,True,passed,9.0,9.0,10.0,10.0,10.0,9.0,"Excellent implementation using built-in swapcase, perfectly correct and Pythonic, though slightly trivial for a utility function.",,,,,,,
HumanEval/27,flip_case,structured_cot,0,"""""""Flip case of characters in a string.""""""

def flip_case(string: str) -> str:
    """"""
    For a given string, flip lowercase characters to uppercase and uppercase to lowercase.

    Example:
        >>> flip_case('Hello')
        'hELLO'
    """"""
    return string.swapcase()",raw_generations/HumanEval_27/structured_cot_sample0.py,,,True,,5.0,0,1.0,1,100.0,outputs_grok_prompt_v3\reports\static_analysis\pylint\HumanEval_27__structured_cot__sample0__final_pylint.txt,outputs_grok_prompt_v3\reports\static_analysis\bandit\HumanEval_27__structured_cot__sample0__final_bandit.json,outputs_grok_prompt_v3\reports\static_analysis\bandit\HumanEval_27__structured_cot__sample0__final_bandit.stderr.txt,True,passed,9.0,9.0,10.0,10.0,10.0,9.0,"Excellent use of built-in method; code is simple, correct, and idiomatic.",,,,,,,
HumanEval/27,flip_case,self_refine,0,"""""""Utility for case manipulation of strings.""""""

def flip_case(string: str) -> str:
    """"""
    For a given string, flip lowercase characters to uppercase and uppercase to lowercase.

    Example:
        >>> flip_case('Hello')
        'hELLO'
    """"""
    return string.swapcase()",raw_generations/HumanEval_27/self_refine_sample0.py,"""""""Utility for case manipulation of strings.""""""

def flip_case(string: str) -> str:
    """"""
    For a given string, flip lowercase characters to uppercase and uppercase to lowercase.

    Example:
        >>> flip_case('Hello')
        'hELLO'
    """"""
    return string.swapcase()",raw_generations/HumanEval_27/self_refine_sample0_initial.py,True,,5.0,0,1.0,1,100.0,outputs_grok_prompt_v3\reports\static_analysis\pylint\HumanEval_27__self_refine__sample0__final_pylint.txt,outputs_grok_prompt_v3\reports\static_analysis\bandit\HumanEval_27__self_refine__sample0__final_bandit.json,outputs_grok_prompt_v3\reports\static_analysis\bandit\HumanEval_27__self_refine__sample0__final_bandit.stderr.txt,True,passed,9.0,9.0,10.0,10.0,10.0,9.0,"Excellent implementation using built-in method, perfectly correct and efficient, though docstring could be slightly more detailed about edge cases.",5.0,True,passed,outputs_grok_prompt_v3\reports\static_analysis\pylint\HumanEval_27__self_refine__sample0__initial_pylint.txt,outputs_grok_prompt_v3\reports\static_analysis\bandit\HumanEval_27__self_refine__sample0__initial_bandit.json,outputs_grok_prompt_v3\reports\static_analysis\bandit\HumanEval_27__self_refine__sample0__initial_bandit.stderr.txt,False
HumanEval/28,concatenate,zero_shot,0,"def concatenate(strings: List[str]) -> str:
    return ''.join(strings)",raw_generations/HumanEval_28/zero_shot_sample0.py,,,True,,0.0,0,1.0,1,100.0,outputs_grok_prompt_v3\reports\static_analysis\pylint\HumanEval_28__zero_shot__sample0__final_pylint.txt,outputs_grok_prompt_v3\reports\static_analysis\bandit\HumanEval_28__zero_shot__sample0__final_bandit.json,outputs_grok_prompt_v3\reports\static_analysis\bandit\HumanEval_28__zero_shot__sample0__final_bandit.stderr.txt,True,passed,10.0,10.0,10.0,10.0,10.0,10.0,"Perfect implementation: concise, idiomatic, and fully correct.",,,,,,,
HumanEval/28,concatenate,constraint_guided,0,"""""""Provide string concatenation functionality.""""""

from typing import List


def concatenate(strings: List[str]) -> str:
    """"""
    Concatenate list of strings into a single string.

    Example:
        >>> concatenate(['a', 'b', 'c'])
        'abc'
    """"""
    return """".join(strings)",raw_generations/HumanEval_28/constraint_guided_sample0.py,,,True,,6.67,0,1.0,1,100.0,outputs_grok_prompt_v3\reports\static_analysis\pylint\HumanEval_28__constraint_guided__sample0__final_pylint.txt,outputs_grok_prompt_v3\reports\static_analysis\bandit\HumanEval_28__constraint_guided__sample0__final_bandit.json,outputs_grok_prompt_v3\reports\static_analysis\bandit\HumanEval_28__constraint_guided__sample0__final_bandit.stderr.txt,True,passed,9.0,9.0,10.0,10.0,10.0,9.0,"Excellent, idiomatic implementation using str.join, with clear documentation and proper typing.",,,,,,,
HumanEval/28,concatenate,structured_cot,0,"""""""Concatenate list of strings module.""""""

from typing import List


def concatenate(strings: List[str]) -> str:
    """"""
    Concatenate list of strings into a single string.

    Example:
        >>> concatenate(['a', 'b', 'c'])
        'abc'
    """"""
    return """".join(strings)",raw_generations/HumanEval_28/structured_cot_sample0.py,,,True,,6.67,0,1.0,1,100.0,outputs_grok_prompt_v3\reports\static_analysis\pylint\HumanEval_28__structured_cot__sample0__final_pylint.txt,outputs_grok_prompt_v3\reports\static_analysis\bandit\HumanEval_28__structured_cot__sample0__final_bandit.json,outputs_grok_prompt_v3\reports\static_analysis\bandit\HumanEval_28__structured_cot__sample0__final_bandit.stderr.txt,True,passed,9.0,9.0,10.0,10.0,10.0,9.0,"Excellent, idiomatic implementation using str.join; only minor improvement would be to handle None input or add type checking for production.",,,,,,,
HumanEval/28,concatenate,self_refine,0,"""""""Utility functions for string operations.""""""

from typing import List


def concatenate(strings: List[str]) -> str:
    """"""
    Concatenate list of strings into a single string.

    Example:
        >>> concatenate(['a', 'b', 'c'])
        'abc'
    """"""
    return """".join(strings)",raw_generations/HumanEval_28/self_refine_sample0.py,"""""""Utility functions for string operations.""""""

from typing import List


def concatenate(strings: List[str]) -> str:
    """"""
    Concatenate list of strings into a single string.

    Example:
        >>> concatenate(['a', 'b', 'c'])
        'abc'
    """"""
    return """".join(strings)",raw_generations/HumanEval_28/self_refine_sample0_initial.py,True,,6.67,0,1.0,1,100.0,outputs_grok_prompt_v3\reports\static_analysis\pylint\HumanEval_28__self_refine__sample0__final_pylint.txt,outputs_grok_prompt_v3\reports\static_analysis\bandit\HumanEval_28__self_refine__sample0__final_bandit.json,outputs_grok_prompt_v3\reports\static_analysis\bandit\HumanEval_28__self_refine__sample0__final_bandit.stderr.txt,True,passed,9.0,9.0,10.0,10.0,10.0,9.0,"Clean, efficient, and idiomatic implementation using str.join; only minor improvement possible with more descriptive docstring.",6.67,True,passed,outputs_grok_prompt_v3\reports\static_analysis\pylint\HumanEval_28__self_refine__sample0__initial_pylint.txt,outputs_grok_prompt_v3\reports\static_analysis\bandit\HumanEval_28__self_refine__sample0__initial_bandit.json,outputs_grok_prompt_v3\reports\static_analysis\bandit\HumanEval_28__self_refine__sample0__initial_bandit.stderr.txt,False
HumanEval/29,filter_by_prefix,zero_shot,0,"from typing import List


def filter_by_prefix(strings: List[str], prefix: str) -> List[str]:
    """"""
    Filter an input list of strings only for ones that start with a given prefix.

    Examples:
        >>> filter_by_prefix([], 'a')
        []
        >>> filter_by_prefix(['abc', 'bcd', 'cde', 'array'], 'a')
        ['abc', 'array']
    """"""
    return [s for s in strings if s.startswith(prefix)]",raw_generations/HumanEval_29/zero_shot_sample0.py,,,True,,3.33,0,3.0,3,100.0,outputs_grok_prompt_v3\reports\static_analysis\pylint\HumanEval_29__zero_shot__sample0__final_pylint.txt,outputs_grok_prompt_v3\reports\static_analysis\bandit\HumanEval_29__zero_shot__sample0__final_bandit.json,outputs_grok_prompt_v3\reports\static_analysis\bandit\HumanEval_29__zero_shot__sample0__final_bandit.stderr.txt,True,passed,9.0,9.0,10.0,10.0,10.0,9.0,"Excellent implementation: concise, correct, efficient, and follows Python best practices with proper type hints and documentation.",,,,,,,
HumanEval/29,filter_by_prefix,constraint_guided,0,"""""""Module providing string filtering utilities by prefix.""""""

from typing import List


def filter_by_prefix(strings: List[str], prefix: str) -> List[str]:
    """"""
    Filter an input list of strings only for ones that start with a given prefix.

    Examples:
        >>> filter_by_prefix([], 'a')
        []
        >>> filter_by_prefix(['abc', 'bcd', 'cde', 'array'], 'a')
        ['abc', 'array']
    """"""
    if not strings:
        return []
    return [s for s in strings if s.startswith(prefix)]",raw_generations/HumanEval_29/constraint_guided_sample0.py,,,True,,8.0,0,4.0,4,93.4630502812996,outputs_grok_prompt_v3\reports\static_analysis\pylint\HumanEval_29__constraint_guided__sample0__final_pylint.txt,outputs_grok_prompt_v3\reports\static_analysis\bandit\HumanEval_29__constraint_guided__sample0__final_bandit.json,outputs_grok_prompt_v3\reports\static_analysis\bandit\HumanEval_29__constraint_guided__sample0__final_bandit.stderr.txt,True,passed,9.0,9.0,8.0,9.0,9.0,9.0,"Clean and efficient implementation, but the early empty list return is unnecessary and slightly deviates from expected behavior for non-empty lists with no matches.",,,,,,,
HumanEval/29,filter_by_prefix,structured_cot,0,"""""""Filter strings by prefix module.""""""

from typing import List


def filter_by_prefix(strings: List[str], prefix: str) -> List[str]:
    """"""
    Filter an input list of strings only for ones that start with a given prefix.

    Examples:
        >>> filter_by_prefix([], 'a')
        []
        >>> filter_by_prefix(['abc', 'bcd', 'cde', 'array'], 'a')
        ['abc', 'array']
    """"""
    return [s for s in strings if s.startswith(prefix)]",raw_generations/HumanEval_29/structured_cot_sample0.py,,,True,,6.67,0,3.0,3,100.0,outputs_grok_prompt_v3\reports\static_analysis\pylint\HumanEval_29__structured_cot__sample0__final_pylint.txt,outputs_grok_prompt_v3\reports\static_analysis\bandit\HumanEval_29__structured_cot__sample0__final_bandit.json,outputs_grok_prompt_v3\reports\static_analysis\bandit\HumanEval_29__structured_cot__sample0__final_bandit.stderr.txt,True,passed,9.0,9.0,9.0,9.0,10.0,9.0,"Clean, idiomatic, and efficient implementation using a list comprehension with str.startswith().",,,,,,,
HumanEval/29,filter_by_prefix,self_refine,0,"""""""Module providing string prefix filtering functionality.""""""

from typing import List


def filter_by_prefix(strings: List[str], prefix: str) -> List[str]:
    """"""
    Filter an input list of strings only for ones that start with a given prefix.

    Examples:
        >>> filter_by_prefix([], 'a')
        []
        >>> filter_by_prefix(['abc', 'bcd', 'cde', 'array'], 'a')
        ['abc', 'array']
    """"""
    return [s for s in strings if s.startswith(prefix)]",raw_generations/HumanEval_29/self_refine_sample0.py,"""""""Module providing string prefix filtering functionality.""""""

from typing import List


def filter_by_prefix(strings: List[str], prefix: str) -> List[str]:
    """"""
    Filter an input list of strings only for ones that start with a given prefix.

    Examples:
        >>> filter_by_prefix([], 'a')
        []
        >>> filter_by_prefix(['abc', 'bcd', 'cde', 'array'], 'a')
        ['abc', 'array']
    """"""
    return [s for s in strings if s.startswith(prefix)]",raw_generations/HumanEval_29/self_refine_sample0_initial.py,True,,6.67,0,3.0,3,100.0,outputs_grok_prompt_v3\reports\static_analysis\pylint\HumanEval_29__self_refine__sample0__final_pylint.txt,outputs_grok_prompt_v3\reports\static_analysis\bandit\HumanEval_29__self_refine__sample0__final_bandit.json,outputs_grok_prompt_v3\reports\static_analysis\bandit\HumanEval_29__self_refine__sample0__final_bandit.stderr.txt,True,passed,9.0,9.0,10.0,9.0,10.0,9.0,"Clean, idiomatic implementation with proper documentation and type hints.",6.67,True,passed,outputs_grok_prompt_v3\reports\static_analysis\pylint\HumanEval_29__self_refine__sample0__initial_pylint.txt,outputs_grok_prompt_v3\reports\static_analysis\bandit\HumanEval_29__self_refine__sample0__initial_bandit.json,outputs_grok_prompt_v3\reports\static_analysis\bandit\HumanEval_29__self_refine__sample0__initial_bandit.stderr.txt,False
HumanEval/30,get_positive,zero_shot,0,"from typing import List

def get_positive(l: List[int]) -> List[int]:
    return [x for x in l if x > 0]",raw_generations/HumanEval_30/zero_shot_sample0.py,,,True,,0.0,0,3.0,3,84.44724042799471,outputs_grok_prompt_v3\reports\static_analysis\pylint\HumanEval_30__zero_shot__sample0__final_pylint.txt,outputs_grok_prompt_v3\reports\static_analysis\bandit\HumanEval_30__zero_shot__sample0__final_bandit.json,outputs_grok_prompt_v3\reports\static_analysis\bandit\HumanEval_30__zero_shot__sample0__final_bandit.stderr.txt,True,passed,9.0,9.0,10.0,10.0,10.0,9.0,"The code is concise, correct, and follows Python best practices, though the parameter name 'l' could be more descriptive.",,,,,,,
HumanEval/30,get_positive,constraint_guided,0,"""""""Utility module for list filtering operations.""""""

from typing import List


def get_positive(numbers: List[int]) -> List[int]:
    """"""
    Return only the positive numbers in the list.

    Example:
        >>> get_positive([-1, 2, -4, 5, 6])
        [2, 5, 6]
    """"""
    return [number for number in numbers if number > 0]",raw_generations/HumanEval_30/constraint_guided_sample0.py,,,True,,6.67,0,3.0,3,85.73835482285287,outputs_grok_prompt_v3\reports\static_analysis\pylint\HumanEval_30__constraint_guided__sample0__final_pylint.txt,outputs_grok_prompt_v3\reports\static_analysis\bandit\HumanEval_30__constraint_guided__sample0__final_bandit.json,outputs_grok_prompt_v3\reports\static_analysis\bandit\HumanEval_30__constraint_guided__sample0__final_bandit.stderr.txt,True,passed,9.0,9.0,10.0,9.0,10.0,9.0,"Clean, idiomatic implementation using a list comprehension with clear naming and documentation.",,,,,,,
HumanEval/30,get_positive,structured_cot,0,"""""""Utility for filtering positive integers from a list.""""""

from typing import List


def get_positive(l: List[int]) -> List[int]:
    """"""
    Return only the positive numbers in the list.

    Example:
        >>> get_positive([-1, 2, -4, 5, 6])
        [2, 5, 6]
    """"""
    return [x for x in l if x > 0]",raw_generations/HumanEval_30/structured_cot_sample0.py,,,True,,6.67,0,3.0,3,85.73835482285287,outputs_grok_prompt_v3\reports\static_analysis\pylint\HumanEval_30__structured_cot__sample0__final_pylint.txt,outputs_grok_prompt_v3\reports\static_analysis\bandit\HumanEval_30__structured_cot__sample0__final_bandit.json,outputs_grok_prompt_v3\reports\static_analysis\bandit\HumanEval_30__structured_cot__sample0__final_bandit.stderr.txt,True,passed,9.0,9.0,10.0,10.0,9.0,9.0,"The code is clear, concise, and perfectly implements the specified functionality using an efficient list comprehension.",,,,,,,
HumanEval/30,get_positive,self_refine,0,"""""""Module providing list filtering utilities.""""""

from typing import List


def get_positive(l: List[int]) -> List[int]:
    """"""
    Return only the positive numbers in the list.

    Example:
        >>> get_positive([-1, 2, -4, 5, 6])
        [2, 5, 6]
    """"""
    return [number for number in l if number > 0]",raw_generations/HumanEval_30/self_refine_sample0.py,"""""""Module providing list filtering utilities.""""""

from typing import List


def get_positive(l: List[int]) -> List[int]:
    """"""
    Return only the positive numbers in the list.

    Example:
        >>> get_positive([-1, 2, -4, 5, 6])
        [2, 5, 6]
    """"""
    return [number for number in l if number > 0]",raw_generations/HumanEval_30/self_refine_sample0_initial.py,True,,6.67,0,3.0,3,85.73835482285287,outputs_grok_prompt_v3\reports\static_analysis\pylint\HumanEval_30__self_refine__sample0__final_pylint.txt,outputs_grok_prompt_v3\reports\static_analysis\bandit\HumanEval_30__self_refine__sample0__final_bandit.json,outputs_grok_prompt_v3\reports\static_analysis\bandit\HumanEval_30__self_refine__sample0__final_bandit.stderr.txt,True,passed,9.0,9.0,10.0,9.0,10.0,9.0,"Clean, idiomatic implementation with good documentation and proper type hints.",6.67,True,passed,outputs_grok_prompt_v3\reports\static_analysis\pylint\HumanEval_30__self_refine__sample0__initial_pylint.txt,outputs_grok_prompt_v3\reports\static_analysis\bandit\HumanEval_30__self_refine__sample0__initial_bandit.json,outputs_grok_prompt_v3\reports\static_analysis\bandit\HumanEval_30__self_refine__sample0__initial_bandit.stderr.txt,False
HumanEval/31,is_prime,zero_shot,0,"def is_prime(n: int) -> bool:
    if n <= 1:
        return False
    if n <= 3:
        return True
    if n % 2 == 0 or n % 3 == 0:
        return False
    i = 5
    while i * i <= n:
        if n % i == 0 or n % (i + 2) == 0:
            return False
        i += 6
    return True",raw_generations/HumanEval_31/zero_shot_sample0.py,,,True,,7.69,0,8.0,8,58.262699750084565,outputs_grok_prompt_v3\reports\static_analysis\pylint\HumanEval_31__zero_shot__sample0__final_pylint.txt,outputs_grok_prompt_v3\reports\static_analysis\bandit\HumanEval_31__zero_shot__sample0__final_bandit.json,outputs_grok_prompt_v3\reports\static_analysis\bandit\HumanEval_31__zero_shot__sample0__final_bandit.stderr.txt,True,passed,8.0,7.0,9.0,9.0,7.0,8.0,"The code is efficient and correct, but could be more Pythonic and maintainable with better variable naming and modularity.",,,,,,,
HumanEval/31,is_prime,constraint_guided,0,"""""""Prime number checking utilities.""""""

def is_prime(n: int) -> bool:
    """"""Check if given number is considered to be prime.

    Examples:
        >>> is_prime(6)
        False
        >>> is_prime(100)
        False
        >>> is_prime(11)
        True
    """"""
    if n <= 1:
        return False
    if n == 2:
        return True
    if n % 2 == 0:
        return False
    for divisor in range(3, int(n**0.5) + 1, 2):
        if n % divisor == 0:
            return False
    return True",raw_generations/HumanEval_31/constraint_guided_sample0.py,,,True,,9.09,0,6.0,6,89.06734160602491,outputs_grok_prompt_v3\reports\static_analysis\pylint\HumanEval_31__constraint_guided__sample0__final_pylint.txt,outputs_grok_prompt_v3\reports\static_analysis\bandit\HumanEval_31__constraint_guided__sample0__final_bandit.json,outputs_grok_prompt_v3\reports\static_analysis\bandit\HumanEval_31__constraint_guided__sample0__final_bandit.stderr.txt,True,passed,9.0,8.0,7.0,9.0,8.0,8.0,"The code is clear and efficient, but lacks handling for non-integer inputs and could be more modular for edge cases.",,,,,,,
HumanEval/31,is_prime,structured_cot,0,"""""""Utility for checking prime numbers.""""""

def is_prime(n: int) -> bool:
    """"""
    Check if given number is considered to be prime.

    Examples:
        >>> is_prime(6)
        False
        >>> is_prime(100)
        False
        >>> is_prime(11)
        True
    """"""
    if n <= 1:
        return False
    if n <= 3:
        return True
    if n % 2 == 0 or n % 3 == 0:
        return False
    i = 5
    while i * i <= n:
        if n % i == 0 or n % (i + 2) == 0:
            return False
        i += 6
    return True",raw_generations/HumanEval_31/structured_cot_sample0.py,,,True,,9.23,0,8.0,8,85.26266253121744,outputs_grok_prompt_v3\reports\static_analysis\pylint\HumanEval_31__structured_cot__sample0__final_pylint.txt,outputs_grok_prompt_v3\reports\static_analysis\bandit\HumanEval_31__structured_cot__sample0__final_bandit.json,outputs_grok_prompt_v3\reports\static_analysis\bandit\HumanEval_31__structured_cot__sample0__final_bandit.stderr.txt,True,passed,9.0,-1.0,8.0,9.0,7.0,6.0,"The code is efficient and mostly correct, but it has a critical bug in the while loop condition that causes infinite recursion for certain inputs.",,,,,,,
HumanEval/31,is_prime,self_refine,0,"""""""Utility functions for prime number checks.""""""


def is_prime(n: int) -> bool:
    """"""Check if given number is considered to be prime.

    Examples:
        >>> is_prime(6)
        False
        >>> is_prime(100)
        False
        >>> is_prime(11)
        True
    """"""
    if n <= 1:
        return False
    if n <= 3:
        return True
    if n % 2 == 0 or n % 3 == 0:
        return False
    candidate = 5
    while candidate * candidate <= n:
        if n % candidate == 0 or n % (candidate + 2) == 0:
            return False
        candidate += 6
    return True",raw_generations/HumanEval_31/self_refine_sample0.py,"""""""Utility functions for prime number checks.""""""


def is_prime(n: int) -> bool:
    """"""Check if given number is considered to be prime.

    Examples:
        >>> is_prime(6)
        False
        >>> is_prime(100)
        False
        >>> is_prime(11)
        True
    """"""
    if n <= 1:
        return False
    if n <= 3:
        return True
    if n % 2 == 0 or n % 3 == 0:
        return False
    candidate = 5
    while candidate * candidate <= n:
        if n % candidate == 0 or n % (candidate + 2) == 0:
            return False
        candidate += 6
    return True",raw_generations/HumanEval_31/self_refine_sample0_initial.py,True,,9.23,0,8.0,8,85.80396692382202,outputs_grok_prompt_v3\reports\static_analysis\pylint\HumanEval_31__self_refine__sample0__final_pylint.txt,outputs_grok_prompt_v3\reports\static_analysis\bandit\HumanEval_31__self_refine__sample0__final_bandit.json,outputs_grok_prompt_v3\reports\static_analysis\bandit\HumanEval_31__self_refine__sample0__final_bandit.stderr.txt,True,passed,8.0,7.0,8.0,9.0,7.0,8.0,"The code is efficient and readable, but lacks modularity and could benefit from more idiomatic Python constructs.",9.23,True,passed,outputs_grok_prompt_v3\reports\static_analysis\pylint\HumanEval_31__self_refine__sample0__initial_pylint.txt,outputs_grok_prompt_v3\reports\static_analysis\bandit\HumanEval_31__self_refine__sample0__initial_bandit.json,outputs_grok_prompt_v3\reports\static_analysis\bandit\HumanEval_31__self_refine__sample0__initial_bandit.stderr.txt,False
HumanEval/32,find_zero,zero_shot,0,"def find_zero(xs: List[int]) -> float:
    def p(x): return poly(xs, x)
    lo, hi = -1.0, 1.0
    while p(lo) * p(hi) > 0:
        lo *= 2
        hi *= 2
    for _ in range(100):
        mid = (lo + hi) / 2
        if p(lo) * p(mid) > 0:
            lo = mid
        else:
            hi = mid
    return lo",raw_generations/HumanEval_32/zero_shot_sample0.py,,,True,,0.0,0,4.0,4,60.27132289278808,outputs_grok_prompt_v3\reports\static_analysis\pylint\HumanEval_32__zero_shot__sample0__final_pylint.txt,outputs_grok_prompt_v3\reports\static_analysis\bandit\HumanEval_32__zero_shot__sample0__final_bandit.json,outputs_grok_prompt_v3\reports\static_analysis\bandit\HumanEval_32__zero_shot__sample0__final_bandit.stderr.txt,False,test_failed: name 'poly' is not defined,6.0,5.0,4.0,7.0,5.0,5.0,"The code implements bisection search but lacks proper handling for edge cases like non-convergence and doesn't verify the even-length constraint, while using magic numbers and hardcoded iteration limits.",,,,,,,
HumanEval/32,find_zero,constraint_guided,0,"""""""Module providing polynomial evaluation and root-finding utilities.""""""

import math
from typing import List


def poly(xs: list, x: float) -> float:
    """"""
    Evaluates polynomial with coefficients xs at point x.
    return xs[0] + xs[1] * x + xs[1] * x^2 + .... xs[n] * x^n
    """"""
    return sum([coeff * math.pow(x, i) for i, coeff in enumerate(xs)])


def find_zero(xs: List[int]) -> float:
    """"""
    xs are coefficients of a polynomial.
    Find x such that poly(x) = 0 and return only one zero point, even if there are many.

    Constraints:
        List xs should have an even number of coefficients
        and as largest a non-zero coefficient to guarantee a solution.

    Examples:
        >>> round(find_zero([1, 2]), 2) # f(x) = 1 + 2x
        -0.5
        >>> round(find_zero([-6, 11, -6, 1]), 2) # (x - 1) * (x - 2) * (x - 3) = -6 + 11x - 6x^2 + x^3
        1.0
    """"""
    lower_bound, upper_bound = -1.0, 1.0
    while poly(xs, lower_bound) * poly(xs, upper_bound) > 0:
        lower_bound *= 2
        upper_bound *= 2

    while upper_bound - lower_bound > 1e-7:
        midpoint = (lower_bound + upper_bound) / 2
        if poly(xs, lower_bound) * poly(xs, midpoint) > 0:
            lower_bound = midpoint
        else:
            upper_bound = midpoint

    return lower_bound",raw_generations/HumanEval_32/constraint_guided_sample0.py,,,True,,8.0,0,3.0,4,81.71726356858161,outputs_grok_prompt_v3\reports\static_analysis\pylint\HumanEval_32__constraint_guided__sample0__final_pylint.txt,outputs_grok_prompt_v3\reports\static_analysis\bandit\HumanEval_32__constraint_guided__sample0__final_bandit.json,outputs_grok_prompt_v3\reports\static_analysis\bandit\HumanEval_32__constraint_guided__sample0__final_bandit.stderr.txt,True,passed,8.0,7.0,4.0,6.0,7.0,6.0,"The code has logical issues in poly function (incorrect coefficient indexing) and find_zero assumes monotonic sign change without verifying polynomial properties, making correctness poor despite good readability.",,,,,,,
HumanEval/32,find_zero,structured_cot,0,"""""""Numerical root-finding utilities for polynomials.""""""
import math
from typing import List


def poly(xs: list, x: float) -> float:
    """"""
    Evaluates polynomial with coefficients xs at point x.
    return xs[0] + xs[1] * x + xs[1] * x^2 + .... xs[n] * x^n
    """"""
    return sum([coeff * math.pow(x, i) for i, coeff in enumerate(xs)])


def find_zero(xs: List[int]) -> float:
    """"""
    xs are coefficients of a polynomial.
    Find x such that poly(x) = 0 and return only one zero point, even if there are many.

    Constraints:
        List xs should have an even number of coefficients
        and as largest a non-zero coefficient to guarantee a solution.
    """"""
    low, high = -1.0, 1.0
    while poly(xs, low) * poly(xs, high) > 0:
        low *= 2
        high *= 2
    while high - low > 1e-7:
        mid = (low + high) / 2
        if poly(xs, mid) * poly(xs, low) > 0:
            low = mid
        else:
            high = mid
    return low",raw_generations/HumanEval_32/structured_cot_sample0.py,,,True,,8.67,0,3.0,4,84.998162821417,outputs_grok_prompt_v3\reports\static_analysis\pylint\HumanEval_32__structured_cot__sample0__final_pylint.txt,outputs_grok_prompt_v3\reports\static_analysis\bandit\HumanEval_32__structured_cot__sample0__final_bandit.json,outputs_grok_prompt_v3\reports\static_analysis\bandit\HumanEval_32__structured_cot__sample0__final_bandit.stderr.txt,True,passed,7.0,6.0,4.0,5.0,6.0,5.0,"The code has logical errors in polynomial evaluation and insufficient edge case handling, making it unreliable for general use.",,,,,,,
HumanEval/32,find_zero,self_refine,0,"""""""Module providing polynomial evaluation and root-finding utilities.""""""

import math
from typing import List


def poly(xs: list, x: float) -> float:
    """"""
    Evaluates polynomial with coefficients xs at point x.
    return xs[0] + xs[1] * x + xs[1] * x^2 + .... xs[n] * x^n
    """"""
    return sum(coeff * math.pow(x, i) for i, coeff in enumerate(xs))


def find_zero(xs: List[int]) -> float:
    """"""
    xs are coefficients of a polynomial.
    Find x such that poly(x) = 0 and return only one zero point, even if there are many.

    Constraints:
        List xs should have an even number of coefficients
        and as largest a non-zero coefficient to guarantee a solution.
    """"""
    # Use bisection method on an interval guaranteed to contain a root
    lower_bound, upper_bound = -1.0, 1.0
    while poly(xs, lower_bound) * poly(xs, upper_bound) > 0:
        lower_bound *= 2
        upper_bound *= 2

    for _ in range(10000):
        midpoint = (lower_bound + upper_bound) / 2
        if poly(xs, midpoint) * poly(xs, lower_bound) > 0:
            lower_bound = midpoint
        else:
            upper_bound = midpoint

    return lower_bound",raw_generations/HumanEval_32/self_refine_sample0.py,"""""""Module providing polynomial evaluation and root-finding utilities.""""""

import math
from typing import List


def poly(xs: list, x: float) -> float:
    """"""
    Evaluates polynomial with coefficients xs at point x.
    return xs[0] + xs[1] * x + xs[1] * x^2 + .... xs[n] * x^n
    """"""
    return sum([coeff * math.pow(x, i) for i, coeff in enumerate(xs)])


def find_zero(xs: List[int]) -> float:
    """"""
    xs are coefficients of a polynomial.
    Find x such that poly(x) = 0 and return only one zero point, even if there are many.

    Constraints:
        List xs should have an even number of coefficients
        and as largest a non-zero coefficient to guarantee a solution.
    """"""
    # Use bisection method on an interval guaranteed to contain a root
    lower_bound, upper_bound = -1.0, 1.0
    while poly(xs, lower_bound) * poly(xs, upper_bound) > 0:
        lower_bound *= 2
        upper_bound *= 2

    for _ in range(10000):
        midpoint = (lower_bound + upper_bound) / 2
        if poly(xs, midpoint) * poly(xs, lower_bound) > 0:
            lower_bound = midpoint
        else:
            upper_bound = midpoint

    return lower_bound",raw_generations/HumanEval_32/self_refine_sample0_initial.py,True,,9.33,0,3.0,4,85.30592713089813,outputs_grok_prompt_v3\reports\static_analysis\pylint\HumanEval_32__self_refine__sample0__final_pylint.txt,outputs_grok_prompt_v3\reports\static_analysis\bandit\HumanEval_32__self_refine__sample0__final_bandit.json,outputs_grok_prompt_v3\reports\static_analysis\bandit\HumanEval_32__self_refine__sample0__final_bandit.stderr.txt,True,passed,7.0,6.0,4.0,5.0,7.0,5.0,"The code has logical issues in root-finding algorithm and lacks proper handling of polynomial constraints, with hardcoded iteration limits and incorrect interval expansion logic.",8.67,True,passed,outputs_grok_prompt_v3\reports\static_analysis\pylint\HumanEval_32__self_refine__sample0__initial_pylint.txt,outputs_grok_prompt_v3\reports\static_analysis\bandit\HumanEval_32__self_refine__sample0__initial_bandit.json,outputs_grok_prompt_v3\reports\static_analysis\bandit\HumanEval_32__self_refine__sample0__initial_bandit.stderr.txt,True
HumanEval/33,sort_third,zero_shot,0,"from typing import List

def sort_third(l: List[int]) -> List[int]:
    sorted_thirds = sorted(l[i] for i in range(0, len(l), 3))
    result = l[:]
    for i, val in enumerate(sorted_thirds):
        result[i * 3] = val
    return result",raw_generations/HumanEval_33/zero_shot_sample0.py,,,True,,5.71,0,3.0,3,75.15517382051522,outputs_grok_prompt_v3\reports\static_analysis\pylint\HumanEval_33__zero_shot__sample0__final_pylint.txt,outputs_grok_prompt_v3\reports\static_analysis\bandit\HumanEval_33__zero_shot__sample0__final_bandit.json,outputs_grok_prompt_v3\reports\static_analysis\bandit\HumanEval_33__zero_shot__sample0__final_bandit.stderr.txt,True,passed,8.0,7.0,6.0,8.0,7.0,7.0,The code is readable and efficient but incorrectly handles indices divisible by three (including index 0) and fails to preserve original values at non-divisible indices.,,,,,,,
HumanEval/33,sort_third,constraint_guided,0,"""""""Utilities for sorting list elements at multiples of three.""""""

from typing import List


def sort_third(l: List[int]) -> List[int]:
    """"""
    This function takes a list l and returns a list l' such that
    l' is identical to l in the indicies that are not divisible by three, while its values at the indicies that are divisible by three are equal
    to the values of the corresponding indicies of l, but sorted.

    Examples:
        >>> sort_third([1, 2, 3])
        [1, 2, 3]
        >>> sort_third([5, 6, 3, 4, 8, 9, 2])
        [2, 6, 3, 4, 8, 9, 5]
    """"""
    if not l:
        return []

    third_values = [l[i] for i in range(0, len(l), 3)]
    third_values.sort()

    result = l[:]
    for idx, value in enumerate(third_values):
        result[idx * 3] = value

    return result",raw_generations/HumanEval_33/constraint_guided_sample0.py,,,True,,8.0,0,4.0,4,93.3489047021063,outputs_grok_prompt_v3\reports\static_analysis\pylint\HumanEval_33__constraint_guided__sample0__final_pylint.txt,outputs_grok_prompt_v3\reports\static_analysis\bandit\HumanEval_33__constraint_guided__sample0__final_bandit.json,outputs_grok_prompt_v3\reports\static_analysis\bandit\HumanEval_33__constraint_guided__sample0__final_bandit.stderr.txt,True,passed,8.0,7.0,9.0,8.0,7.0,7.0,"The code is generally clean and correct, but has minor issues with variable naming ('l' is a poor name) and could be more Pythonic with list comprehensions.",,,,,,,
HumanEval/33,sort_third,structured_cot,0,"""""""Utilities for sorting every third list element.""""""

from typing import List


def sort_third(l: List[int]) -> List[int]:
    """"""
    This function takes a list l and returns a list l' such that
    l' is identical to l in the indicies that are not divisible by three, while its values at the indicies that are divisible by three are equal
    to the values of the corresponding indicies of l, but sorted.

    Examples:
        >>> sort_third([1, 2, 3])
        [1, 2, 3]
        >>> sort_third([5, 6, 3, 4, 8, 9, 2])
        [2, 6, 3, 4, 8, 9, 5]
    """"""
    result = l[:]
    result[::3] = sorted(result[::3])
    return result",raw_generations/HumanEval_33/structured_cot_sample0.py,,,True,,6.0,0,1.0,1,100.0,outputs_grok_prompt_v3\reports\static_analysis\pylint\HumanEval_33__structured_cot__sample0__final_pylint.txt,outputs_grok_prompt_v3\reports\static_analysis\bandit\HumanEval_33__structured_cot__sample0__final_bandit.json,outputs_grok_prompt_v3\reports\static_analysis\bandit\HumanEval_33__structured_cot__sample0__final_bandit.stderr.txt,True,passed,9.0,9.0,10.0,8.0,10.0,9.0,"Clean, idiomatic implementation with minor efficiency concern due to slicing and sorting separately.",,,,,,,
HumanEval/33,sort_third,self_refine,0,"""""""Module for sorting list elements at indices divisible by three.""""""

from typing import List


def sort_third(l: List[int]) -> List[int]:
    """"""
    This function takes a list l and returns a list l' such that
    l' is identical to l in the indicies that are not divisible by three, while
    its values at the indicies that are divisible by three are equal to the
    values of the corresponding indicies of l, but sorted.

    Examples:
        >>> sort_third([1, 2, 3])
        [1, 2, 3]
        >>> sort_third([5, 6, 3, 4, 8, 9, 2])
        [2, 6, 3, 4, 8, 9, 5]
    """"""
    values_at_thirds = sorted(l[i] for i in range(len(l)) if i % 3 == 0)
    result = []
    third_idx = 0
    for i, val in enumerate(l):
        if i % 3 == 0:
            result.append(values_at_thirds[third_idx])
            third_idx += 1
        else:
            result.append(val)
    return result",raw_generations/HumanEval_33/self_refine_sample0.py,"""""""Module for sorting list elements at indices divisible by three.""""""

from typing import List


def sort_third(l: List[int]) -> List[int]:
    """"""
    This function takes a list l and returns a list l' such that
    l' is identical to l in the indicies that are not divisible by three, while its values at the indicies that are divisible by three are equal
    to the values of the corresponding indicies of l, but sorted.

    Examples:
        >>> sort_third([1, 2, 3])
        [1, 2, 3]
        >>> sort_third([5, 6, 3, 4, 8, 9, 2])
        [2, 6, 3, 4, 8, 9, 5]
    """"""
    values_at_thirds = sorted(l[i] for i in range(len(l)) if i % 3 == 0)
    result = []
    third_idx = 0
    for i in range(len(l)):
        if i % 3 == 0:
            result.append(values_at_thirds[third_idx])
            third_idx += 1
        else:
            result.append(l[i])
    return result",raw_generations/HumanEval_33/self_refine_sample0_initial.py,True,,9.09,0,5.0,5,89.22061643082796,outputs_grok_prompt_v3\reports\static_analysis\pylint\HumanEval_33__self_refine__sample0__final_pylint.txt,outputs_grok_prompt_v3\reports\static_analysis\bandit\HumanEval_33__self_refine__sample0__final_bandit.json,outputs_grok_prompt_v3\reports\static_analysis\bandit\HumanEval_33__self_refine__sample0__final_bandit.stderr.txt,True,passed,8.0,7.0,9.0,8.0,8.0,8.0,"The code is clear and efficient, but could be more maintainable by using list comprehensions more consistently and handling edge cases explicitly.",7.27,True,passed,outputs_grok_prompt_v3\reports\static_analysis\pylint\HumanEval_33__self_refine__sample0__initial_pylint.txt,outputs_grok_prompt_v3\reports\static_analysis\bandit\HumanEval_33__self_refine__sample0__initial_bandit.json,outputs_grok_prompt_v3\reports\static_analysis\bandit\HumanEval_33__self_refine__sample0__initial_bandit.stderr.txt,True
HumanEval/34,unique,zero_shot,0,"def unique(l: List[int]) -> List[int]:
    return sorted(set(l))",raw_generations/HumanEval_34/zero_shot_sample0.py,,,True,,0.0,0,1.0,1,100.0,outputs_grok_prompt_v3\reports\static_analysis\pylint\HumanEval_34__zero_shot__sample0__final_pylint.txt,outputs_grok_prompt_v3\reports\static_analysis\bandit\HumanEval_34__zero_shot__sample0__final_bandit.json,outputs_grok_prompt_v3\reports\static_analysis\bandit\HumanEval_34__zero_shot__sample0__final_bandit.stderr.txt,True,passed,9.0,9.0,10.0,10.0,10.0,9.0,"Excellent implementation: concise, efficient, and fully correct, though the function name could be more descriptive.",,,,,,,
HumanEval/34,unique,constraint_guided,0,"""""""Utility functions for list operations.""""""

from typing import List


def unique(l: List[int]) -> List[int]:
    """"""Return sorted unique elements in a list.

    Example:
        >>> unique([5, 3, 5, 2, 3, 3, 9, 0, 123])
        [0, 2, 3, 5, 9, 123]
    """"""
    seen_numbers = set(l)
    return sorted(seen_numbers)",raw_generations/HumanEval_34/constraint_guided_sample0.py,,,True,,7.5,0,1.0,1,100.0,outputs_grok_prompt_v3\reports\static_analysis\pylint\HumanEval_34__constraint_guided__sample0__final_pylint.txt,outputs_grok_prompt_v3\reports\static_analysis\bandit\HumanEval_34__constraint_guided__sample0__final_bandit.json,outputs_grok_prompt_v3\reports\static_analysis\bandit\HumanEval_34__constraint_guided__sample0__final_bandit.stderr.txt,True,passed,9.0,8.0,7.0,9.0,8.0,8.0,"Clean and efficient implementation, but lacks handling for non-integer inputs and uses a poor parameter name 'l'.",,,,,,,
HumanEval/34,unique,structured_cot,0,"""""""Module providing a function to extract sorted unique list elements.""""""

from typing import List


def unique(l: List[int]) -> List[int]:
    """"""
    Return sorted unique elements in a list.

    Example:
        >>> unique([5, 3, 5, 2, 3, 3, 9, 0, 123])
        [0, 2, 3, 5, 9, 123]
    """"""
    return sorted(set(l))",raw_generations/HumanEval_34/structured_cot_sample0.py,,,True,,6.67,0,1.0,1,100.0,outputs_grok_prompt_v3\reports\static_analysis\pylint\HumanEval_34__structured_cot__sample0__final_pylint.txt,outputs_grok_prompt_v3\reports\static_analysis\bandit\HumanEval_34__structured_cot__sample0__final_bandit.json,outputs_grok_prompt_v3\reports\static_analysis\bandit\HumanEval_34__structured_cot__sample0__final_bandit.stderr.txt,True,passed,9.0,9.0,10.0,10.0,10.0,9.0,"Excellent, concise implementation using Python's built-in set and sorted functions, though the variable name 'l' is slightly ambiguous.",,,,,,,
HumanEval/34,unique,self_refine,0,"""""""Utility for extracting unique list elements.""""""

from typing import List


def unique(l: List[int]) -> List[int]:
    """"""
    Return sorted unique elements in a list.

    Example:
        >>> unique([5, 3, 5, 2, 3, 3, 9, 0, 123])
        [0, 2, 3, 5, 9, 123]
    """"""
    unique_elements = sorted(set(l))
    return unique_elements",raw_generations/HumanEval_34/self_refine_sample0.py,"""""""Utility for extracting unique list elements.""""""

from typing import List


def unique(l: List[int]) -> List[int]:
    """"""
    Return sorted unique elements in a list.

    Example:
        >>> unique([5, 3, 5, 2, 3, 3, 9, 0, 123])
        [0, 2, 3, 5, 9, 123]
    """"""
    unique_elements = sorted(set(l))
    return unique_elements",raw_generations/HumanEval_34/self_refine_sample0_initial.py,True,,7.5,0,1.0,1,100.0,outputs_grok_prompt_v3\reports\static_analysis\pylint\HumanEval_34__self_refine__sample0__final_pylint.txt,outputs_grok_prompt_v3\reports\static_analysis\bandit\HumanEval_34__self_refine__sample0__final_bandit.json,outputs_grok_prompt_v3\reports\static_analysis\bandit\HumanEval_34__self_refine__sample0__final_bandit.stderr.txt,True,passed,9.0,8.0,9.0,8.0,9.0,8.0,"Clean, idiomatic implementation but lacks edge case handling for non-list inputs.",7.5,True,passed,outputs_grok_prompt_v3\reports\static_analysis\pylint\HumanEval_34__self_refine__sample0__initial_pylint.txt,outputs_grok_prompt_v3\reports\static_analysis\bandit\HumanEval_34__self_refine__sample0__initial_bandit.json,outputs_grok_prompt_v3\reports\static_analysis\bandit\HumanEval_34__self_refine__sample0__initial_bandit.stderr.txt,False
HumanEval/35,max_element,zero_shot,0,"from typing import List


def max_element(l: List[int]) -> int:
    """"""
    Return the maximum element in the list.
    Assume that the list is not empty.

    Example:
        >>> max_element([1, 2, 3])
        3
    """"""
    return max(l)",raw_generations/HumanEval_35/zero_shot_sample0.py,,,True,,3.33,0,1.0,1,100.0,outputs_grok_prompt_v3\reports\static_analysis\pylint\HumanEval_35__zero_shot__sample0__final_pylint.txt,outputs_grok_prompt_v3\reports\static_analysis\bandit\HumanEval_35__zero_shot__sample0__final_bandit.json,outputs_grok_prompt_v3\reports\static_analysis\bandit\HumanEval_35__zero_shot__sample0__final_bandit.stderr.txt,True,passed,9.0,9.0,10.0,10.0,10.0,9.0,"Clean, efficient, and idiomatic implementation that leverages built-in functions appropriately.",,,,,,,
HumanEval/35,max_element,constraint_guided,0,"""""""Provide a function to return the maximum element from a list of integers.""""""

from typing import List


def max_element(l: List[int]) -> int:
    """"""
    Return the maximum element in the list.
    Assume that the list is not empty.

    Example:
        >>> max_element([1, 2, 3])
        3
    """"""
    maximum_element = l[0]
    for current_element in l[1:]:
        if current_element > maximum_element:
            maximum_element = current_element
    return maximum_element",raw_generations/HumanEval_35/constraint_guided_sample0.py,,,True,,7.14,0,3.0,3,99.68164619550247,outputs_grok_prompt_v3\reports\static_analysis\pylint\HumanEval_35__constraint_guided__sample0__final_pylint.txt,outputs_grok_prompt_v3\reports\static_analysis\bandit\HumanEval_35__constraint_guided__sample0__final_bandit.json,outputs_grok_prompt_v3\reports\static_analysis\bandit\HumanEval_35__constraint_guided__sample0__final_bandit.stderr.txt,True,passed,8.0,7.0,9.0,8.0,6.0,7.0,The code is clear and correct but not Pythonic; it reimplements the built-in max() function and uses a poor variable name 'l'.,,,,,,,
HumanEval/35,max_element,structured_cot,0,"""""""Utility module for list operations.""""""
from typing import List


def max_element(l: List[int]) -> int:
    """"""
    Return the maximum element in the list.
    Assume that the list is not empty.

    Example:
        >>> max_element([1, 2, 3])
        3
    """"""
    return max(l)",raw_generations/HumanEval_35/structured_cot_sample0.py,,,True,,6.67,0,1.0,1,100.0,outputs_grok_prompt_v3\reports\static_analysis\pylint\HumanEval_35__structured_cot__sample0__final_pylint.txt,outputs_grok_prompt_v3\reports\static_analysis\bandit\HumanEval_35__structured_cot__sample0__final_bandit.json,outputs_grok_prompt_v3\reports\static_analysis\bandit\HumanEval_35__structured_cot__sample0__final_bandit.stderr.txt,True,passed,9.0,8.0,10.0,10.0,9.0,9.0,"Clean, correct, and efficient implementation using built-in max, though the function name and parameter 'l' could be slightly more descriptive.",,,,,,,
HumanEval/35,max_element,self_refine,0,"""""""Utility module for list operations.""""""

from typing import List


def max_element(numbers: List[int]) -> int:
    """"""
    Return the maximum element in the list.
    Assume that the list is not empty.

    Example:
        >>> max_element([1, 2, 3])
        3
    """"""
    current_max = numbers[0]
    for number in numbers[1:]:
        current_max = max(current_max, number)
    return current_max",raw_generations/HumanEval_35/self_refine_sample0.py,"""""""Utility module for list operations.""""""

from typing import List


def max_element(numbers: List[int]) -> int:
    """"""
    Return the maximum element in the list.
    Assume that the list is not empty.

    Example:
        >>> max_element([1, 2, 3])
        3
    """"""
    current_max = numbers[0]
    for number in numbers[1:]:
        if number > current_max:
            current_max = number
    return current_max",raw_generations/HumanEval_35/self_refine_sample0_initial.py,True,,8.33,0,2.0,2,100.0,outputs_grok_prompt_v3\reports\static_analysis\pylint\HumanEval_35__self_refine__sample0__final_pylint.txt,outputs_grok_prompt_v3\reports\static_analysis\bandit\HumanEval_35__self_refine__sample0__final_bandit.json,outputs_grok_prompt_v3\reports\static_analysis\bandit\HumanEval_35__self_refine__sample0__final_bandit.stderr.txt,True,passed,9.0,8.0,9.0,6.0,7.0,7.0,"The code is clean and correct but inefficiently reimplements Python's built-in max() function, which is both faster and more Pythonic.",7.14,True,passed,outputs_grok_prompt_v3\reports\static_analysis\pylint\HumanEval_35__self_refine__sample0__initial_pylint.txt,outputs_grok_prompt_v3\reports\static_analysis\bandit\HumanEval_35__self_refine__sample0__initial_bandit.json,outputs_grok_prompt_v3\reports\static_analysis\bandit\HumanEval_35__self_refine__sample0__initial_bandit.stderr.txt,True
HumanEval/36,fizz_buzz,zero_shot,0,"def fizz_buzz(n: int) -> int:
    count = 0
    for i in range(n):
        if i % 11 == 0 or i % 13 == 0:
            count += str(i).count('7')
    return count",raw_generations/HumanEval_36/zero_shot_sample0.py,,,True,,5.0,0,4.0,4,69.63245789928568,outputs_grok_prompt_v3\reports\static_analysis\pylint\HumanEval_36__zero_shot__sample0__final_pylint.txt,outputs_grok_prompt_v3\reports\static_analysis\bandit\HumanEval_36__zero_shot__sample0__final_bandit.json,outputs_grok_prompt_v3\reports\static_analysis\bandit\HumanEval_36__zero_shot__sample0__final_bandit.stderr.txt,True,passed,8.0,7.0,6.0,5.0,7.0,6.0,The code is readable and straightforward but inefficient due to unnecessary string conversions and lacks handling for negative inputs or large n.,,,,,,,
HumanEval/36,fizz_buzz,constraint_guided,0,"""""""
Count occurrences of digit 7 in qualifying integers.
""""""

def fizz_buzz(n: int) -> int:
    """"""
    Return the number of times the digit 7 appears in integers less than n
    which are divisible by 11 or 13.
    """"""
    if n <= 0:
        return 0

    total_sevens = 0
    for candidate in range(1, n):
        if candidate % 11 == 0 or candidate % 13 == 0:
            total_sevens += str(candidate).count(""7"")
    return total_sevens",raw_generations/HumanEval_36/constraint_guided_sample0.py,,,True,,8.75,0,5.0,5,91.32753919494829,outputs_grok_prompt_v3\reports\static_analysis\pylint\HumanEval_36__constraint_guided__sample0__final_pylint.txt,outputs_grok_prompt_v3\reports\static_analysis\bandit\HumanEval_36__constraint_guided__sample0__final_bandit.json,outputs_grok_prompt_v3\reports\static_analysis\bandit\HumanEval_36__constraint_guided__sample0__final_bandit.stderr.txt,True,passed,8.0,7.0,6.0,4.0,7.0,6.0,The code is readable and mostly correct but inefficient due to unnecessary string conversions and modulo checks; it also fails to handle negative numbers as per the specification.,,,,,,,
HumanEval/36,fizz_buzz,structured_cot,0,"""""""Count occurrences of digit 7 in qualifying integers.""""""

def fizz_buzz(n: int) -> int:
    """"""Return the number of times the digit 7 appears in integers less than n which are divisible by 11 or 13.""""""
    count = 0
    for i in range(n):
        if i % 11 == 0 or i % 13 == 0:
            count += str(i).count(""7"")
    return count",raw_generations/HumanEval_36/structured_cot_sample0.py,,,True,,6.67,0,4.0,4,66.90704879184777,outputs_grok_prompt_v3\reports\static_analysis\pylint\HumanEval_36__structured_cot__sample0__final_pylint.txt,outputs_grok_prompt_v3\reports\static_analysis\bandit\HumanEval_36__structured_cot__sample0__final_bandit.json,outputs_grok_prompt_v3\reports\static_analysis\bandit\HumanEval_36__structured_cot__sample0__final_bandit.stderr.txt,True,passed,8.0,7.0,6.0,5.0,7.0,6.0,The code is readable but inefficient and misses edge cases like negative numbers or large n.,,,,,,,
HumanEval/36,fizz_buzz,self_refine,0,"""""""Fizz buzz digit counting utility.""""""

def fizz_buzz(n: int) -> int:
    """"""
    Return the number of times the digit 7 appears in integers less than n
    which are divisible by 11 or 13.

    Examples:
        >>> fizz_buzz(50)
        0
        >>> fizz_buzz(78)
        2
        >>> fizz_buzz(79)
        3
    """"""
    total_sevens = 0
    for number in range(n):
        if number % 11 == 0 or number % 13 == 0:
            digit_string = str(number)
            total_sevens += digit_string.count(""7"")
    return total_sevens",raw_generations/HumanEval_36/self_refine_sample0.py,"""""""Fizz buzz digit counting utility.""""""

def fizz_buzz(n: int) -> int:
    """"""
    Return the number of times the digit 7 appears in integers less than n which are divisible by 11 or 13.

    Examples:
        >>> fizz_buzz(50)
        0
        >>> fizz_buzz(78)
        2
        >>> fizz_buzz(79)
        3
    """"""
    total_sevens = 0
    for number in range(n):
        if number % 11 == 0 or number % 13 == 0:
            digit_string = str(number)
            total_sevens += digit_string.count(""7"")
    return total_sevens",raw_generations/HumanEval_36/self_refine_sample0_initial.py,True,,8.57,0,4.0,4,80.92723863489314,outputs_grok_prompt_v3\reports\static_analysis\pylint\HumanEval_36__self_refine__sample0__final_pylint.txt,outputs_grok_prompt_v3\reports\static_analysis\bandit\HumanEval_36__self_refine__sample0__final_bandit.json,outputs_grok_prompt_v3\reports\static_analysis\bandit\HumanEval_36__self_refine__sample0__final_bandit.stderr.txt,True,passed,8.0,6.0,7.0,5.0,7.0,6.0,The code is readable and mostly correct but inefficient due to unnecessary string conversions and lacks modularity for testing edge cases.,7.14,True,passed,outputs_grok_prompt_v3\reports\static_analysis\pylint\HumanEval_36__self_refine__sample0__initial_pylint.txt,outputs_grok_prompt_v3\reports\static_analysis\bandit\HumanEval_36__self_refine__sample0__initial_bandit.json,outputs_grok_prompt_v3\reports\static_analysis\bandit\HumanEval_36__self_refine__sample0__initial_bandit.stderr.txt,True
HumanEval/37,sort_even,zero_shot,0,"def sort_even(l: List[int]) -> List[int]:
    even_values = sorted(l[::2])
    result = l[:]
    for i in range(len(even_values)):
        result[2 * i] = even_values[i]
    return result",raw_generations/HumanEval_37/zero_shot_sample0.py,,,True,,0.0,0,2.0,2,75.28967674449181,outputs_grok_prompt_v3\reports\static_analysis\pylint\HumanEval_37__zero_shot__sample0__final_pylint.txt,outputs_grok_prompt_v3\reports\static_analysis\bandit\HumanEval_37__zero_shot__sample0__final_bandit.json,outputs_grok_prompt_v3\reports\static_analysis\bandit\HumanEval_37__zero_shot__sample0__final_bandit.stderr.txt,True,passed,8.0,7.0,6.0,8.0,7.0,7.0,The code is generally clean and efficient but fails to handle edge cases like empty lists and incorrectly assumes even indices start at 0 for all list lengths.,,,,,,,
HumanEval/37,sort_even,constraint_guided,0,"""""""Module providing the sort_even function for sorting even-indexed list elements.""""""

from typing import List


def sort_even(l: List[int]) -> List[int]:
    """"""
    This function takes a list l and returns a list l' such that
    l' is identical to l in the odd indicies, while its values at the even indicies are equal
    to the values of the even indicies of l, but sorted.

    Examples:
        >>> sort_even([1, 2, 3])
        [1, 2, 3]
        >>> sort_even([5, 6, 3, 4])
        [3, 6, 5, 4]
    """"""
    even_values = sorted(l[i] for i in range(0, len(l), 2))
    result = []
    even_idx = 0
    for i in range(len(l)):
        if i % 2 == 0:
            result.append(even_values[even_idx])
            even_idx += 1
        else:
            result.append(l[i])
    return result",raw_generations/HumanEval_37/constraint_guided_sample0.py,,,True,,8.18,0,4.0,4,92.0189926669696,outputs_grok_prompt_v3\reports\static_analysis\pylint\HumanEval_37__constraint_guided__sample0__final_pylint.txt,outputs_grok_prompt_v3\reports\static_analysis\bandit\HumanEval_37__constraint_guided__sample0__final_bandit.json,outputs_grok_prompt_v3\reports\static_analysis\bandit\HumanEval_37__constraint_guided__sample0__final_bandit.stderr.txt,True,passed,8.0,7.0,9.0,8.0,7.0,8.0,"The code is clear and correct, but could be more Pythonic by using list slicing and zip for better readability.",,,,,,,
HumanEval/37,sort_even,structured_cot,0,"""""""Sort list values at even indices while preserving odd indices.""""""

from typing import List


def sort_even(l: List[int]) -> List[int]:
    """"""
    This function takes a list l and returns a list l' such that
    l' is identical to l in the odd indicies, while its values at the even indicies are equal
    to the values of the even indicies of l, but sorted.

    Examples:
        >>> sort_even([1, 2, 3])
        [1, 2, 3]
        >>> sort_even([5, 6, 3, 4])
        [3, 6, 5, 4]
    """"""
    sorted_evens = sorted(l[::2])
    return [sorted_evens[i // 2] if i % 2 == 0 else v for i, v in enumerate(l)]",raw_generations/HumanEval_37/structured_cot_sample0.py,,,True,,7.5,0,3.0,3,67.41566277990555,outputs_grok_prompt_v3\reports\static_analysis\pylint\HumanEval_37__structured_cot__sample0__final_pylint.txt,outputs_grok_prompt_v3\reports\static_analysis\bandit\HumanEval_37__structured_cot__sample0__final_bandit.json,outputs_grok_prompt_v3\reports\static_analysis\bandit\HumanEval_37__structured_cot__sample0__final_bandit.stderr.txt,True,passed,7.0,6.0,8.0,8.0,7.0,7.0,"The code is generally clear and efficient, but the list comprehension logic is slightly confusing and could be improved for better maintainability and readability.",,,,,,,
HumanEval/37,sort_even,self_refine,0,"""""""
Utility functions for list manipulations with even-index sorting.
""""""

from typing import List


def sort_even(l: List[int]) -> List[int]:
    """"""
    This function takes a list l and returns a list l' such that
    l' is identical to l in the odd indicies, while its values at the even indicies are equal
    to the values of the even indicies of l, but sorted.

    Examples:
        >>> sort_even([1, 2, 3])
        [1, 2, 3]
        >>> sort_even([5, 6, 3, 4])
        [3, 6, 5, 4]
    """"""
    even_values = sorted(value for index, value in enumerate(l) if index % 2 == 0)
    result = list(l)
    for position, value in enumerate(even_values):
        result[2 * position] = value
    return result",raw_generations/HumanEval_37/self_refine_sample0.py,"""""""
Utility functions for list manipulations with even-index sorting.
""""""

from typing import List


def sort_even(l: List[int]) -> List[int]:
    """"""
    This function takes a list l and returns a list l' such that
    l' is identical to l in the odd indicies, while its values at the even indicies are equal
    to the values of the even indicies of l, but sorted.

    Examples:
        >>> sort_even([1, 2, 3])
        [1, 2, 3]
        >>> sort_even([5, 6, 3, 4])
        [3, 6, 5, 4]
    """"""
    even_values = sorted(value for index, value in enumerate(l) if index % 2 == 0)
    result = list(l)
    for position, value in enumerate(even_values):
        result[2 * position] = value
    return result",raw_generations/HumanEval_37/self_refine_sample0_initial.py,True,,8.57,0,4.0,4,77.76122336132042,outputs_grok_prompt_v3\reports\static_analysis\pylint\HumanEval_37__self_refine__sample0__final_pylint.txt,outputs_grok_prompt_v3\reports\static_analysis\bandit\HumanEval_37__self_refine__sample0__final_bandit.json,outputs_grok_prompt_v3\reports\static_analysis\bandit\HumanEval_37__self_refine__sample0__final_bandit.stderr.txt,True,passed,8.0,7.0,9.0,8.0,8.0,8.0,"The code is clear and efficient, but the variable name 'l' is poor (conflicts with '1'), and the docstring contains a typo ('indicies').",8.57,True,passed,outputs_grok_prompt_v3\reports\static_analysis\pylint\HumanEval_37__self_refine__sample0__initial_pylint.txt,outputs_grok_prompt_v3\reports\static_analysis\bandit\HumanEval_37__self_refine__sample0__initial_bandit.json,outputs_grok_prompt_v3\reports\static_analysis\bandit\HumanEval_37__self_refine__sample0__initial_bandit.stderr.txt,False
HumanEval/38,decode_cyclic,zero_shot,0,"def decode_cyclic(s: str) -> str:
    groups = [s[(3 * i):min((3 * i + 3), len(s))]
              for i in range((len(s) + 2) // 3)]
    groups = [(group[2] + group[:2]) if len(group)
              == 3 else group for group in groups]
    return """".join(groups)",raw_generations/HumanEval_38/zero_shot_sample0.py,,,True,,2.5,0,4.0,4,69.2503107103093,outputs_grok_prompt_v3\reports\static_analysis\pylint\HumanEval_38__zero_shot__sample0__final_pylint.txt,outputs_grok_prompt_v3\reports\static_analysis\bandit\HumanEval_38__zero_shot__sample0__final_bandit.json,outputs_grok_prompt_v3\reports\static_analysis\bandit\HumanEval_38__zero_shot__sample0__final_bandit.stderr.txt,True,passed,7.0,6.0,8.0,8.0,7.0,7.0,"The code is generally clear and efficient, but lacks error handling and has some duplication that reduces maintainability.",,,,,,,
HumanEval/38,decode_cyclic,constraint_guided,0,"""""""Utilities for cyclic encoding and decoding of strings.""""""

def encode_cyclic(s: str) -> str:
    """"""
    Returns encoded string by cycling groups of three characters.
    """"""
    # split string to groups. Each of length 3.
    groups = [s[(3 * i):min((3 * i + 3), len(s))]
              for i in range((len(s) + 2) // 3)]
    # cycle elements in each group. Unless group has fewer elements than 3.
    groups = [(group[1:] + group[0]) if len(group)
              == 3 else group for group in groups]
    return """".join(groups)


def decode_cyclic(s: str) -> str:
    """"""
    Takes as input string encoded with encode_cyclic function. Returns decoded string.
    """"""
    groups = [s[(3 * i):min((3 * i + 3), len(s))]
              for i in range((len(s) + 2) // 3)]
    groups = [(group[-1] + group[:-1]) if len(group)
              == 3 else group for group in groups]
    return """".join(groups)",raw_generations/HumanEval_38/constraint_guided_sample0.py,,,True,,8.75,0,4.0,4,86.15573811241605,outputs_grok_prompt_v3\reports\static_analysis\pylint\HumanEval_38__constraint_guided__sample0__final_pylint.txt,outputs_grok_prompt_v3\reports\static_analysis\bandit\HumanEval_38__constraint_guided__sample0__final_bandit.json,outputs_grok_prompt_v3\reports\static_analysis\bandit\HumanEval_38__constraint_guided__sample0__final_bandit.stderr.txt,True,passed,7.0,6.0,8.0,7.0,6.0,6.0,Code is functional but lacks modularity and has duplicated logic; decode function should reference encode's logic rather than reimplementing.,,,,,,,
HumanEval/38,decode_cyclic,structured_cot,0,"""""""Cyclic encoding and decoding of strings.""""""

def encode_cyclic(s: str) -> str:
    """"""
    Returns encoded string by cycling groups of three characters.
    """"""
    # split string to groups. Each of length 3.
    groups = [s[(3 * i):min((3 * i + 3), len(s))]
              for i in range((len(s) + 2) // 3)]
    # cycle elements in each group. Unless group has fewer elements than 3.
    groups = [(group[1:] + group[0]) if len(group)
              == 3 else group for group in groups]
    return """".join(groups)


def decode_cyclic(s: str) -> str:
    """"""
    Takes as input string encoded with encode_cyclic function. Returns decoded string.
    """"""
    groups = [s[(3 * i):min((3 * i + 3), len(s))]
              for i in range((len(s) + 2) // 3)]
    groups = [(group[-1] + group[:-1]) if len(group)
              == 3 else group for group in groups]
    return """".join(groups)",raw_generations/HumanEval_38/structured_cot_sample0.py,,,True,,8.75,0,4.0,4,86.15573811241605,outputs_grok_prompt_v3\reports\static_analysis\pylint\HumanEval_38__structured_cot__sample0__final_pylint.txt,outputs_grok_prompt_v3\reports\static_analysis\bandit\HumanEval_38__structured_cot__sample0__final_bandit.json,outputs_grok_prompt_v3\reports\static_analysis\bandit\HumanEval_38__structured_cot__sample0__final_bandit.stderr.txt,True,passed,7.0,6.0,8.0,7.0,6.0,6.0,Code is functional but lacks modularity and uses non-idiomatic list comprehension logic; decoding function should verify encoding method.,,,,,,,
HumanEval/38,decode_cyclic,self_refine,0,"""""""Cyclic encoding and decoding utilities for strings.""""""

def encode_cyclic(s: str) -> str:
    """"""
    Returns encoded string by cycling groups of three characters.
    """"""
    # split string to groups. Each of length 3.
    groups = [s[(3 * i):min((3 * i + 3), len(s))]
              for i in range((len(s) + 2) // 3)]
    # cycle elements in each group. Unless group has fewer elements than 3.
    groups = [(group[1:] + group[0]) if len(group)
              == 3 else group for group in groups]
    return """".join(groups)


def decode_cyclic(s: str) -> str:
    """"""
    Takes as input string encoded with encode_cyclic function. Returns decoded string.
    """"""
    groups = [s[(3 * i):min((3 * i + 3), len(s))]
              for i in range((len(s) + 2) // 3)]
    groups = [(group[-1] + group[:-1]) if len(group)
              == 3 else group for group in groups]
    return """".join(groups)",raw_generations/HumanEval_38/self_refine_sample0.py,"""""""Cyclic encoding and decoding utilities for strings.""""""

def encode_cyclic(s: str) -> str:
    """"""
    Returns encoded string by cycling groups of three characters.
    """"""
    # split string to groups. Each of length 3.
    groups = [s[(3 * i):min((3 * i + 3), len(s))]
              for i in range((len(s) + 2) // 3)]
    # cycle elements in each group. Unless group has fewer elements than 3.
    groups = [(group[1:] + group[0]) if len(group)
              == 3 else group for group in groups]
    return """".join(groups)


def decode_cyclic(s: str) -> str:
    """"""
    Takes as input string encoded with encode_cyclic function. Returns decoded string.
    """"""
    groups = [s[(3 * i):min((3 * i + 3), len(s))]
              for i in range((len(s) + 2) // 3)]
    groups = [(group[-1] + group[:-1]) if len(group)
              == 3 else group for group in groups]
    return """".join(groups)",raw_generations/HumanEval_38/self_refine_sample0_initial.py,True,,8.75,0,4.0,4,86.15573811241605,outputs_grok_prompt_v3\reports\static_analysis\pylint\HumanEval_38__self_refine__sample0__final_pylint.txt,outputs_grok_prompt_v3\reports\static_analysis\bandit\HumanEval_38__self_refine__sample0__final_bandit.json,outputs_grok_prompt_v3\reports\static_analysis\bandit\HumanEval_38__self_refine__sample0__final_bandit.stderr.txt,True,passed,-1.0,-1.0,-1.0,-1.0,-1.0,-1.0,"The code is incomplete and contains a placeholder for decode_cyclic, making it non-functional and impossible to evaluate properly.",8.75,True,passed,outputs_grok_prompt_v3\reports\static_analysis\pylint\HumanEval_38__self_refine__sample0__initial_pylint.txt,outputs_grok_prompt_v3\reports\static_analysis\bandit\HumanEval_38__self_refine__sample0__initial_bandit.json,outputs_grok_prompt_v3\reports\static_analysis\bandit\HumanEval_38__self_refine__sample0__initial_bandit.stderr.txt,False
HumanEval/39,prime_fib,zero_shot,0,"def prime_fib(n: int) -> int:
    def is_prime(x: int) -> bool:
        if x < 2:
            return False
        if x == 2:
            return True
        if x % 2 == 0:
            return False
        for i in range(3, int(x**0.5) + 1, 2):
            if x % i == 0:
                return False
        return True

    a, b = 0, 1
    count = 0
    while True:
        if is_prime(b):
            count += 1
            if count == n:
                return b
        a, b = b, a + b",raw_generations/HumanEval_39/zero_shot_sample0.py,,,True,,8.5,0,4.0,4,56.05020789722818,outputs_grok_prompt_v3\reports\static_analysis\pylint\HumanEval_39__zero_shot__sample0__final_pylint.txt,outputs_grok_prompt_v3\reports\static_analysis\bandit\HumanEval_39__zero_shot__sample0__final_bandit.json,outputs_grok_prompt_v3\reports\static_analysis\bandit\HumanEval_39__zero_shot__sample0__final_bandit.stderr.txt,True,passed,8.0,7.0,6.0,5.0,7.0,6.0,"The code is readable and mostly Pythonic, but it lacks handling for large n (potential integer overflow) and edge cases like n <= 0, and the Fibonacci generation could be more efficient for this specific prime-finding task.",,,,,,,
HumanEval/39,prime_fib,constraint_guided,0,"""""""
Utilities for identifying prime Fibonacci numbers.
""""""

def is_prime(number: int) -> bool:
    """"""Return True if number is prime.""""""
    if number < 2:
        return False
    if number == 2:
        return True
    if number % 2 == 0:
        return False
    divisor = 3
    while divisor * divisor <= number:
        if number % divisor == 0:
            return False
        divisor += 2
    return True


def prime_fib(n: int) -> int:
    """"""
    prime_fib returns n-th number that is a Fibonacci number and also prime.

    Examples:
        >>> prime_fib(1)
        2
        >>> prime_fib(2)
        3
        >>> prime_fib(3)
        5
        >>> prime_fib(4)
        13
        >>> prime_fib(5)
        89
    """"""
    if n < 1:
        raise ValueError(""n must be a positive integer"")

    fib_prev, fib_curr = 0, 1
    prime_count = 0

    while True:
        if is_prime(fib_curr):
            prime_count += 1
            if prime_count == n:
                return fib_curr
        fib_prev, fib_curr = fib_curr, fib_prev + fib_curr",raw_generations/HumanEval_39/constraint_guided_sample0.py,,,True,,9.58,0,5.5,6,80.75115674222909,outputs_grok_prompt_v3\reports\static_analysis\pylint\HumanEval_39__constraint_guided__sample0__final_pylint.txt,outputs_grok_prompt_v3\reports\static_analysis\bandit\HumanEval_39__constraint_guided__sample0__final_bandit.json,outputs_grok_prompt_v3\reports\static_analysis\bandit\HumanEval_39__constraint_guided__sample0__final_bandit.stderr.txt,True,passed,8.0,7.0,6.0,4.0,7.0,6.0,"The code is readable and well-structured, but it's inefficient for larger n and fails to handle the edge case where Fibonacci numbers exceed typical integer limits.",,,,,,,
HumanEval/39,prime_fib,structured_cot,0,"""""""
Return the n-th Fibonacci prime number.
""""""

def is_prime(x: int) -> bool:
    if x < 2:
        return False
    if x == 2:
        return True
    if x % 2 == 0:
        return False
    for i in range(3, int(x ** 0.5) + 1, 2):
        if x % i == 0:
            return False
    return True


def prime_fib(n: int) -> int:
    """"""
    prime_fib returns n-th number that is a Fibonacci number and also prime.

    Examples:
        >>> prime_fib(1)
        2
        >>> prime_fib(2)
        3
        >>> prime_fib(3)
        5
        >>> prime_fib(4)
        13
        >>> prime_fib(5)
        89
    """"""
    a, b = 1, 2
    count = 0
    while True:
        if is_prime(b):
            count += 1
            if count == n:
                return b
        a, b = b, a + b",raw_generations/HumanEval_39/structured_cot_sample0.py,,,True,,9.0,0,5.0,6,82.04491192017973,outputs_grok_prompt_v3\reports\static_analysis\pylint\HumanEval_39__structured_cot__sample0__final_pylint.txt,outputs_grok_prompt_v3\reports\static_analysis\bandit\HumanEval_39__structured_cot__sample0__final_bandit.json,outputs_grok_prompt_v3\reports\static_analysis\bandit\HumanEval_39__structured_cot__sample0__final_bandit.stderr.txt,True,passed,8.0,7.0,5.0,4.0,6.0,6.0,"The code is readable and modular, but it incorrectly starts the Fibonacci sequence at (1,2) instead of (0,1), causing it to miss the first prime Fibonacci number (2) and produce wrong results for n>1.",,,,,,,
HumanEval/39,prime_fib,self_refine,0,"""""""
Utilities for finding prime Fibonacci numbers.
""""""

def is_prime(number: int) -> bool:
    """"""Return True if number is prime, else False.""""""
    if number <= 1:
        return False
    if number <= 3:
        return True
    if number % 2 == 0 or number % 3 == 0:
        return False
    candidate = 5
    while candidate * candidate <= number:
        if number % candidate == 0 or number % (candidate + 2) == 0:
            return False
        candidate += 6
    return True


def prime_fib(n: int) -> int:
    """"""
    prime_fib returns n-th number that is a Fibonacci number and also prime.

    Examples:
        >>> prime_fib(1)
        2
        >>> prime_fib(2)
        3
        >>> prime_fib(3)
        5
        >>> prime_fib(4)
        13
        >>> prime_fib(5)
        89
    """"""
    if n < 1:
        raise ValueError(""n must be a positive integer"")
    count = 0
    prev, curr = 0, 1
    while count < n:
        prev, curr = curr, prev + curr
        if is_prime(prev):
            count += 1
    return prev",raw_generations/HumanEval_39/self_refine_sample0.py,"""""""
Utilities for finding prime Fibonacci numbers.
""""""

def is_prime(number: int) -> bool:
    """"""Return True if number is prime, else False.""""""
    if number <= 1:
        return False
    if number <= 3:
        return True
    if number % 2 == 0 or number % 3 == 0:
        return False
    candidate = 5
    while candidate * candidate <= number:
        if number % candidate == 0 or number % (candidate + 2) == 0:
            return False
        candidate += 6
    return True


def prime_fib(n: int) -> int:
    """"""
    prime_fib returns n-th number that is a Fibonacci number and also prime.

    Examples:
        >>> prime_fib(1)
        2
        >>> prime_fib(2)
        3
        >>> prime_fib(3)
        5
        >>> prime_fib(4)
        13
        >>> prime_fib(5)
        89
    """"""
    if n < 1:
        raise ValueError(""n must be a positive integer"")
    count = 0
    prev, curr = 0, 1
    while count < n:
        prev, curr = curr, prev + curr
        if is_prime(prev):
            count += 1
    return prev",raw_generations/HumanEval_39/self_refine_sample0_initial.py,True,,9.57,0,6.0,8,78.99065573472677,outputs_grok_prompt_v3\reports\static_analysis\pylint\HumanEval_39__self_refine__sample0__final_pylint.txt,outputs_grok_prompt_v3\reports\static_analysis\bandit\HumanEval_39__self_refine__sample0__final_bandit.json,outputs_grok_prompt_v3\reports\static_analysis\bandit\HumanEval_39__self_refine__sample0__final_bandit.stderr.txt,True,passed,8.0,7.0,6.0,5.0,7.0,6.0,"The code is generally readable and well-structured, but has correctness issues with Fibonacci sequence generation and lacks optimization for the specific problem.",9.57,True,passed,outputs_grok_prompt_v3\reports\static_analysis\pylint\HumanEval_39__self_refine__sample0__initial_pylint.txt,outputs_grok_prompt_v3\reports\static_analysis\bandit\HumanEval_39__self_refine__sample0__initial_bandit.json,outputs_grok_prompt_v3\reports\static_analysis\bandit\HumanEval_39__self_refine__sample0__initial_bandit.stderr.txt,False
HumanEval/40,triples_sum_to_zero,zero_shot,0,"from typing import List

def triples_sum_to_zero(l: List[int]) -> bool:
    n = len(l)
    if n < 3:
        return False
    l = sorted(l)
    for i in range(n - 2):
        if i > 0 and l[i] == l[i - 1]:
            continue
        left, right = i + 1, n - 1
        while left < right:
            s = l[i] + l[left] + l[right]
            if s == 0:
                return True
            elif s < 0:
                left += 1
            else:
                right -= 1
    return False",raw_generations/HumanEval_40/zero_shot_sample0.py,,,True,,7.78,0,8.0,8,54.86379240405879,outputs_grok_prompt_v3\reports\static_analysis\pylint\HumanEval_40__zero_shot__sample0__final_pylint.txt,outputs_grok_prompt_v3\reports\static_analysis\bandit\HumanEval_40__zero_shot__sample0__final_bandit.json,outputs_grok_prompt_v3\reports\static_analysis\bandit\HumanEval_40__zero_shot__sample0__final_bandit.stderr.txt,True,passed,8.0,7.0,6.0,8.0,7.0,7.0,"The algorithm is efficient but fails to handle the 'distinct elements' requirement correctly, and variable naming could be improved.",,,,,,,
HumanEval/40,triples_sum_to_zero,constraint_guided,0,"""""""Utility for detecting zero-sum triples in integer lists.""""""

from typing import List


def triples_sum_to_zero(l: List[int]) -> bool:
    """"""
    Check if there are three distinct elements
    in the list that sum to zero.

    Examples:
        >>> triples_sum_to_zero([1, 3, 5, 0])
        False
        >>> triples_sum_to_zero([1, 3, -2, 1])
        True
    """"""
    if len(l) < 3:
        return False

    nums = sorted(l)
    for i in range(len(nums) - 2):
        left = i + 1
        right = len(nums) - 1
        while left < right:
            current_sum = nums[i] + nums[left] + nums[right]
            if current_sum == 0:
                return True
            if current_sum < 0:
                left += 1
            else:
                right -= 1
    return False",raw_generations/HumanEval_40/constraint_guided_sample0.py,,,True,,9.38,0,6.0,6,85.44864380297001,outputs_grok_prompt_v3\reports\static_analysis\pylint\HumanEval_40__constraint_guided__sample0__final_pylint.txt,outputs_grok_prompt_v3\reports\static_analysis\bandit\HumanEval_40__constraint_guided__sample0__final_bandit.json,outputs_grok_prompt_v3\reports\static_analysis\bandit\HumanEval_40__constraint_guided__sample0__final_bandit.stderr.txt,True,passed,8.0,7.0,6.0,8.0,7.0,7.0,"The algorithm is efficient but fails to handle the 'distinct elements' requirement correctly, and the variable name 'l' violates PEP 8 conventions.",,,,,,,
HumanEval/40,triples_sum_to_zero,structured_cot,0,"""""""Utility for detecting zero-sum triples in a list.""""""

from itertools import combinations
from typing import List


def triples_sum_to_zero(l: List[int]) -> bool:
    """"""
    Check if there are three distinct elements
    in the list that sum to zero.

    Examples:
        >>> triples_sum_to_zero([1, 3, 5, 0])
        False
        >>> triples_sum_to_zero([1, 3, -2, 1])
        True
    """"""
    return any(sum(comb) == 0 for comb in combinations(l, 3))",raw_generations/HumanEval_40/structured_cot_sample0.py,,,True,,7.5,0,2.0,2,78.99369453816928,outputs_grok_prompt_v3\reports\static_analysis\pylint\HumanEval_40__structured_cot__sample0__final_pylint.txt,outputs_grok_prompt_v3\reports\static_analysis\bandit\HumanEval_40__structured_cot__sample0__final_bandit.json,outputs_grok_prompt_v3\reports\static_analysis\bandit\HumanEval_40__structured_cot__sample0__final_bandit.stderr.txt,True,passed,9.0,8.0,7.0,3.0,9.0,7.0,The code is clean and Pythonic but uses an O(n³) brute-force approach; it also doesn't handle the 'distinct elements' requirement correctly for lists with duplicate values.,,,,,,,
HumanEval/40,triples_sum_to_zero,self_refine,0,"""""""Utility for detecting zero-sum triples in integer lists.""""""

from typing import List


def triples_sum_to_zero(l: List[int]) -> bool:
    """"""
    Check if there are three distinct elements
    in the list that sum to zero.

    Examples:
        >>> triples_sum_to_zero([1, 3, 5, 0])
        False
        >>> triples_sum_to_zero([1, 3, -2, 1])
        True
    """"""
    if len(l) < 3:
        return False

    nums = sorted(l)
    for i in range(len(nums) - 2):
        left = i + 1
        right = len(nums) - 1
        while left < right:
            current_sum = nums[i] + nums[left] + nums[right]
            if current_sum == 0:
                return True
            if current_sum < 0:
                left += 1
            else:
                right -= 1
    return False",raw_generations/HumanEval_40/self_refine_sample0.py,"""""""Utility for detecting zero-sum triples in integer lists.""""""

from typing import List


def triples_sum_to_zero(l: List[int]) -> bool:
    """"""
    Check if there are three distinct elements
    in the list that sum to zero.

    Examples:
        >>> triples_sum_to_zero([1, 3, 5, 0])
        False
        >>> triples_sum_to_zero([1, 3, -2, 1])
        True
    """"""
    if len(l) < 3:
        return False

    nums = sorted(l)
    for i in range(len(nums) - 2):
        left = i + 1
        right = len(nums) - 1
        while left < right:
            current_sum = nums[i] + nums[left] + nums[right]
            if current_sum == 0:
                return True
            if current_sum < 0:
                left += 1
            else:
                right -= 1
    return False",raw_generations/HumanEval_40/self_refine_sample0_initial.py,True,,9.38,0,6.0,6,85.44864380297001,outputs_grok_prompt_v3\reports\static_analysis\pylint\HumanEval_40__self_refine__sample0__final_pylint.txt,outputs_grok_prompt_v3\reports\static_analysis\bandit\HumanEval_40__self_refine__sample0__final_bandit.json,outputs_grok_prompt_v3\reports\static_analysis\bandit\HumanEval_40__self_refine__sample0__final_bandit.stderr.txt,True,passed,8.0,7.0,6.0,8.0,7.0,7.0,"The algorithm is efficient but fails to ensure distinct elements as required, and variable naming could be improved.",9.38,True,passed,outputs_grok_prompt_v3\reports\static_analysis\pylint\HumanEval_40__self_refine__sample0__initial_pylint.txt,outputs_grok_prompt_v3\reports\static_analysis\bandit\HumanEval_40__self_refine__sample0__initial_bandit.json,outputs_grok_prompt_v3\reports\static_analysis\bandit\HumanEval_40__self_refine__sample0__initial_bandit.stderr.txt,False
HumanEval/41,car_race_collision,zero_shot,0,"def car_race_collision(n: int) -> int:
    return n * n",raw_generations/HumanEval_41/zero_shot_sample0.py,,,True,,0.0,0,1.0,1,89.95803027710804,outputs_grok_prompt_v3\reports\static_analysis\pylint\HumanEval_41__zero_shot__sample0__final_pylint.txt,outputs_grok_prompt_v3\reports\static_analysis\bandit\HumanEval_41__zero_shot__sample0__final_bandit.json,outputs_grok_prompt_v3\reports\static_analysis\bandit\HumanEval_41__zero_shot__sample0__final_bandit.stderr.txt,True,passed,9.0,9.0,10.0,10.0,9.0,9.0,"The code is mathematically correct and extremely efficient, though a brief comment explaining why n*n is the solution would enhance readability for those unfamiliar with the combinatorial reasoning.",,,,,,,
HumanEval/41,car_race_collision,constraint_guided,0,"""""""Utility functions for car collision simulations.""""""

def car_race_collision(n: int) -> int:
    """"""
    Imagine a road that's a perfectly straight infinitely long line.
    n cars are driving left to right; simultaneously, a different set of n cars
    are driving right to left.

    n cars -> ..... <- n other cars

    The two sets of cars start out being very far from
    each other. All cars move in the same speed. Two cars are said to collide
    when a car that's moving left to right hits a car that's moving right to left.
    However, the cars are infinitely sturdy and strong; as a result, they continue moving
    in their trajectory as if they did not collide.

    This function outputs the total number of such collisions possible given n.
    """"""
    if n <= 0:
        return 0
    return n * n",raw_generations/HumanEval_41/constraint_guided_sample0.py,,,True,,7.5,0,2.0,2,62.5514397515632,outputs_grok_prompt_v3\reports\static_analysis\pylint\HumanEval_41__constraint_guided__sample0__final_pylint.txt,outputs_grok_prompt_v3\reports\static_analysis\bandit\HumanEval_41__constraint_guided__sample0__final_bandit.json,outputs_grok_prompt_v3\reports\static_analysis\bandit\HumanEval_41__constraint_guided__sample0__final_bandit.stderr.txt,True,passed,8.0,9.0,10.0,10.0,8.0,9.0,"Clean, efficient implementation with proper edge case handling, though the mathematical reasoning could be better documented.",,,,,,,
HumanEval/41,car_race_collision,structured_cot,0,"""""""
Car collision counting module.
""""""

def car_race_collision(n: int) -> int:
    """"""
    Imagine a road that's a perfectly straight infinitely long line.
    n cars are driving left to right; simultaneously, a different set of n cars
    are driving right to left.

    n cars -> ..... <- n other cars

    The two sets of cars start out being very far from
    each other. All cars move in the same speed. Two cars are said to collide
    when a car that's moving left to right hits a car that's moving right to left.
    However, the cars are infinitely sturdy and strong; as a result, they continue moving
    in their trajectory as if they did not collide.

    This function outputs the total number of such collisions possible given n.
    """"""
    return n * n",raw_generations/HumanEval_41/structured_cot_sample0.py,,,True,,5.0,0,1.0,1,66.67529031598684,outputs_grok_prompt_v3\reports\static_analysis\pylint\HumanEval_41__structured_cot__sample0__final_pylint.txt,outputs_grok_prompt_v3\reports\static_analysis\bandit\HumanEval_41__structured_cot__sample0__final_bandit.json,outputs_grok_prompt_v3\reports\static_analysis\bandit\HumanEval_41__structured_cot__sample0__final_bandit.stderr.txt,True,passed,8.0,9.0,10.0,10.0,9.0,9.0,"The code is clean, efficient, and correctly implements the combinatorial collision count (n²), though the mathematical reasoning could be better documented.",,,,,,,
HumanEval/41,car_race_collision,self_refine,0,"""""""Solution to the car race collisions counting problem.""""""

def car_race_collision(n: int) -> int:
    """"""
    Imagine a road that's a perfectly straight infinitely long line.
    n cars are driving left to right; simultaneously, a different set of n cars
    are driving right to left.

    n cars -> ..... <- n other cars

    The two sets of cars start out being very far from
    each other. All cars move in the same speed. Two cars are said to collide
    when a car that's moving left to right hits a car that's moving right to left.
    However, the cars are infinitely sturdy and strong; as a result, they continue moving
    in their trajectory as if they did not collide.

    This function outputs the total number of such collisions possible given n.
    """"""
    if n <= 0:
        return 0
    return n * n",raw_generations/HumanEval_41/self_refine_sample0.py,"""""""Solution to the car race collisions counting problem.""""""

def car_race_collision(n: int) -> int:
    """"""
    Imagine a road that's a perfectly straight infinitely long line.
    n cars are driving left to right; simultaneously, a different set of n cars
    are driving right to left.

    n cars -> ..... <- n other cars

    The two sets of cars start out being very far from
    each other. All cars move in the same speed. Two cars are said to collide
    when a car that's moving left to right hits a car that's moving right to left.
    However, the cars are infinitely sturdy and strong; as a result, they continue moving
    in their trajectory as if they did not collide.

    This function outputs the total number of such collisions possible given n.
    """"""
    if n <= 0:
        return 0
    return n * n",raw_generations/HumanEval_41/self_refine_sample0_initial.py,True,,7.5,0,2.0,2,62.5514397515632,outputs_grok_prompt_v3\reports\static_analysis\pylint\HumanEval_41__self_refine__sample0__final_pylint.txt,outputs_grok_prompt_v3\reports\static_analysis\bandit\HumanEval_41__self_refine__sample0__final_bandit.json,outputs_grok_prompt_v3\reports\static_analysis\bandit\HumanEval_41__self_refine__sample0__final_bandit.stderr.txt,True,passed,9.0,8.0,10.0,10.0,9.0,9.0,"The code is clear, correct, and efficient, but the mathematical reasoning behind n*n collisions could be documented for maintainability.",7.5,True,passed,outputs_grok_prompt_v3\reports\static_analysis\pylint\HumanEval_41__self_refine__sample0__initial_pylint.txt,outputs_grok_prompt_v3\reports\static_analysis\bandit\HumanEval_41__self_refine__sample0__initial_bandit.json,outputs_grok_prompt_v3\reports\static_analysis\bandit\HumanEval_41__self_refine__sample0__initial_bandit.stderr.txt,False
HumanEval/42,incr_list,zero_shot,0,"def incr_list(l: List[int]) -> List[int]:
    return [x + 1 for x in l]",raw_generations/HumanEval_42/zero_shot_sample0.py,,,True,,0.0,0,2.0,2,88.42299174457497,outputs_grok_prompt_v3\reports\static_analysis\pylint\HumanEval_42__zero_shot__sample0__final_pylint.txt,outputs_grok_prompt_v3\reports\static_analysis\bandit\HumanEval_42__zero_shot__sample0__final_bandit.json,outputs_grok_prompt_v3\reports\static_analysis\bandit\HumanEval_42__zero_shot__sample0__final_bandit.stderr.txt,True,passed,10.0,10.0,10.0,10.0,10.0,10.0,"Perfectly concise, idiomatic Python implementation using a list comprehension that is clear, efficient, and fully correct for the task.",,,,,,,
HumanEval/42,incr_list,constraint_guided,0,"""""""Utility functions for list manipulation.""""""

from typing import List


def incr_list(l: List[int]) -> List[int]:
    """"""
    Increment all elements of the list by 1.

    Example:
        >>> incr_list([1, 2, 3])
        [2, 3, 4]
    """"""
    return [item + 1 for item in l]",raw_generations/HumanEval_42/constraint_guided_sample0.py,,,True,,6.67,0,2.0,2,85.87285774682948,outputs_grok_prompt_v3\reports\static_analysis\pylint\HumanEval_42__constraint_guided__sample0__final_pylint.txt,outputs_grok_prompt_v3\reports\static_analysis\bandit\HumanEval_42__constraint_guided__sample0__final_bandit.json,outputs_grok_prompt_v3\reports\static_analysis\bandit\HumanEval_42__constraint_guided__sample0__final_bandit.stderr.txt,True,passed,9.0,9.0,10.0,10.0,9.0,9.0,"Excellent implementation with clear documentation, proper typing, and efficient list comprehension, though the parameter name 'l' could be more descriptive.",,,,,,,
HumanEval/42,incr_list,structured_cot,0,"""""""Increment all list elements by one.""""""

from typing import List


def incr_list(l: List[int]) -> List[int]:
    """"""
    Increment all elements of the list by 1.

    Example:
        >>> incr_list([1, 2, 3])
        [2, 3, 4]
    """"""
    return [x + 1 for x in l]",raw_generations/HumanEval_42/structured_cot_sample0.py,,,True,,6.67,0,2.0,2,85.87285774682948,outputs_grok_prompt_v3\reports\static_analysis\pylint\HumanEval_42__structured_cot__sample0__final_pylint.txt,outputs_grok_prompt_v3\reports\static_analysis\bandit\HumanEval_42__structured_cot__sample0__final_bandit.json,outputs_grok_prompt_v3\reports\static_analysis\bandit\HumanEval_42__structured_cot__sample0__final_bandit.stderr.txt,True,passed,9.0,9.0,10.0,10.0,9.0,9.0,"Clean, efficient, and idiomatic implementation using list comprehension with proper type hints and documentation.",,,,,,,
HumanEval/42,incr_list,self_refine,0,"""""""Utility functions for list manipulation.""""""

from typing import List


def incr_list(l: List[int]) -> List[int]:
    """"""
    Increment all elements of the list by 1.

    Example:
        >>> incr_list([1, 2, 3])
        [2, 3, 4]
    """"""
    return [element + 1 for element in l]",raw_generations/HumanEval_42/self_refine_sample0.py,"""""""Utility functions for list manipulation.""""""

from typing import List


def incr_list(l: List[int]) -> List[int]:
    """"""
    Increment all elements of the list by 1.

    Example:
        >>> incr_list([1, 2, 3])
        [2, 3, 4]
    """"""
    return [element + 1 for element in l]",raw_generations/HumanEval_42/self_refine_sample0_initial.py,True,,6.67,0,2.0,2,85.87285774682948,outputs_grok_prompt_v3\reports\static_analysis\pylint\HumanEval_42__self_refine__sample0__final_pylint.txt,outputs_grok_prompt_v3\reports\static_analysis\bandit\HumanEval_42__self_refine__sample0__final_bandit.json,outputs_grok_prompt_v3\reports\static_analysis\bandit\HumanEval_42__self_refine__sample0__final_bandit.stderr.txt,True,passed,9.0,9.0,10.0,10.0,9.0,9.0,"Clean, efficient, and idiomatic implementation with excellent documentation and type hints.",6.67,True,passed,outputs_grok_prompt_v3\reports\static_analysis\pylint\HumanEval_42__self_refine__sample0__initial_pylint.txt,outputs_grok_prompt_v3\reports\static_analysis\bandit\HumanEval_42__self_refine__sample0__initial_bandit.json,outputs_grok_prompt_v3\reports\static_analysis\bandit\HumanEval_42__self_refine__sample0__initial_bandit.stderr.txt,False
HumanEval/43,pairs_sum_to_zero,zero_shot,0,"from typing import List

def pairs_sum_to_zero(l: List[int]) -> bool:
    seen = set()
    for num in l:
        if -num in seen:
            return True
        seen.add(num)
    return False",raw_generations/HumanEval_43/zero_shot_sample0.py,,,True,,6.25,0,3.0,3,72.44064369438814,outputs_grok_prompt_v3\reports\static_analysis\pylint\HumanEval_43__zero_shot__sample0__final_pylint.txt,outputs_grok_prompt_v3\reports\static_analysis\bandit\HumanEval_43__zero_shot__sample0__final_bandit.json,outputs_grok_prompt_v3\reports\static_analysis\bandit\HumanEval_43__zero_shot__sample0__final_bandit.stderr.txt,True,passed,9.0,9.0,8.0,9.0,9.0,9.0,Clean and efficient implementation with minor edge case oversight regarding distinctness when num is zero.,,,,,,,
HumanEval/43,pairs_sum_to_zero,constraint_guided,0,"""""""Utility for detecting pairs of numbers summing to zero.""""""

from typing import List


def pairs_sum_to_zero(l: List[int]) -> bool:
    """"""
    Check if there are two distinct elements
    in the list that sum to zero.

    Examples:
        >>> pairs_sum_to_zero([1, 3, 5, 0])
        False
        >>> pairs_sum_to_zero([2, 4, -5, 3, 5, 7])
        True
    """"""
    seen_numbers = set()
    for number in l:
        if -number in seen_numbers:
            return True
        seen_numbers.add(number)
    return False",raw_generations/HumanEval_43/constraint_guided_sample0.py,,,True,,8.75,0,3.0,3,94.00518972454874,outputs_grok_prompt_v3\reports\static_analysis\pylint\HumanEval_43__constraint_guided__sample0__final_pylint.txt,outputs_grok_prompt_v3\reports\static_analysis\bandit\HumanEval_43__constraint_guided__sample0__final_bandit.json,outputs_grok_prompt_v3\reports\static_analysis\bandit\HumanEval_43__constraint_guided__sample0__final_bandit.stderr.txt,True,passed,9.0,9.0,8.0,9.0,9.0,9.0,"Well-written code with good efficiency and readability, though it could better handle edge cases like duplicate values.",,,,,,,
HumanEval/43,pairs_sum_to_zero,structured_cot,0,"""""""Utility for detecting pairs of integers that sum to zero.""""""

from typing import List


def pairs_sum_to_zero(l: List[int]) -> bool:
    """"""
    Check if there are two distinct elements
    in the list that sum to zero.

    Examples:
        >>> pairs_sum_to_zero([1, 3, 5, 0])
        False
        >>> pairs_sum_to_zero([2, 4, -5, 3, 5, 7])
        True
    """"""
    seen = set()
    for num in l:
        if -num in seen:
            return True
        seen.add(num)
    return False",raw_generations/HumanEval_43/structured_cot_sample0.py,,,True,,8.75,0,3.0,3,94.00518972454874,outputs_grok_prompt_v3\reports\static_analysis\pylint\HumanEval_43__structured_cot__sample0__final_pylint.txt,outputs_grok_prompt_v3\reports\static_analysis\bandit\HumanEval_43__structured_cot__sample0__final_bandit.json,outputs_grok_prompt_v3\reports\static_analysis\bandit\HumanEval_43__structured_cot__sample0__final_bandit.stderr.txt,True,passed,9.0,9.0,8.0,9.0,8.0,8.0,"Clean and efficient implementation with minor issues: parameter name 'l' is ambiguous, and the algorithm doesn't ensure distinct indices for identical values (e.g., [0, 0] would incorrectly return True).",,,,,,,
HumanEval/43,pairs_sum_to_zero,self_refine,0,"""""""Utility to detect pairs of integers summing to zero.""""""

from typing import List


def pairs_sum_to_zero(l: List[int]) -> bool:
    """"""
    Check if there are two distinct elements
    in the list that sum to zero.

    Examples:
        >>> pairs_sum_to_zero([1, 3, 5, 0])
        False
        >>> pairs_sum_to_zero([2, 4, -5, 3, 5, 7])
        True
    """"""
    seen = set()
    for num in l:
        if -num in seen:
            return True
        seen.add(num)
    return False",raw_generations/HumanEval_43/self_refine_sample0.py,"""""""Utility to detect pairs of integers summing to zero.""""""

from typing import List


def pairs_sum_to_zero(l: List[int]) -> bool:
    """"""
    Check if there are two distinct elements
    in the list that sum to zero.

    Examples:
        >>> pairs_sum_to_zero([1, 3, 5, 0])
        False
        >>> pairs_sum_to_zero([2, 4, -5, 3, 5, 7])
        True
    """"""
    seen = set()
    for num in l:
        if -num in seen:
            return True
        seen.add(num)
    return False",raw_generations/HumanEval_43/self_refine_sample0_initial.py,True,,8.75,0,3.0,3,94.00518972454874,outputs_grok_prompt_v3\reports\static_analysis\pylint\HumanEval_43__self_refine__sample0__final_pylint.txt,outputs_grok_prompt_v3\reports\static_analysis\bandit\HumanEval_43__self_refine__sample0__final_bandit.json,outputs_grok_prompt_v3\reports\static_analysis\bandit\HumanEval_43__self_refine__sample0__final_bandit.stderr.txt,True,passed,9.0,8.0,6.0,9.0,8.0,7.0,"The code is clean and efficient but fails to handle the 'distinct elements' requirement correctly, as it would return True for a list containing a single zero.",8.75,True,passed,outputs_grok_prompt_v3\reports\static_analysis\pylint\HumanEval_43__self_refine__sample0__initial_pylint.txt,outputs_grok_prompt_v3\reports\static_analysis\bandit\HumanEval_43__self_refine__sample0__initial_bandit.json,outputs_grok_prompt_v3\reports\static_analysis\bandit\HumanEval_43__self_refine__sample0__initial_bandit.stderr.txt,False
HumanEval/44,change_base,zero_shot,0,"def change_base(x: int, base: int) -> str:
    if x == 0:
        return '0'
    digits = []
    while x > 0:
        digits.append(str(x % base))
        x //= base
    return ''.join(reversed(digits))",raw_generations/HumanEval_44/zero_shot_sample0.py,,,True,,6.25,0,3.0,3,69.20109370985811,outputs_grok_prompt_v3\reports\static_analysis\pylint\HumanEval_44__zero_shot__sample0__final_pylint.txt,outputs_grok_prompt_v3\reports\static_analysis\bandit\HumanEval_44__zero_shot__sample0__final_bandit.json,outputs_grok_prompt_v3\reports\static_analysis\bandit\HumanEval_44__zero_shot__sample0__final_bandit.stderr.txt,True,passed,9.0,9.0,8.0,9.0,9.0,8.0,Clean and efficient implementation but lacks handling for negative inputs and base validation as per specification.,,,,,,,
HumanEval/44,change_base,constraint_guided,0,"""""""Utility functions for numerical base conversion.""""""

def change_base(x: int, base: int) -> str:
    """"""
    Change numerical base of input number x to base.
    return string representation after the conversion.
    base numbers are less than 10.

    Examples:
        >>> change_base(8, 3)
        '22'
        >>> change_base(8, 2)
        '1000'
        >>> change_base(7, 2)
        '111'
    """"""
    if x == 0:
        return ""0""
    digits = []
    while x > 0:
        remainder = x % base
        digits.append(str(remainder))
        x //= base
    return """".join(reversed(digits))",raw_generations/HumanEval_44/constraint_guided_sample0.py,,,True,,8.89,0,3.0,3,86.09291009241693,outputs_grok_prompt_v3\reports\static_analysis\pylint\HumanEval_44__constraint_guided__sample0__final_pylint.txt,outputs_grok_prompt_v3\reports\static_analysis\bandit\HumanEval_44__constraint_guided__sample0__final_bandit.json,outputs_grok_prompt_v3\reports\static_analysis\bandit\HumanEval_44__constraint_guided__sample0__final_bandit.stderr.txt,True,passed,9.0,8.0,7.0,9.0,8.0,8.0,Clean and efficient implementation but lacks input validation for negative numbers and invalid bases.,,,,,,,
HumanEval/44,change_base,structured_cot,0,"""""""Numerical base conversion utilities.""""""

def change_base(x: int, base: int) -> str:
    """"""
    Change numerical base of input number x to base.
    return string representation after the conversion.
    base numbers are less than 10.

    Examples:
        >>> change_base(8, 3)
        '22'
        >>> change_base(8, 2)
        '1000'
        >>> change_base(7, 2)
        '111'
    """"""
    if x == 0:
        return ""0""
    digits = []
    while x:
        digits.append(str(x % base))
        x //= base
    return """".join(reversed(digits))",raw_generations/HumanEval_44/structured_cot_sample0.py,,,True,,8.75,0,3.0,3,84.81509733258565,outputs_grok_prompt_v3\reports\static_analysis\pylint\HumanEval_44__structured_cot__sample0__final_pylint.txt,outputs_grok_prompt_v3\reports\static_analysis\bandit\HumanEval_44__structured_cot__sample0__final_bandit.json,outputs_grok_prompt_v3\reports\static_analysis\bandit\HumanEval_44__structured_cot__sample0__final_bandit.stderr.txt,True,passed,8.0,8.0,7.0,9.0,8.0,8.0,Clean and efficient implementation but lacks input validation for negative numbers and base constraints.,,,,,,,
HumanEval/44,change_base,self_refine,0,"""""""Base conversion utility.""""""

def change_base(x: int, base: int) -> str:
    """"""Change numerical base of input number x to base.
    return string representation after the conversion.
    base numbers are less than 10.

    Examples:
        >>> change_base(8, 3)
        '22'
        >>> change_base(8, 2)
        '1000'
        >>> change_base(7, 2)
        '111'
    """"""
    if x == 0:
        return ""0""
    digits = []
    while x > 0:
        digits.append(str(x % base))
        x //= base
    return """".join(reversed(digits))",raw_generations/HumanEval_44/self_refine_sample0.py,"""""""Base conversion utility.""""""

def change_base(x: int, base: int) -> str:
    """"""Change numerical base of input number x to base.
    return string representation after the conversion.
    base numbers are less than 10.

    Examples:
        >>> change_base(8, 3)
        '22'
        >>> change_base(8, 2)
        '1000'
        >>> change_base(7, 2)
        '111'
    """"""
    if x == 0:
        return ""0""
    digits = []
    while x > 0:
        digits.append(str(x % base))
        x //= base
    return """".join(reversed(digits))",raw_generations/HumanEval_44/self_refine_sample0_initial.py,True,,8.75,0,3.0,3,86.1878923597573,outputs_grok_prompt_v3\reports\static_analysis\pylint\HumanEval_44__self_refine__sample0__final_pylint.txt,outputs_grok_prompt_v3\reports\static_analysis\bandit\HumanEval_44__self_refine__sample0__final_bandit.json,outputs_grok_prompt_v3\reports\static_analysis\bandit\HumanEval_44__self_refine__sample0__final_bandit.stderr.txt,True,passed,9.0,8.0,7.0,9.0,9.0,8.0,Clean and efficient implementation but lacks validation for invalid base inputs and edge cases like negative numbers.,8.75,True,passed,outputs_grok_prompt_v3\reports\static_analysis\pylint\HumanEval_44__self_refine__sample0__initial_pylint.txt,outputs_grok_prompt_v3\reports\static_analysis\bandit\HumanEval_44__self_refine__sample0__initial_bandit.json,outputs_grok_prompt_v3\reports\static_analysis\bandit\HumanEval_44__self_refine__sample0__initial_bandit.stderr.txt,False
HumanEval/45,triangle_area,zero_shot,0,"def triangle_area(a: float, h: float) -> float:
    return (a * h) / 2",raw_generations/HumanEval_45/zero_shot_sample0.py,,,True,,0.0,0,1.0,1,84.96220422681199,outputs_grok_prompt_v3\reports\static_analysis\pylint\HumanEval_45__zero_shot__sample0__final_pylint.txt,outputs_grok_prompt_v3\reports\static_analysis\bandit\HumanEval_45__zero_shot__sample0__final_bandit.json,outputs_grok_prompt_v3\reports\static_analysis\bandit\HumanEval_45__zero_shot__sample0__final_bandit.stderr.txt,False,assertion_failed: ,9.0,9.0,8.0,10.0,9.0,9.0,"Clean and efficient implementation, but lacks input validation for negative or zero values.",,,,,,,
HumanEval/45,triangle_area,constraint_guided,0,"""""""Module for geometric area calculations.""""""

def triangle_area(a: float, h: float) -> float:
    """"""Given length of a side and height, return area for a triangle.

    Examples:
        >>> triangle_area(5, 3)
        7.5
    """"""
    base = a
    height = h
    return (base * height) / 2",raw_generations/HumanEval_45/constraint_guided_sample0.py,,,True,,7.5,0,1.0,1,96.03107920258655,outputs_grok_prompt_v3\reports\static_analysis\pylint\HumanEval_45__constraint_guided__sample0__final_pylint.txt,outputs_grok_prompt_v3\reports\static_analysis\bandit\HumanEval_45__constraint_guided__sample0__final_bandit.json,outputs_grok_prompt_v3\reports\static_analysis\bandit\HumanEval_45__constraint_guided__sample0__final_bandit.stderr.txt,False,assertion_failed: ,9.0,9.0,10.0,10.0,8.0,9.0,"Clean, correct implementation with good documentation, though variable renaming is unnecessary and slightly reduces Pythonic style.",,,,,,,
HumanEval/45,triangle_area,structured_cot,0,"""""""Triangle area calculation module.""""""


def triangle_area(a: float, h: float) -> float:
    """"""Given length of a side and height, return area for a triangle.

    Examples:
        >>> triangle_area(5, 3)
        7.5
    """"""
    return (a * h) / 2",raw_generations/HumanEval_45/structured_cot_sample0.py,,,True,,5.0,0,1.0,1,74.47025887443976,outputs_grok_prompt_v3\reports\static_analysis\pylint\HumanEval_45__structured_cot__sample0__final_pylint.txt,outputs_grok_prompt_v3\reports\static_analysis\bandit\HumanEval_45__structured_cot__sample0__final_bandit.json,outputs_grok_prompt_v3\reports\static_analysis\bandit\HumanEval_45__structured_cot__sample0__final_bandit.stderr.txt,False,assertion_failed: ,9.0,9.0,10.0,10.0,10.0,9.0,"Excellent, clean implementation with proper documentation and type hints, though the module docstring is very minimal.",,,,,,,
HumanEval/45,triangle_area,self_refine,0,"def triangle_area(a: float, h: float) -> float:
    """"""
    Given length of a side and height, return area for a triangle.

    Examples:
        >>> triangle_area(5, 3)
        7.5
    """"""
    return abs(a * h) / 2",raw_generations/HumanEval_45/self_refine_sample0.py,"""""""Compute the area of a triangle given one side and the corresponding height.""""""

def triangle_area(a: float, h: float) -> float:
    """"""
    Given length of a side and height, return area for a triangle.

    Examples:
        >>> triangle_area(5, 3)
        7.5
    """"""
    base = a
    height = h
    return (base * height) / 2",raw_generations/HumanEval_45/self_refine_sample0_initial.py,True,,0.0,0,1.0,1,68.47240610062073,outputs_grok_prompt_v3\reports\static_analysis\pylint\HumanEval_45__self_refine__sample0__final_pylint.txt,outputs_grok_prompt_v3\reports\static_analysis\bandit\HumanEval_45__self_refine__sample0__final_bandit.json,outputs_grok_prompt_v3\reports\static_analysis\bandit\HumanEval_45__self_refine__sample0__final_bandit.stderr.txt,True,passed,9.0,9.0,7.0,10.0,8.0,8.0,"The code is clean and efficient, but using absolute value for area calculation is mathematically incorrect and may hide invalid inputs.",7.5,False,assertion_failed: ,outputs_grok_prompt_v3\reports\static_analysis\pylint\HumanEval_45__self_refine__sample0__initial_pylint.txt,outputs_grok_prompt_v3\reports\static_analysis\bandit\HumanEval_45__self_refine__sample0__initial_bandit.json,outputs_grok_prompt_v3\reports\static_analysis\bandit\HumanEval_45__self_refine__sample0__initial_bandit.stderr.txt,True
HumanEval/46,fib4,zero_shot,0,"def fib4(n: int) -> int:
    if n < 2:
        return 0
    if n == 2:
        return 2
    if n == 3:
        return 0
    a, b, c, d = 0, 0, 2, 0
    for _ in range(4, n + 1):
        a, b, c, d = b, c, d, a + b + c + d
    return d",raw_generations/HumanEval_46/zero_shot_sample0.py,,,True,,7.27,0,5.0,5,63.37346859461388,outputs_grok_prompt_v3\reports\static_analysis\pylint\HumanEval_46__zero_shot__sample0__final_pylint.txt,outputs_grok_prompt_v3\reports\static_analysis\bandit\HumanEval_46__zero_shot__sample0__final_bandit.json,outputs_grok_prompt_v3\reports\static_analysis\bandit\HumanEval_46__zero_shot__sample0__final_bandit.stderr.txt,True,passed,9.0,8.0,8.0,10.0,9.0,9.0,"Clean, efficient iterative solution with good variable naming, though it could better handle edge cases like negative inputs.",,,,,,,
HumanEval/46,fib4,constraint_guided,0,"""""""Compute the nth Fib4 number iteratively.""""""

def fib4(n: int) -> int:
    """"""
    The Fib4 number sequence is a sequence similar to the Fibbonacci sequnece that's defined as follows:
        fib4(0) -> 0
        fib4(1) -> 0
        fib4(2) -> 2
        fib4(3) -> 0
        fib4(n) -> fib4(n - 1) + fib4(n - 2) + fib4(n - 3) + fib4(n - 4)
    Please write a function to efficiently compute the n-th element of the fib4 number sequence.
    Do not use recursion.
    """"""
    if n == 0 or n == 1:
        return 0
    if n == 2:
        return 2
    if n == 3:
        return 0

    a, b, c, d = 0, 0, 2, 0
    for _ in range(4, n + 1):
        next_val = a + b + c + d
        a, b, c, d = b, c, d, next_val
    return d",raw_generations/HumanEval_46/constraint_guided_sample0.py,,,True,,7.5,0,6.0,6,87.70189714103134,outputs_grok_prompt_v3\reports\static_analysis\pylint\HumanEval_46__constraint_guided__sample0__final_pylint.txt,outputs_grok_prompt_v3\reports\static_analysis\bandit\HumanEval_46__constraint_guided__sample0__final_bandit.json,outputs_grok_prompt_v3\reports\static_analysis\bandit\HumanEval_46__constraint_guided__sample0__final_bandit.stderr.txt,True,passed,8.0,9.0,9.0,10.0,8.0,9.0,"Clean, efficient iterative solution with good variable naming and proper handling of base cases, though the docstring repeats the problem statement unnecessarily.",,,,,,,
HumanEval/46,fib4,structured_cot,0,"""""""Compute the n-th Fib4 number iteratively.""""""

def fib4(n: int) -> int:
    """"""
    The Fib4 number sequence is a sequence similar to the Fibbonacci sequnece that's defined as follows:
        fib4(0) -> 0
        fib4(1) -> 0
        fib4(2) -> 2
        fib4(3) -> 0
        fib4(n) -> fib4(n - 1) + fib4(n - 2) + fib4(n - 3) + fib4(n - 4)
    Please write a function to efficiently compute the n-th element of the fib4 number sequence.
    Do not use recursion.

    Examples:
        >>> fib4(5)
        4
        >>> fib4(6)
        8
        >>> fib4(7)
        14
    """"""
    if n < 4:
        return (0, 0, 2, 0)[n]
    a, b, c, d = 0, 0, 2, 0
    for _ in range(4, n + 1):
        a, b, c, d = b, c, d, a + b + c + d
    return d",raw_generations/HumanEval_46/structured_cot_sample0.py,,,True,,7.14,0,3.0,3,64.21608487166868,outputs_grok_prompt_v3\reports\static_analysis\pylint\HumanEval_46__structured_cot__sample0__final_pylint.txt,outputs_grok_prompt_v3\reports\static_analysis\bandit\HumanEval_46__structured_cot__sample0__final_bandit.json,outputs_grok_prompt_v3\reports\static_analysis\bandit\HumanEval_46__structured_cot__sample0__final_bandit.stderr.txt,True,passed,9.0,9.0,10.0,10.0,9.0,9.0,"Excellent iterative solution with clear variable names and efficient O(n) time, O(1) space complexity, though the tuple indexing for base cases could be slightly more explicit.",,,,,,,
HumanEval/46,fib4,self_refine,0,"""""""Efficient iterative computation of the Fib4 sequence.""""""

def fib4(n: int) -> int:
    """"""
    The Fib4 number sequence is a sequence similar to the Fibbonacci sequnece that's defined as follows:
        fib4(0) -> 0
        fib4(1) -> 0
        fib4(2) -> 2
        fib4(3) -> 0
        fib4(n) -> fib4(n - 1) + fib4(n - 2) + fib4(n - 3) + fib4(n - 4)
    Please write a function to efficiently compute the n-th element of the fib4 number sequence.
    Do not use recursion.

    Examples:
        >>> fib4(5)
        4
        >>> fib4(6)
        8
        >>> fib4(7)
        14
    """"""
    if n in (0, 1, 3):
        return 0
    if n == 2:
        return 2

    prev3, prev2, prev1, prev0 = 0, 0, 2, 0
    for _ in range(4, n + 1):
        next_val = prev3 + prev2 + prev1 + prev0
        prev3, prev2, prev1, prev0 = prev2, prev1, prev0, next_val
    return prev0",raw_generations/HumanEval_46/self_refine_sample0.py,"""""""Efficient iterative computation of the Fib4 sequence.""""""

def fib4(n: int) -> int:
    """"""
    The Fib4 number sequence is a sequence similar to the Fibbonacci sequnece that's defined as follows:
        fib4(0) -> 0
        fib4(1) -> 0
        fib4(2) -> 2
        fib4(3) -> 0
        fib4(n) -> fib4(n - 1) + fib4(n - 2) + fib4(n - 3) + fib4(n - 4)
    Please write a function to efficiently compute the n-th element of the fib4 number sequence.
    Do not use recursion.

    Examples:
        >>> fib4(5)
        4
        >>> fib4(6)
        8
        >>> fib4(7)
        14
    """"""
    if n == 0 or n == 1 or n == 3:
        return 0
    if n == 2:
        return 2

    prev3, prev2, prev1, prev0 = 0, 0, 2, 0
    for _ in range(4, n + 1):
        next_val = prev3 + prev2 + prev1 + prev0
        prev3, prev2, prev1, prev0 = prev2, prev1, prev0, next_val
    return prev0",raw_generations/HumanEval_46/self_refine_sample0_initial.py,True,,8.0,0,4.0,4,75.60500331302347,outputs_grok_prompt_v3\reports\static_analysis\pylint\HumanEval_46__self_refine__sample0__final_pylint.txt,outputs_grok_prompt_v3\reports\static_analysis\bandit\HumanEval_46__self_refine__sample0__final_bandit.json,outputs_grok_prompt_v3\reports\static_analysis\bandit\HumanEval_46__self_refine__sample0__final_bandit.stderr.txt,True,passed,9.0,9.0,10.0,10.0,9.0,9.0,Excellent iterative implementation with clear variable names and efficient O(n) time complexity.,7.0,True,passed,outputs_grok_prompt_v3\reports\static_analysis\pylint\HumanEval_46__self_refine__sample0__initial_pylint.txt,outputs_grok_prompt_v3\reports\static_analysis\bandit\HumanEval_46__self_refine__sample0__initial_bandit.json,outputs_grok_prompt_v3\reports\static_analysis\bandit\HumanEval_46__self_refine__sample0__initial_bandit.stderr.txt,True
HumanEval/47,median,zero_shot,0,"def median(l: List[float]) -> float:
    sorted_l = sorted(l)
    n = len(sorted_l)
    if n % 2 == 1:
        return float(sorted_l[n//2])
    else:
        return (sorted_l[n//2 - 1] + sorted_l[n//2]) / 2",raw_generations/HumanEval_47/zero_shot_sample0.py,,,True,,0.0,0,2.0,2,67.56626620925594,outputs_grok_prompt_v3\reports\static_analysis\pylint\HumanEval_47__zero_shot__sample0__final_pylint.txt,outputs_grok_prompt_v3\reports\static_analysis\bandit\HumanEval_47__zero_shot__sample0__final_bandit.json,outputs_grok_prompt_v3\reports\static_analysis\bandit\HumanEval_47__zero_shot__sample0__final_bandit.stderr.txt,True,passed,8.0,7.0,8.0,7.0,8.0,7.0,"The code is clear and functional, but lacks error handling for empty lists and uses a non-descriptive variable name 'l'.",,,,,,,
HumanEval/47,median,constraint_guided,0,"""""""Module providing a function to compute the median of a list of numbers.""""""

from typing import List


def median(l: List[float]) -> float:
    """"""
    Return median of elements in the list l.

    Examples:
        >>> median([3, 1, 2, 4, 5])
        3
        >>> median([-10, 4, 6, 1000, 10, 20])
        8.0
    """"""
    if not l:
        raise ValueError(""Cannot compute median of empty list"")
    sorted_values = sorted(l)
    n = len(sorted_values)
    mid = n // 2
    if n % 2 == 1:
        return sorted_values[mid]
    return (sorted_values[mid - 1] + sorted_values[mid]) / 2",raw_generations/HumanEval_47/constraint_guided_sample0.py,,,True,,9.0,0,3.0,3,90.81033476822385,outputs_grok_prompt_v3\reports\static_analysis\pylint\HumanEval_47__constraint_guided__sample0__final_pylint.txt,outputs_grok_prompt_v3\reports\static_analysis\bandit\HumanEval_47__constraint_guided__sample0__final_bandit.json,outputs_grok_prompt_v3\reports\static_analysis\bandit\HumanEval_47__constraint_guided__sample0__final_bandit.stderr.txt,True,passed,8.0,8.0,9.0,7.0,7.0,8.0,"The code is clear and correct, but could be more Pythonic and efficient with better naming and handling of edge cases.",,,,,,,
HumanEval/47,median,structured_cot,0,"""""""Calculate the median of a list of numbers.""""""

from typing import List


def median(l: List[float]) -> float:
    """"""
    Return median of elements in the list l.

    Examples:
        >>> median([3, 1, 2, 4, 5])
        3
        >>> median([-10, 4, 6, 1000, 10, 20])
        8.0
    """"""
    s = sorted(l)
    n = len(s)
    m = n // 2
    if n % 2:
        return s[m]
    return (s[m - 1] + s[m]) / 2",raw_generations/HumanEval_47/structured_cot_sample0.py,,,True,,8.75,0,2.0,2,91.4418267333931,outputs_grok_prompt_v3\reports\static_analysis\pylint\HumanEval_47__structured_cot__sample0__final_pylint.txt,outputs_grok_prompt_v3\reports\static_analysis\bandit\HumanEval_47__structured_cot__sample0__final_bandit.json,outputs_grok_prompt_v3\reports\static_analysis\bandit\HumanEval_47__structured_cot__sample0__final_bandit.stderr.txt,True,passed,7.0,8.0,9.0,8.0,6.0,7.0,"The code is functionally correct and efficient, but variable names are too terse and the function parameter name 'l' conflicts with PEP 8 guidelines.",,,,,,,
HumanEval/47,median,self_refine,0,"""""""Calculate the median of a list of numbers.""""""

from typing import List


def median(l: List[float]) -> float:
    """"""
    Return median of elements in the list l.

    Examples:
        >>> median([3, 1, 2, 4, 5])
        3
        >>> median([-10, 4, 6, 1000, 10, 20])
        8.0
    """"""
    if not l:
        raise ValueError(""Cannot compute median of empty list"")

    sorted_values = sorted(l)
    n = len(sorted_values)
    mid = n // 2

    if n % 2 == 1:
        return sorted_values[mid]
    return (sorted_values[mid - 1] + sorted_values[mid]) / 2",raw_generations/HumanEval_47/self_refine_sample0.py,"""""""Calculate the median of a list of numbers.""""""

from typing import List


def median(l: List[float]) -> float:
    """"""
    Return median of elements in the list l.

    Examples:
        >>> median([3, 1, 2, 4, 5])
        3
        >>> median([-10, 4, 6, 1000, 10, 20])
        8.0
    """"""
    if not l:
        raise ValueError(""Cannot compute median of empty list"")

    sorted_values = sorted(l)
    n = len(sorted_values)
    mid = n // 2

    if n % 2 == 1:
        return sorted_values[mid]
    return (sorted_values[mid - 1] + sorted_values[mid]) / 2",raw_generations/HumanEval_47/self_refine_sample0_initial.py,True,,9.0,0,3.0,3,90.81033476822385,outputs_grok_prompt_v3\reports\static_analysis\pylint\HumanEval_47__self_refine__sample0__final_pylint.txt,outputs_grok_prompt_v3\reports\static_analysis\bandit\HumanEval_47__self_refine__sample0__final_bandit.json,outputs_grok_prompt_v3\reports\static_analysis\bandit\HumanEval_47__self_refine__sample0__final_bandit.stderr.txt,True,passed,8.0,9.0,9.0,8.0,8.0,8.0,"Clean, correct implementation with good error handling, though variable naming could be more descriptive and edge cases for non-numeric types are not addressed.",9.0,True,passed,outputs_grok_prompt_v3\reports\static_analysis\pylint\HumanEval_47__self_refine__sample0__initial_pylint.txt,outputs_grok_prompt_v3\reports\static_analysis\bandit\HumanEval_47__self_refine__sample0__initial_bandit.json,outputs_grok_prompt_v3\reports\static_analysis\bandit\HumanEval_47__self_refine__sample0__initial_bandit.stderr.txt,False
HumanEval/48,is_palindrome,zero_shot,0,"def is_palindrome(text: str) -> bool:
    return text == text[::-1]",raw_generations/HumanEval_48/zero_shot_sample0.py,,,True,,0.0,0,1.0,1,82.00171614982087,outputs_grok_prompt_v3\reports\static_analysis\pylint\HumanEval_48__zero_shot__sample0__final_pylint.txt,outputs_grok_prompt_v3\reports\static_analysis\bandit\HumanEval_48__zero_shot__sample0__final_bandit.json,outputs_grok_prompt_v3\reports\static_analysis\bandit\HumanEval_48__zero_shot__sample0__final_bandit.stderr.txt,True,passed,9.0,9.0,8.0,8.0,10.0,9.0,"The code is extremely concise and Pythonic, but it does not handle edge cases like whitespace, punctuation, or case sensitivity, which may be expected in a general palindrome checker.",,,,,,,
HumanEval/48,is_palindrome,constraint_guided,0,"""""""Utility for palindrome checks.""""""

def is_palindrome(text: str) -> bool:
    """"""
    Checks if given string is a palindrome.

    Examples:
        >>> is_palindrome('racecar')
        True
        >>> is_palindrome('car')
        False
    """"""
    return text == text[::-1]",raw_generations/HumanEval_48/constraint_guided_sample0.py,,,True,,5.0,0,1.0,1,52.51746440384047,outputs_grok_prompt_v3\reports\static_analysis\pylint\HumanEval_48__constraint_guided__sample0__final_pylint.txt,outputs_grok_prompt_v3\reports\static_analysis\bandit\HumanEval_48__constraint_guided__sample0__final_bandit.json,outputs_grok_prompt_v3\reports\static_analysis\bandit\HumanEval_48__constraint_guided__sample0__final_bandit.stderr.txt,True,passed,9.0,9.0,8.0,9.0,10.0,9.0,"Clean, efficient, and Pythonic implementation, but lacks handling of edge cases like case sensitivity, whitespace, and non-alphanumeric characters.",,,,,,,
HumanEval/48,is_palindrome,structured_cot,0,"""""""Check if strings are palindromes.""""""


def is_palindrome(text: str) -> bool:
    """"""
    Checks if given string is a palindrome.

    Examples:
        >>> is_palindrome('racecar')
        True
        >>> is_palindrome('car')
        False
    """"""
    return text == text[::-1]",raw_generations/HumanEval_48/structured_cot_sample0.py,,,True,,5.0,0,1.0,1,52.51746440384047,outputs_grok_prompt_v3\reports\static_analysis\pylint\HumanEval_48__structured_cot__sample0__final_pylint.txt,outputs_grok_prompt_v3\reports\static_analysis\bandit\HumanEval_48__structured_cot__sample0__final_bandit.json,outputs_grok_prompt_v3\reports\static_analysis\bandit\HumanEval_48__structured_cot__sample0__final_bandit.stderr.txt,True,passed,9.0,9.0,8.0,9.0,10.0,9.0,"Clean, idiomatic, and efficient implementation, but lacks handling of edge cases like whitespace, punctuation, and case sensitivity as per typical palindrome definitions.",,,,,,,
HumanEval/48,is_palindrome,self_refine,0,"""""""Module for checking palindromes.""""""

def is_palindrome(text: str) -> bool:
    """"""
    Checks if given string is a palindrome.

    Examples:
        >>> is_palindrome('racecar')
        True
        >>> is_palindrome('car')
        False
    """"""
    return text == text[::-1]",raw_generations/HumanEval_48/self_refine_sample0.py,"""""""Module for checking palindromes.""""""

def is_palindrome(text: str) -> bool:
    """"""
    Checks if given string is a palindrome.

    Examples:
        >>> is_palindrome('racecar')
        True
        >>> is_palindrome('car')
        False
    """"""
    return text == text[::-1]",raw_generations/HumanEval_48/self_refine_sample0_initial.py,True,,5.0,0,1.0,1,52.51746440384047,outputs_grok_prompt_v3\reports\static_analysis\pylint\HumanEval_48__self_refine__sample0__final_pylint.txt,outputs_grok_prompt_v3\reports\static_analysis\bandit\HumanEval_48__self_refine__sample0__final_bandit.json,outputs_grok_prompt_v3\reports\static_analysis\bandit\HumanEval_48__self_refine__sample0__final_bandit.stderr.txt,True,passed,9.0,9.0,8.0,8.0,10.0,9.0,"Clean, idiomatic implementation but lacks case/whitespace handling and edge case consideration.",5.0,True,passed,outputs_grok_prompt_v3\reports\static_analysis\pylint\HumanEval_48__self_refine__sample0__initial_pylint.txt,outputs_grok_prompt_v3\reports\static_analysis\bandit\HumanEval_48__self_refine__sample0__initial_bandit.json,outputs_grok_prompt_v3\reports\static_analysis\bandit\HumanEval_48__self_refine__sample0__initial_bandit.stderr.txt,False
HumanEval/49,modp,zero_shot,0,"def modp(n: int, p: int) -> int:
    return pow(2, n, p)",raw_generations/HumanEval_49/zero_shot_sample0.py,,,True,,0.0,0,1.0,1,100.0,outputs_grok_prompt_v3\reports\static_analysis\pylint\HumanEval_49__zero_shot__sample0__final_pylint.txt,outputs_grok_prompt_v3\reports\static_analysis\bandit\HumanEval_49__zero_shot__sample0__final_bandit.json,outputs_grok_prompt_v3\reports\static_analysis\bandit\HumanEval_49__zero_shot__sample0__final_bandit.stderr.txt,False,assertion_failed: ,10.0,10.0,10.0,10.0,10.0,10.0,"Perfect implementation using Python's built-in modular exponentiation, making it concise, correct, and efficient.",,,,,,,
HumanEval/49,modp,constraint_guided,0,"""""""Compute modular exponentiation for 2^n mod p.""""""

def modp(n: int, p: int) -> int:
    """"""Solve 2^n modulo p (be aware of numerics).

    Return the least non-negative residue.
    """"""
    if p == 1:
        return 0
    return pow(2, n, p)",raw_generations/HumanEval_49/constraint_guided_sample0.py,,,True,,7.5,0,2.0,2,100.0,outputs_grok_prompt_v3\reports\static_analysis\pylint\HumanEval_49__constraint_guided__sample0__final_pylint.txt,outputs_grok_prompt_v3\reports\static_analysis\bandit\HumanEval_49__constraint_guided__sample0__final_bandit.json,outputs_grok_prompt_v3\reports\static_analysis\bandit\HumanEval_49__constraint_guided__sample0__final_bandit.stderr.txt,False,assertion_failed: ,9.0,9.0,10.0,10.0,10.0,9.0,Excellent code that leverages Python's built-in pow with modulus for optimal efficiency and correctness.,,,,,,,
HumanEval/49,modp,structured_cot,0,"""""""Compute modular exponentiation.""""""

def modp(n: int, p: int) -> int:
    """"""
    Solve 2^n modulo p (be aware of numerics).
    Return the least non-negative residue.

    Examples:
        >>> modp(3, 5)
        3
        >>> modp(100, 101)
        1
    """"""
    return pow(2, n, p)",raw_generations/HumanEval_49/structured_cot_sample0.py,,,True,,5.0,0,1.0,1,100.0,outputs_grok_prompt_v3\reports\static_analysis\pylint\HumanEval_49__structured_cot__sample0__final_pylint.txt,outputs_grok_prompt_v3\reports\static_analysis\bandit\HumanEval_49__structured_cot__sample0__final_bandit.json,outputs_grok_prompt_v3\reports\static_analysis\bandit\HumanEval_49__structured_cot__sample0__final_bandit.stderr.txt,False,assertion_failed: ,9.0,9.0,10.0,10.0,10.0,9.6,"Excellent implementation leveraging Python's built-in pow with modular exponentiation, making it concise, correct, and efficient.",,,,,,,
HumanEval/49,modp,self_refine,0,"def modp(n: int, p: int) -> int:
    """"""
    Solve 2^n modulo p (be aware of numerics).
    Return the least non-negative residue.

    Examples:
        >>> modp(3, 5)
        3
        >>> modp(100, 101)
        1
    """"""
    p = abs(p)
    if p == 1:
        return 0
    return pow(2, n, p)",raw_generations/HumanEval_49/self_refine_sample0.py,"""""""Compute modular exponentiation of powers of two.""""""

def modp(n: int, p: int) -> int:
    """"""
    Solve 2^n modulo p (be aware of numerics).
    Return the least non-negative residue.

    Examples:
        >>> modp(3, 5)
        3
        >>> modp(100, 101)
        1
    """"""
    if p == 1:
        return 0
    return pow(2, n, p)",raw_generations/HumanEval_49/self_refine_sample0_initial.py,True,,6.0,0,2.0,2,88.35947625961509,outputs_grok_prompt_v3\reports\static_analysis\pylint\HumanEval_49__self_refine__sample0__final_pylint.txt,outputs_grok_prompt_v3\reports\static_analysis\bandit\HumanEval_49__self_refine__sample0__final_bandit.json,outputs_grok_prompt_v3\reports\static_analysis\bandit\HumanEval_49__self_refine__sample0__final_bandit.stderr.txt,True,passed,9.0,9.0,8.0,10.0,9.0,9.0,"The code is clean and efficient, but the handling of p=1 and negative p deviates from standard modular arithmetic expectations.",7.5,False,assertion_failed: ,outputs_grok_prompt_v3\reports\static_analysis\pylint\HumanEval_49__self_refine__sample0__initial_pylint.txt,outputs_grok_prompt_v3\reports\static_analysis\bandit\HumanEval_49__self_refine__sample0__initial_bandit.json,outputs_grok_prompt_v3\reports\static_analysis\bandit\HumanEval_49__self_refine__sample0__initial_bandit.stderr.txt,True
HumanEval/50,decode_shift,zero_shot,0,"def decode_shift(s: str) -> str:
    return """".join(chr((ord(c) - ord(""a"") - 5) % 26 + ord(""a"")) for c in s)",raw_generations/HumanEval_50/zero_shot_sample0.py,,,True,,0.0,0,2.0,2,81.83377702795524,outputs_grok_prompt_v3\reports\static_analysis\pylint\HumanEval_50__zero_shot__sample0__final_pylint.txt,outputs_grok_prompt_v3\reports\static_analysis\bandit\HumanEval_50__zero_shot__sample0__final_bandit.json,outputs_grok_prompt_v3\reports\static_analysis\bandit\HumanEval_50__zero_shot__sample0__final_bandit.stderr.txt,True,passed,8.0,7.0,9.0,9.0,9.0,8.0,"The code is concise and correct, but lacks modularity and explicit handling of non-lowercase inputs.",,,,,,,
HumanEval/50,decode_shift,constraint_guided,0,"""""""Decode strings that have been shifted forward by 5 letters.""""""

def decode_shift(s: str) -> str:
    """"""
    Takes as input a lowercase string encoded as follows:
        - Shift every letter by 5 in the alphabet.

    This function should return the decoded string.
    """"""
    decoded_chars = []
    for char in s:
        position = ord(char) - ord(""a"")
        new_position = (position - 5) % 26
        decoded_chars.append(chr(new_position + ord(""a"")))
    return """".join(decoded_chars)",raw_generations/HumanEval_50/constraint_guided_sample0.py,,,True,,8.57,0,2.0,2,96.34972979206324,outputs_grok_prompt_v3\reports\static_analysis\pylint\HumanEval_50__constraint_guided__sample0__final_pylint.txt,outputs_grok_prompt_v3\reports\static_analysis\bandit\HumanEval_50__constraint_guided__sample0__final_bandit.json,outputs_grok_prompt_v3\reports\static_analysis\bandit\HumanEval_50__constraint_guided__sample0__final_bandit.stderr.txt,True,passed,9.0,8.0,10.0,9.0,8.0,9.0,"Well-written, correct implementation with good readability and efficiency, though could be slightly more Pythonic with a list comprehension.",,,,,,,
HumanEval/50,decode_shift,structured_cot,0,"""""""
Shift cipher decoder module.
""""""

def decode_shift(s: str) -> str:
    """"""
    Takes as input a lowercase string encoded as follows:
        - Shift every letter by 5 in the alphabet.

    This function should return the decoded string.

    Examples:
        >>> decode_shift(""cryim"")
        ""xmtdh""
        >>> decode_shift(""zlsebmzxbqrvxkrwlqvrvgpmbrgerh"")
        ""ugnzwhuswlmqsfmrglqmqbkhwmbzmc""
    """"""
    return """".join(
        chr((ord(c) - ord(""a"") - 5) % 26 + ord(""a"")) for c in s
    )",raw_generations/HumanEval_50/structured_cot_sample0.py,,,True,,5.0,0,2.0,2,58.90461442246562,outputs_grok_prompt_v3\reports\static_analysis\pylint\HumanEval_50__structured_cot__sample0__final_pylint.txt,outputs_grok_prompt_v3\reports\static_analysis\bandit\HumanEval_50__structured_cot__sample0__final_bandit.json,outputs_grok_prompt_v3\reports\static_analysis\bandit\HumanEval_50__structured_cot__sample0__final_bandit.stderr.txt,True,passed,9.0,9.0,10.0,9.0,10.0,9.0,"Excellent implementation: concise, correct, and Pythonic with clear documentation.",,,,,,,
HumanEval/50,decode_shift,self_refine,0,"""""""Utility for decoding alphabet-shifted strings.""""""

def decode_shift(s: str) -> str:
    """"""
    Takes as input a lowercase string encoded as follows:
        - Shift every letter by 5 in the alphabet.

    This function should return the decoded string.

    Examples:
        >>> decode_shift(""cryim"")
        ""xmtdh""
        >>> decode_shift(""zlsebmzxbqrvxkrwlqvrvgpmbrgerh"")
        ""ugnzwhuswlmqsfmrglqmqbkhwmbzmc""
    """"""
    decoded_chars = []
    for char in s:
        shifted = (ord(char) - ord(""a"") - 5) % 26 + ord(""a"")
        decoded_chars.append(chr(shifted))
    return """".join(decoded_chars)",raw_generations/HumanEval_50/self_refine_sample0.py,"""""""Utility for decoding alphabet-shifted strings.""""""

def decode_shift(s: str) -> str:
    """"""
    Takes as input a lowercase string encoded as follows:
        - Shift every letter by 5 in the alphabet.

    This function should return the decoded string.

    Examples:
        >>> decode_shift(""cryim"")
        ""xmtdh""
        >>> decode_shift(""zlsebmzxbqrvxkrwlqvrvgpmbrgerh"")
        ""ugnzwhuswlmqsfmrglqmqbkhwmbzmc""
    """"""
    decoded_chars = []
    for char in s:
        shifted = (ord(char) - ord(""a"") - 5) % 26 + ord(""a"")
        decoded_chars.append(chr(shifted))
    return """".join(decoded_chars)",raw_generations/HumanEval_50/self_refine_sample0_initial.py,True,,8.33,0,2.0,2,81.85274947688077,outputs_grok_prompt_v3\reports\static_analysis\pylint\HumanEval_50__self_refine__sample0__final_pylint.txt,outputs_grok_prompt_v3\reports\static_analysis\bandit\HumanEval_50__self_refine__sample0__final_bandit.json,outputs_grok_prompt_v3\reports\static_analysis\bandit\HumanEval_50__self_refine__sample0__final_bandit.stderr.txt,True,passed,9.0,9.0,10.0,9.0,9.0,9.0,"Clean, efficient, and correct implementation with clear variable names and proper modularity, though a list comprehension could enhance Pythonic style slightly.",8.33,True,passed,outputs_grok_prompt_v3\reports\static_analysis\pylint\HumanEval_50__self_refine__sample0__initial_pylint.txt,outputs_grok_prompt_v3\reports\static_analysis\bandit\HumanEval_50__self_refine__sample0__initial_bandit.json,outputs_grok_prompt_v3\reports\static_analysis\bandit\HumanEval_50__self_refine__sample0__initial_bandit.stderr.txt,False
HumanEval/51,remove_vowels,zero_shot,0,"def remove_vowels(text: str) -> str:
    vowels = 'aeiouAEIOU'
    return ''.join(c for c in text if c not in vowels)",raw_generations/HumanEval_51/zero_shot_sample0.py,,,True,,0.0,0,3.0,3,84.44724042799471,outputs_grok_prompt_v3\reports\static_analysis\pylint\HumanEval_51__zero_shot__sample0__final_pylint.txt,outputs_grok_prompt_v3\reports\static_analysis\bandit\HumanEval_51__zero_shot__sample0__final_bandit.json,outputs_grok_prompt_v3\reports\static_analysis\bandit\HumanEval_51__zero_shot__sample0__final_bandit.stderr.txt,True,passed,9.0,9.0,10.0,8.0,10.0,9.0,"Clean, efficient, and Pythonic implementation with excellent readability and correctness, though a set for vowels could slightly improve efficiency.",,,,,,,
HumanEval/51,remove_vowels,constraint_guided,0,"""""""Utility functions for text processing.""""""

def remove_vowels(text: str) -> str:
    """"""Return the text without vowels (a, e, i, o, u).""""""
    vowels = set(""aeiouAEIOU"")
    return """".join(char for char in text if char not in vowels)",raw_generations/HumanEval_51/constraint_guided_sample0.py,,,True,,6.67,0,3.0,3,79.60783978179059,outputs_grok_prompt_v3\reports\static_analysis\pylint\HumanEval_51__constraint_guided__sample0__final_pylint.txt,outputs_grok_prompt_v3\reports\static_analysis\bandit\HumanEval_51__constraint_guided__sample0__final_bandit.json,outputs_grok_prompt_v3\reports\static_analysis\bandit\HumanEval_51__constraint_guided__sample0__final_bandit.stderr.txt,True,passed,9.0,9.0,10.0,9.0,10.0,9.0,"Clean, efficient, and Pythonic implementation with proper type hints and docstring; minor improvements could include handling Unicode vowels or making vowels a module-level constant.",,,,,,,
HumanEval/51,remove_vowels,structured_cot,0,"""""""
Utility for removing vowels from text.
""""""


def remove_vowels(text: str) -> str:
    """"""
    Return the text without vowels (a, e, i, o, u).

    Examples:
        >>> remove_vowels('abcdef')
        'bcdf'
        >>> remove_vowels('aaaaa')
        ''
        >>> remove_vowels('aaBAA')
        'B'
        >>> remove_vowels('zbcd')
        'zbcd'
    """"""
    vowels = set(""aeiouAEIOU"")
    return """".join(c for c in text if c not in vowels)",raw_generations/HumanEval_51/structured_cot_sample0.py,,,True,,6.67,0,3.0,3,50.45945421784227,outputs_grok_prompt_v3\reports\static_analysis\pylint\HumanEval_51__structured_cot__sample0__final_pylint.txt,outputs_grok_prompt_v3\reports\static_analysis\bandit\HumanEval_51__structured_cot__sample0__final_bandit.json,outputs_grok_prompt_v3\reports\static_analysis\bandit\HumanEval_51__structured_cot__sample0__final_bandit.stderr.txt,True,passed,9.0,9.0,10.0,9.0,10.0,9.0,"Clean, efficient, and idiomatic implementation with proper type hints and documentation.",,,,,,,
HumanEval/51,remove_vowels,self_refine,0,"""""""Module providing vowel removal functionality.""""""

def remove_vowels(text: str) -> str:
    """"""Return the text without vowels (a, e, i, o, u).

    Examples:
        >>> remove_vowels('abcdef')
        'bcdf'
        >>> remove_vowels('aaaaa')
        ''
        >>> remove_vowels('aaBAA')
        'B'
        >>> remove_vowels('zbcd')
        'zbcd'
    """"""
    vowel_characters = set(""aeiouAEIOU"")
    return """".join(
        character for character in text if character not in vowel_characters
    )",raw_generations/HumanEval_51/self_refine_sample0.py,"""""""Module providing vowel removal functionality.""""""

def remove_vowels(text: str) -> str:
    """"""Return the text without vowels (a, e, i, o, u).

    Examples:
        >>> remove_vowels('abcdef')
        'bcdf'
        >>> remove_vowels('aaaaa')
        ''
        >>> remove_vowels('aaBAA')
        'B'
        >>> remove_vowels('zbcd')
        'zbcd'
    """"""
    vowel_characters = set(""aeiouAEIOU"")
    return """".join(
        character for character in text if character not in vowel_characters
    )",raw_generations/HumanEval_51/self_refine_sample0_initial.py,True,,6.67,0,3.0,3,81.60054355722033,outputs_grok_prompt_v3\reports\static_analysis\pylint\HumanEval_51__self_refine__sample0__final_pylint.txt,outputs_grok_prompt_v3\reports\static_analysis\bandit\HumanEval_51__self_refine__sample0__final_bandit.json,outputs_grok_prompt_v3\reports\static_analysis\bandit\HumanEval_51__self_refine__sample0__final_bandit.stderr.txt,True,passed,9.0,8.0,9.0,9.0,9.0,9.0,"Excellent implementation with clear variable names, proper use of set for O(1) lookups, and generator expression for memory efficiency.",6.67,True,passed,outputs_grok_prompt_v3\reports\static_analysis\pylint\HumanEval_51__self_refine__sample0__initial_pylint.txt,outputs_grok_prompt_v3\reports\static_analysis\bandit\HumanEval_51__self_refine__sample0__initial_bandit.json,outputs_grok_prompt_v3\reports\static_analysis\bandit\HumanEval_51__self_refine__sample0__initial_bandit.stderr.txt,False
HumanEval/52,below_threshold,zero_shot,0,"from typing import List


def below_threshold(l: List[int], t: int) -> bool:
    """"""
    Check if all numbers in the list l are below threshold t.

    Examples:
        >>> below_threshold([1, 2, 4, 10], 100)
        True
        >>> below_threshold([1, 20, 4, 10], 5)
        False
    """"""
    return all(x < t for x in l)",raw_generations/HumanEval_52/zero_shot_sample0.py,,,True,,3.33,0,2.0,2,74.84640431451162,outputs_grok_prompt_v3\reports\static_analysis\pylint\HumanEval_52__zero_shot__sample0__final_pylint.txt,outputs_grok_prompt_v3\reports\static_analysis\bandit\HumanEval_52__zero_shot__sample0__final_bandit.json,outputs_grok_prompt_v3\reports\static_analysis\bandit\HumanEval_52__zero_shot__sample0__final_bandit.stderr.txt,True,passed,9.0,9.0,10.0,-1.0,9.0,7.0,"The code is clean and correct but uses a poor variable name 'l' which is easily confused with '1' or 'I', and the efficiency score is invalid.",,,,,,,
HumanEval/52,below_threshold,constraint_guided,0,"""""""Utility functions for threshold checks on lists.""""""

from typing import List


def below_threshold(l: List[int], t: int) -> bool:
    """"""
    Check if all numbers in the list l are below threshold t.

    Examples:
        >>> below_threshold([1, 2, 4, 10], 100)
        True
        >>> below_threshold([1, 20, 4, 10], 5)
        False
    """"""
    for number in l:
        if number >= t:
            return False
    return True",raw_generations/HumanEval_52/constraint_guided_sample0.py,,,True,,8.33,0,3.0,3,95.06392028735488,outputs_grok_prompt_v3\reports\static_analysis\pylint\HumanEval_52__constraint_guided__sample0__final_pylint.txt,outputs_grok_prompt_v3\reports\static_analysis\bandit\HumanEval_52__constraint_guided__sample0__final_bandit.json,outputs_grok_prompt_v3\reports\static_analysis\bandit\HumanEval_52__constraint_guided__sample0__final_bandit.stderr.txt,True,passed,8.0,-1.0,9.0,8.0,6.0,6.0,"The code is simple and correct but uses poor variable names (l, t) and lacks modularity for a utility function.",,,,,,,
HumanEval/52,below_threshold,structured_cot,0,"""""""Check if all elements in a list are below a given threshold.""""""

from typing import List


def below_threshold(l: List[int], t: int) -> bool:
    """"""
    Check if all numbers in the list l are below threshold t.

    Examples:
        >>> below_threshold([1, 2, 4, 10], 100)
        True
        >>> below_threshold([1, 20, 4, 10], 5)
        False
    """"""
    return all(x < t for x in l)",raw_generations/HumanEval_52/structured_cot_sample0.py,,,True,,6.67,0,2.0,2,72.73241277574542,outputs_grok_prompt_v3\reports\static_analysis\pylint\HumanEval_52__structured_cot__sample0__final_pylint.txt,outputs_grok_prompt_v3\reports\static_analysis\bandit\HumanEval_52__structured_cot__sample0__final_bandit.json,outputs_grok_prompt_v3\reports\static_analysis\bandit\HumanEval_52__structured_cot__sample0__final_bandit.stderr.txt,True,passed,9.0,9.0,10.0,9.0,10.0,9.0,"Excellent implementation: concise, correct, and Pythonic, though variable name 'l' could be more descriptive.",,,,,,,
HumanEval/52,below_threshold,self_refine,0,"""""""Utility for checking list elements against a threshold.""""""

from typing import List


def below_threshold(l: List[int], t: int) -> bool:
    """"""
    Check if all numbers in the list l are below threshold t.

    Examples:
        >>> below_threshold([1, 2, 4, 10], 100)
        True
        >>> below_threshold([1, 20, 4, 10], 5)
        False
    """"""
    return all(value < t for value in l)",raw_generations/HumanEval_52/self_refine_sample0.py,"""""""Utility for checking list elements against a threshold.""""""

from typing import List


def below_threshold(l: List[int], t: int) -> bool:
    """"""
    Check if all numbers in the list l are below threshold t.

    Examples:
        >>> below_threshold([1, 2, 4, 10], 100)
        True
        >>> below_threshold([1, 20, 4, 10], 5)
        False
    """"""
    return all(value < t for value in l)",raw_generations/HumanEval_52/self_refine_sample0_initial.py,True,,6.67,0,2.0,2,72.73241277574542,outputs_grok_prompt_v3\reports\static_analysis\pylint\HumanEval_52__self_refine__sample0__final_pylint.txt,outputs_grok_prompt_v3\reports\static_analysis\bandit\HumanEval_52__self_refine__sample0__final_bandit.json,outputs_grok_prompt_v3\reports\static_analysis\bandit\HumanEval_52__self_refine__sample0__final_bandit.stderr.txt,True,passed,9.0,9.0,10.0,9.0,10.0,9.0,"Clean, idiomatic, and correct implementation using a generator expression with `all`, though variable names could be slightly more descriptive.",6.67,True,passed,outputs_grok_prompt_v3\reports\static_analysis\pylint\HumanEval_52__self_refine__sample0__initial_pylint.txt,outputs_grok_prompt_v3\reports\static_analysis\bandit\HumanEval_52__self_refine__sample0__initial_bandit.json,outputs_grok_prompt_v3\reports\static_analysis\bandit\HumanEval_52__self_refine__sample0__initial_bandit.stderr.txt,False
HumanEval/53,add,zero_shot,0,"def add(x: int, y: int) -> int:
    """"""
    Add the two numbers x and y.

    Examples:
        >>> add(2, 3)
        5
        >>> add(5, 7)
        12
    """"""
    return x + y",raw_generations/HumanEval_53/zero_shot_sample0.py,,,True,,0.0,0,1.0,1,60.07139517617164,outputs_grok_prompt_v3\reports\static_analysis\pylint\HumanEval_53__zero_shot__sample0__final_pylint.txt,outputs_grok_prompt_v3\reports\static_analysis\bandit\HumanEval_53__zero_shot__sample0__final_bandit.json,outputs_grok_prompt_v3\reports\static_analysis\bandit\HumanEval_53__zero_shot__sample0__final_bandit.stderr.txt,True,passed,9.0,9.0,10.0,10.0,10.0,9.0,"Clean, simple, and correct implementation with good documentation and type hints.",,,,,,,
HumanEval/53,add,constraint_guided,0,"""""""Module providing basic arithmetic addition.""""""

def add(x: int, y: int) -> int:
    """"""
    Add the two numbers x and y.

    Examples:
        >>> add(2, 3)
        5
        >>> add(5, 7)
        12
    """"""
    return x + y",raw_generations/HumanEval_53/constraint_guided_sample0.py,,,True,,5.0,0,1.0,1,57.34598606873373,outputs_grok_prompt_v3\reports\static_analysis\pylint\HumanEval_53__constraint_guided__sample0__final_pylint.txt,outputs_grok_prompt_v3\reports\static_analysis\bandit\HumanEval_53__constraint_guided__sample0__final_bandit.json,outputs_grok_prompt_v3\reports\static_analysis\bandit\HumanEval_53__constraint_guided__sample0__final_bandit.stderr.txt,True,passed,10.0,10.0,10.0,10.0,10.0,10.0,"Perfectly implemented simple function with excellent documentation, type hints, and adherence to Python best practices.",,,,,,,
HumanEval/53,add,structured_cot,0,"""""""Add two integers.""""""


def add(x: int, y: int) -> int:
    """"""
    Add the two numbers x and y.

    Examples:
        >>> add(2, 3)
        5
        >>> add(5, 7)
        12
    """"""
    return x + y",raw_generations/HumanEval_53/structured_cot_sample0.py,,,True,,5.0,0,1.0,1,57.34598606873373,outputs_grok_prompt_v3\reports\static_analysis\pylint\HumanEval_53__structured_cot__sample0__final_pylint.txt,outputs_grok_prompt_v3\reports\static_analysis\bandit\HumanEval_53__structured_cot__sample0__final_bandit.json,outputs_grok_prompt_v3\reports\static_analysis\bandit\HumanEval_53__structured_cot__sample0__final_bandit.stderr.txt,True,passed,9.0,-10.0,10.0,10.0,9.0,6.0,The code is extremely simple and correct but lacks any meaningful structure to evaluate maintainability; the negative maintainability score indicates it's too trivial for proper assessment.,,,,,,,
HumanEval/53,add,self_refine,0,"""""""Module providing basic arithmetic operations.""""""

def add(x: int, y: int) -> int:
    """"""
    Add the two numbers x and y.

    Examples:
        >>> add(2, 3)
        5
        >>> add(5, 7)
        12
    """"""
    return x + y",raw_generations/HumanEval_53/self_refine_sample0.py,"""""""Module providing basic arithmetic operations.""""""

def add(x: int, y: int) -> int:
    """"""
    Add the two numbers x and y.

    Examples:
        >>> add(2, 3)
        5
        >>> add(5, 7)
        12
    """"""
    return x + y",raw_generations/HumanEval_53/self_refine_sample0_initial.py,True,,5.0,0,1.0,1,57.34598606873373,outputs_grok_prompt_v3\reports\static_analysis\pylint\HumanEval_53__self_refine__sample0__final_pylint.txt,outputs_grok_prompt_v3\reports\static_analysis\bandit\HumanEval_53__self_refine__sample0__final_bandit.json,outputs_grok_prompt_v3\reports\static_analysis\bandit\HumanEval_53__self_refine__sample0__final_bandit.stderr.txt,True,passed,9.0,9.0,10.0,10.0,9.0,9.0,"Excellent, clean implementation with proper documentation and type hints, though very simple functionality.",5.0,True,passed,outputs_grok_prompt_v3\reports\static_analysis\pylint\HumanEval_53__self_refine__sample0__initial_pylint.txt,outputs_grok_prompt_v3\reports\static_analysis\bandit\HumanEval_53__self_refine__sample0__initial_bandit.json,outputs_grok_prompt_v3\reports\static_analysis\bandit\HumanEval_53__self_refine__sample0__initial_bandit.stderr.txt,False
HumanEval/54,same_chars,zero_shot,0,"def same_chars(s0: str, s1: str) -> bool:
    return set(s0) == set(s1)",raw_generations/HumanEval_54/zero_shot_sample0.py,,,True,,0.0,0,1.0,1,88.5574946685516,outputs_grok_prompt_v3\reports\static_analysis\pylint\HumanEval_54__zero_shot__sample0__final_pylint.txt,outputs_grok_prompt_v3\reports\static_analysis\bandit\HumanEval_54__zero_shot__sample0__final_bandit.json,outputs_grok_prompt_v3\reports\static_analysis\bandit\HumanEval_54__zero_shot__sample0__final_bandit.stderr.txt,True,passed,9.0,8.0,4.0,8.0,9.0,5.0,"The code is clean and Pythonic but fails to handle character frequencies correctly, as it only checks unique characters, not counts.",,,,,,,
HumanEval/54,same_chars,constraint_guided,0,"""""""Utility for comparing character sets of strings.""""""

def same_chars(s0: str, s1: str) -> bool:
    """"""Check if two words have the same characters.

    Examples:
        >>> same_chars('abcd', 'dddddddabc')
        True
        >>> same_chars('dddddddabc', 'abcd')
        True
        >>> same_chars('eabcd', 'dddddddabc')
        False
        >>> same_chars('abcd', 'dddddddabce')
        False
    """"""
    first_char_set = set(s0)
    second_char_set = set(s1)
    return first_char_set == second_char_set",raw_generations/HumanEval_54/constraint_guided_sample0.py,,,True,,7.5,0,1.0,1,69.66070427745456,outputs_grok_prompt_v3\reports\static_analysis\pylint\HumanEval_54__constraint_guided__sample0__final_pylint.txt,outputs_grok_prompt_v3\reports\static_analysis\bandit\HumanEval_54__constraint_guided__sample0__final_bandit.json,outputs_grok_prompt_v3\reports\static_analysis\bandit\HumanEval_54__constraint_guided__sample0__final_bandit.stderr.txt,True,passed,9.0,9.0,8.0,8.0,9.0,8.0,"Clean and readable code, but fails to handle character frequency which could be required for some interpretations of 'same characters'.",,,,,,,
HumanEval/54,same_chars,structured_cot,0,"""""""
Module providing character set comparison for strings.
""""""


def same_chars(s0: str, s1: str) -> bool:
    """"""
    Check if two words have the same characters.

    Examples:
        >>> same_chars('abcd', 'dddddddabc')
        True
        >>> same_chars('dddddddabc', 'abcd')
        True
        >>> same_chars('eabcd', 'dddddddabc')
        False
        >>> same_chars('abcd', 'dddddddabce')
        False
    """"""
    return set(s0) == set(s1)",raw_generations/HumanEval_54/structured_cot_sample0.py,,,True,,5.0,0,1.0,1,65.27475470743042,outputs_grok_prompt_v3\reports\static_analysis\pylint\HumanEval_54__structured_cot__sample0__final_pylint.txt,outputs_grok_prompt_v3\reports\static_analysis\bandit\HumanEval_54__structured_cot__sample0__final_bandit.json,outputs_grok_prompt_v3\reports\static_analysis\bandit\HumanEval_54__structured_cot__sample0__final_bandit.stderr.txt,True,passed,9.0,8.0,5.0,8.0,9.0,6.0,"The code is clean and readable but has a critical correctness issue: it doesn't account for character frequencies, only character presence, which fails for cases like 'aab' vs 'abb'.",,,,,,,
HumanEval/54,same_chars,self_refine,0,"""""""Utility for comparing character sets of strings.""""""

def same_chars(s0: str, s1: str) -> bool:
    """"""Check if two words have the same characters.

    Examples:
        >>> same_chars('abcd', 'dddddddabc')
        True
        >>> same_chars('dddddddabc', 'abcd')
        True
        >>> same_chars('eabcd', 'dddddddabc')
        False
        >>> same_chars('abcd', 'dddddddabce')
        False
    """"""
    return set(s0) == set(s1)",raw_generations/HumanEval_54/self_refine_sample0.py,"""""""Utility for comparing character sets of strings.""""""

def same_chars(s0: str, s1: str) -> bool:
    """"""Check if two words have the same characters.

    Examples:
        >>> same_chars('abcd', 'dddddddabc')
        True
        >>> same_chars('dddddddabc', 'abcd')
        True
        >>> same_chars('eabcd', 'dddddddabc')
        False
        >>> same_chars('abcd', 'dddddddabce')
        False
    """"""
    return set(s0) == set(s1)",raw_generations/HumanEval_54/self_refine_sample0_initial.py,True,,5.0,0,1.0,1,53.06670729462308,outputs_grok_prompt_v3\reports\static_analysis\pylint\HumanEval_54__self_refine__sample0__final_pylint.txt,outputs_grok_prompt_v3\reports\static_analysis\bandit\HumanEval_54__self_refine__sample0__final_bandit.json,outputs_grok_prompt_v3\reports\static_analysis\bandit\HumanEval_54__self_refine__sample0__final_bandit.stderr.txt,True,passed,9.0,8.0,5.0,8.0,9.0,6.0,"The code is clean and Pythonic but fails to handle character frequencies correctly, only checking unique characters rather than all characters.",5.0,True,passed,outputs_grok_prompt_v3\reports\static_analysis\pylint\HumanEval_54__self_refine__sample0__initial_pylint.txt,outputs_grok_prompt_v3\reports\static_analysis\bandit\HumanEval_54__self_refine__sample0__initial_bandit.json,outputs_grok_prompt_v3\reports\static_analysis\bandit\HumanEval_54__self_refine__sample0__initial_bandit.stderr.txt,False
HumanEval/55,fib,zero_shot,0,"def fib(n: int) -> int:
    if n <= 1:
        return n
    a, b = 0, 1
    for _ in range(n):
        a, b = b, a + b
    return a",raw_generations/HumanEval_55/zero_shot_sample0.py,,,True,,5.71,0,3.0,3,72.82491762469213,outputs_grok_prompt_v3\reports\static_analysis\pylint\HumanEval_55__zero_shot__sample0__final_pylint.txt,outputs_grok_prompt_v3\reports\static_analysis\bandit\HumanEval_55__zero_shot__sample0__final_bandit.json,outputs_grok_prompt_v3\reports\static_analysis\bandit\HumanEval_55__zero_shot__sample0__final_bandit.stderr.txt,True,passed,8.0,9.0,6.0,9.0,9.0,7.0,"The code is clean and efficient but contains a logical error: it returns the (n+1)-th Fibonacci number instead of the n-th, and it incorrectly handles fib(0) as 0 instead of 0 (though this is debatable).",,,,,,,
HumanEval/55,fib,constraint_guided,0,"""""""Module for computing Fibonacci numbers.""""""

def fib(n: int) -> int:
    """"""
    Return the n-th Fibonacci number.

    Examples:
        >>> fib(10)
        55
        >>> fib(1)
        1
        >>> fib(8)
        21
    """"""
    if n < 0:
        raise ValueError(""n must be non-negative"")
    previous, current = 0, 1
    for _ in range(n):
        previous, current = current, previous + current
    return previous",raw_generations/HumanEval_55/constraint_guided_sample0.py,,,True,,8.57,0,3.0,3,88.48636278272765,outputs_grok_prompt_v3\reports\static_analysis\pylint\HumanEval_55__constraint_guided__sample0__final_pylint.txt,outputs_grok_prompt_v3\reports\static_analysis\bandit\HumanEval_55__constraint_guided__sample0__final_bandit.json,outputs_grok_prompt_v3\reports\static_analysis\bandit\HumanEval_55__constraint_guided__sample0__final_bandit.stderr.txt,True,passed,9.0,8.0,9.0,9.0,9.0,9.0,"Excellent implementation with clear variable names, proper error handling, and efficient iterative approach, though could benefit from handling the n=0 case more explicitly in docstring.",,,,,,,
HumanEval/55,fib,structured_cot,0,"""""""
Module providing Fibonacci number computation.
""""""


def fib(n: int) -> int:
    """"""
    Return the n-th Fibonacci number.

    Examples:
        >>> fib(10)
        55
        >>> fib(1)
        1
        >>> fib(8)
        21
    """"""
    a, b = 0, 1
    for _ in range(n):
        a, b = b, a + b
    return a",raw_generations/HumanEval_55/structured_cot_sample0.py,,,True,,8.0,0,2.0,2,70.75902707254271,outputs_grok_prompt_v3\reports\static_analysis\pylint\HumanEval_55__structured_cot__sample0__final_pylint.txt,outputs_grok_prompt_v3\reports\static_analysis\bandit\HumanEval_55__structured_cot__sample0__final_bandit.json,outputs_grok_prompt_v3\reports\static_analysis\bandit\HumanEval_55__structured_cot__sample0__final_bandit.stderr.txt,True,passed,9.0,9.0,9.0,10.0,10.0,9.0,"Clean, efficient, and idiomatic implementation with proper type hints and docstring, though it could benefit from handling negative inputs.",,,,,,,
HumanEval/55,fib,self_refine,0,"""""""Module providing Fibonacci number calculation.""""""

def fib(n: int) -> int:
    """"""
    Return the n-th Fibonacci number.

    Examples:
        >>> fib(10)
        55
        >>> fib(1)
        1
        >>> fib(8)
        21
    """"""
    if n < 0:
        raise ValueError(""n must be a non-negative integer"")
    if n == 0:
        return 0
    previous = 0
    current = 1
    for _ in range(1, n):
        previous, current = current, previous + current
    return current",raw_generations/HumanEval_55/self_refine_sample0.py,"""""""Module providing Fibonacci number calculation.""""""

def fib(n: int) -> int:
    """"""
    Return the n-th Fibonacci number.

    Examples:
        >>> fib(10)
        55
        >>> fib(1)
        1
        >>> fib(8)
        21
    """"""
    if n < 0:
        raise ValueError(""n must be a non-negative integer"")
    if n == 0:
        return 0
    previous = 0
    current = 1
    for _ in range(1, n):
        previous, current = current, previous + current
    return current",raw_generations/HumanEval_55/self_refine_sample0_initial.py,True,,9.0,0,4.0,4,91.74247672989239,outputs_grok_prompt_v3\reports\static_analysis\pylint\HumanEval_55__self_refine__sample0__final_pylint.txt,outputs_grok_prompt_v3\reports\static_analysis\bandit\HumanEval_55__self_refine__sample0__final_bandit.json,outputs_grok_prompt_v3\reports\static_analysis\bandit\HumanEval_55__self_refine__sample0__final_bandit.stderr.txt,True,passed,9.0,9.0,9.0,9.0,9.0,9.0,"Clean, efficient implementation with proper error handling and documentation, though could be slightly more explicit about Fibonacci sequence definition.",9.0,True,passed,outputs_grok_prompt_v3\reports\static_analysis\pylint\HumanEval_55__self_refine__sample0__initial_pylint.txt,outputs_grok_prompt_v3\reports\static_analysis\bandit\HumanEval_55__self_refine__sample0__initial_bandit.json,outputs_grok_prompt_v3\reports\static_analysis\bandit\HumanEval_55__self_refine__sample0__initial_bandit.stderr.txt,False
HumanEval/56,correct_bracketing,zero_shot,0,"def correct_bracketing(brackets: str) -> bool:
    count = 0
    for b in brackets:
        if b == ""<"":
            count += 1
        elif b == "">"":
            count -= 1
        if count < 0:
            return False
    return count == 0",raw_generations/HumanEval_56/zero_shot_sample0.py,,,True,,7.0,0,5.0,5,65.07330552638736,outputs_grok_prompt_v3\reports\static_analysis\pylint\HumanEval_56__zero_shot__sample0__final_pylint.txt,outputs_grok_prompt_v3\reports\static_analysis\bandit\HumanEval_56__zero_shot__sample0__final_bandit.json,outputs_grok_prompt_v3\reports\static_analysis\bandit\HumanEval_56__zero_shot__sample0__final_bandit.stderr.txt,True,passed,9.0,9.0,10.0,10.0,8.0,9.0,"Clean, efficient solution with excellent correctness and good Pythonic style, though variable naming could be slightly more descriptive.",,,,,,,
HumanEval/56,correct_bracketing,constraint_guided,0,"""""""Utility for validating balanced angle bracket sequences.""""""

def correct_bracketing(brackets: str) -> bool:
    """"""
    brackets is a string of ""<"" and "">"".
    Check if every opening bracket has a corresponding closing bracket.
    """"""
    balance = 0
    for char in brackets:
        if char == ""<"":
            balance += 1
        elif char == "">"":
            balance -= 1
        if balance < 0:
            return False
    return balance == 0",raw_generations/HumanEval_56/constraint_guided_sample0.py,,,True,,9.0,0,5.0,5,91.60081886432937,outputs_grok_prompt_v3\reports\static_analysis\pylint\HumanEval_56__constraint_guided__sample0__final_pylint.txt,outputs_grok_prompt_v3\reports\static_analysis\bandit\HumanEval_56__constraint_guided__sample0__final_bandit.json,outputs_grok_prompt_v3\reports\static_analysis\bandit\HumanEval_56__constraint_guided__sample0__final_bandit.stderr.txt,True,passed,9.0,9.0,10.0,10.0,9.0,9.0,"Clean, efficient, and correct implementation with proper early termination for invalid sequences.",,,,,,,
HumanEval/56,correct_bracketing,structured_cot,0,"""""""Bracket balancing utilities.""""""

def correct_bracketing(brackets: str) -> bool:
    """"""
    brackets is a string of ""<"" and "">"".
    Check if every opening bracket has a corresponding closing bracket.

    Examples:
        >>> correct_bracketing(""<"")
        False
        >>> correct_bracketing(""<>"")
        True
        >>> correct_bracketing(""<<><>>"")
        True
        >>> correct_bracketing(""><<>"")
        False
    """"""
    count = 0
    for char in brackets:
        if char == ""<"":
            count += 1
        elif char == "">"":
            count -= 1
        if count < 0:
            return False
    return count == 0",raw_generations/HumanEval_56/structured_cot_sample0.py,,,True,,9.0,0,5.0,5,83.89021496317982,outputs_grok_prompt_v3\reports\static_analysis\pylint\HumanEval_56__structured_cot__sample0__final_pylint.txt,outputs_grok_prompt_v3\reports\static_analysis\bandit\HumanEval_56__structured_cot__sample0__final_bandit.json,outputs_grok_prompt_v3\reports\static_analysis\bandit\HumanEval_56__structured_cot__sample0__final_bandit.stderr.txt,True,passed,9.0,9.0,10.0,10.0,9.0,9.0,"Clean, efficient implementation with proper early termination and edge case handling; could slightly improve variable naming for clarity.",,,,,,,
HumanEval/56,correct_bracketing,self_refine,0,"""""""Check if angle brackets are correctly matched.""""""

def correct_bracketing(brackets: str) -> bool:
    """"""
    brackets is a string of ""<"" and "">"".
    Check if every opening bracket has a corresponding closing bracket.

    Examples:
        >>> correct_bracketing(""<"")
        False
        >>> correct_bracketing(""<>"")
        True
        >>> correct_bracketing(""<<><>>"")
        True
        >>> correct_bracketing(""><<>"")
        False
    """"""
    balance = 0
    for char in brackets:
        if char == ""<"":
            balance += 1
        elif char == "">"":
            balance -= 1
            if balance < 0:
                return False
    return balance == 0",raw_generations/HumanEval_56/self_refine_sample0.py,"""""""Check if angle brackets are correctly matched.""""""

def correct_bracketing(brackets: str) -> bool:
    """"""
    brackets is a string of ""<"" and "">"".
    Check if every opening bracket has a corresponding closing bracket.

    Examples:
        >>> correct_bracketing(""<"")
        False
        >>> correct_bracketing(""<>"")
        True
        >>> correct_bracketing(""<<><>>"")
        True
        >>> correct_bracketing(""><<>"")
        False
    """"""
    balance = 0
    for char in brackets:
        if char == ""<"":
            balance += 1
        elif char == "">"":
            balance -= 1
            if balance < 0:
                return False
    return balance == 0",raw_generations/HumanEval_56/self_refine_sample0_initial.py,True,,9.0,0,5.0,5,83.89021496317982,outputs_grok_prompt_v3\reports\static_analysis\pylint\HumanEval_56__self_refine__sample0__final_pylint.txt,outputs_grok_prompt_v3\reports\static_analysis\bandit\HumanEval_56__self_refine__sample0__final_bandit.json,outputs_grok_prompt_v3\reports\static_analysis\bandit\HumanEval_56__self_refine__sample0__final_bandit.stderr.txt,True,passed,9.0,9.0,10.0,10.0,9.0,9.0,"Clean, efficient implementation with proper early termination for invalid sequences, though could benefit from a docstring example showing nested bracket validation.",9.0,True,passed,outputs_grok_prompt_v3\reports\static_analysis\pylint\HumanEval_56__self_refine__sample0__initial_pylint.txt,outputs_grok_prompt_v3\reports\static_analysis\bandit\HumanEval_56__self_refine__sample0__initial_bandit.json,outputs_grok_prompt_v3\reports\static_analysis\bandit\HumanEval_56__self_refine__sample0__initial_bandit.stderr.txt,False
HumanEval/57,monotonic,zero_shot,0,"def monotonic(l: List[int]) -> bool:
    if len(l) <= 1:
        return True
    inc = all(l[i] <= l[i+1] for i in range(len(l)-1))
    dec = all(l[i] >= l[i+1] for i in range(len(l)-1))
    return inc or dec",raw_generations/HumanEval_57/zero_shot_sample0.py,,,True,,0.0,0,5.0,5,68.47303275021798,outputs_grok_prompt_v3\reports\static_analysis\pylint\HumanEval_57__zero_shot__sample0__final_pylint.txt,outputs_grok_prompt_v3\reports\static_analysis\bandit\HumanEval_57__zero_shot__sample0__final_bandit.json,outputs_grok_prompt_v3\reports\static_analysis\bandit\HumanEval_57__zero_shot__sample0__final_bandit.stderr.txt,False,assertion_failed: ,8.0,7.0,9.0,7.0,8.0,7.0,The code is clear and correct but inefficiently traverses the list twice; a single-pass approach would be better for performance and maintainability.,,,,,,,
HumanEval/57,monotonic,constraint_guided,0,"""""""Utility functions for checking sequence properties.""""""

from typing import List


def monotonic(l: List[int]) -> bool:
    """"""
    Check if list elements are monotonically increasing or decreasing.

    Examples:
        >>> monotonic([1, 2, 4, 20])
        True
        >>> monotonic([1, 20, 4, 10])
        False
        >>> monotonic([4, 1, 0, -10])
        True
    """"""
    if len(l) <= 1:
        return True
    is_non_decreasing = all(l[i] <= l[i + 1] for i in range(len(l) - 1))
    is_non_increasing = all(l[i] >= l[i + 1] for i in range(len(l) - 1))
    return is_non_decreasing or is_non_increasing",raw_generations/HumanEval_57/constraint_guided_sample0.py,,,True,,8.57,0,5.0,5,82.67410304673211,outputs_grok_prompt_v3\reports\static_analysis\pylint\HumanEval_57__constraint_guided__sample0__final_pylint.txt,outputs_grok_prompt_v3\reports\static_analysis\bandit\HumanEval_57__constraint_guided__sample0__final_bandit.json,outputs_grok_prompt_v3\reports\static_analysis\bandit\HumanEval_57__constraint_guided__sample0__final_bandit.stderr.txt,False,assertion_failed: ,8.0,8.0,7.0,7.0,8.0,7.0,The code is clear and Pythonic but lacks edge case handling for empty lists and could be more efficient by avoiding two full passes.,,,,,,,
HumanEval/57,monotonic,structured_cot,0,"""""""Check whether a list is monotonic (non-strictly increasing or decreasing).""""""

from typing import List


def monotonic(l: List[int]) -> bool:
    """"""
    Check if list elements are monotonically increasing or decreasing.

    Examples:
        >>> monotonic([1, 2, 4, 20])
        True
        >>> monotonic([1, 20, 4, 10])
        False
        >>> monotonic([4, 1, 0, -10])
        True
    """"""
    if len(l) < 2:
        return True
    return l == sorted(l) or l == sorted(l, reverse=True)",raw_generations/HumanEval_57/structured_cot_sample0.py,,,True,,8.0,0,3.0,3,76.0848455112917,outputs_grok_prompt_v3\reports\static_analysis\pylint\HumanEval_57__structured_cot__sample0__final_pylint.txt,outputs_grok_prompt_v3\reports\static_analysis\bandit\HumanEval_57__structured_cot__sample0__final_bandit.json,outputs_grok_prompt_v3\reports\static_analysis\bandit\HumanEval_57__structured_cot__sample0__final_bandit.stderr.txt,False,assertion_failed: ,8.0,7.0,6.0,5.0,6.0,6.0,"The code is readable but inefficient due to unnecessary sorting operations, and it fails to handle non-strict monotonic sequences correctly.",,,,,,,
HumanEval/57,monotonic,self_refine,0,"from typing import List


def monotonic(l: List[int]) -> bool:
    """"""
    Check if list elements are monotonically increasing or decreasing.

    Examples:
        >>> monotonic([1, 2, 4, 20])
        True
        >>> monotonic([1, 20, 4, 10])
        False
        >>> monotonic([4, 1, 0, -10])
        True
    """"""
    if len(l) < 2:
        return True
    is_strictly_increasing = all(l[i] < l[i + 1] for i in range(len(l) - 1))
    is_strictly_decreasing = all(l[i] > l[i + 1] for i in range(len(l) - 1))
    return is_strictly_increasing or is_strictly_decreasing",raw_generations/HumanEval_57/self_refine_sample0.py,"""""""Utility for checking list monotonicity.""""""

from typing import List


def monotonic(l: List[int]) -> bool:
    """"""
    Check if list elements are monotonically increasing or decreasing.

    Examples:
        >>> monotonic([1, 2, 4, 20])
        True
        >>> monotonic([1, 20, 4, 10])
        False
        >>> monotonic([4, 1, 0, -10])
        True
    """"""
    if len(l) < 2:
        return True
    is_non_decreasing = all(l[i] <= l[i + 1] for i in range(len(l) - 1))
    is_non_increasing = all(l[i] >= l[i + 1] for i in range(len(l) - 1))
    return is_non_decreasing or is_non_increasing",raw_generations/HumanEval_57/self_refine_sample0_initial.py,True,,7.14,0,5.0,5,83.72416663714341,outputs_grok_prompt_v3\reports\static_analysis\pylint\HumanEval_57__self_refine__sample0__final_pylint.txt,outputs_grok_prompt_v3\reports\static_analysis\bandit\HumanEval_57__self_refine__sample0__final_bandit.json,outputs_grok_prompt_v3\reports\static_analysis\bandit\HumanEval_57__self_refine__sample0__final_bandit.stderr.txt,True,passed,8.0,7.0,6.0,8.0,7.0,7.0,The code is readable and efficient but incorrectly handles monotonicity (should allow equality) and uses a poor variable name 'l'.,8.57,False,assertion_failed: ,outputs_grok_prompt_v3\reports\static_analysis\pylint\HumanEval_57__self_refine__sample0__initial_pylint.txt,outputs_grok_prompt_v3\reports\static_analysis\bandit\HumanEval_57__self_refine__sample0__initial_bandit.json,outputs_grok_prompt_v3\reports\static_analysis\bandit\HumanEval_57__self_refine__sample0__initial_bandit.stderr.txt,True
HumanEval/58,common,zero_shot,0,"def common(l1: List[int], l2: List[int]) -> List[int]:
    return sorted(set(l1) & set(l2))",raw_generations/HumanEval_58/zero_shot_sample0.py,,,True,,0.0,0,1.0,1,88.5574946685516,outputs_grok_prompt_v3\reports\static_analysis\pylint\HumanEval_58__zero_shot__sample0__final_pylint.txt,outputs_grok_prompt_v3\reports\static_analysis\bandit\HumanEval_58__zero_shot__sample0__final_bandit.json,outputs_grok_prompt_v3\reports\static_analysis\bandit\HumanEval_58__zero_shot__sample0__final_bandit.stderr.txt,True,passed,9.0,9.0,10.0,8.0,10.0,9.0,"Excellent concise implementation using sets for uniqueness and intersection, though efficiency could be slightly improved for very large lists by avoiding full set creation if one list is much smaller.",,,,,,,
HumanEval/58,common,constraint_guided,0,"""""""
Module providing a function to find common elements between two lists.
""""""
from typing import List


def common(l1: List[int], l2: List[int]) -> List[int]:
    """"""
    Return sorted unique common elements for two integer lists.

    Examples:
        >>> common([1, 4, 3, 34, 653, 2, 5], [5, 7, 1, 5, 9, 653, 121])
        [1, 5, 653]
        >>> common([5, 3, 2, 8], [3, 2])
        [2, 3]
    """"""
    if not l1 or not l2:
        return []
    common_elements = set(l1) & set(l2)
    return sorted(common_elements)",raw_generations/HumanEval_58/constraint_guided_sample0.py,,,True,,8.33,0,3.0,3,79.02648000596308,outputs_grok_prompt_v3\reports\static_analysis\pylint\HumanEval_58__constraint_guided__sample0__final_pylint.txt,outputs_grok_prompt_v3\reports\static_analysis\bandit\HumanEval_58__constraint_guided__sample0__final_bandit.json,outputs_grok_prompt_v3\reports\static_analysis\bandit\HumanEval_58__constraint_guided__sample0__final_bandit.stderr.txt,True,passed,9.0,8.0,9.0,8.0,9.0,8.0,"Clean, efficient, and Pythonic implementation with minor edge-case handling improvements needed.",,,,,,,
HumanEval/58,common,structured_cot,0,"""""""Return sorted unique common elements for two integer lists.""""""
from typing import List


def common(l1: List[int], l2: List[int]) -> List[int]:
    """"""
    Return sorted unique common elements for two integer lists.

    Examples:
        >>> common([1, 4, 3, 34, 653, 2, 5], [5, 7, 1, 5, 9, 653, 121])
        [1, 5, 653]
        >>> common([5, 3, 2, 8], [3, 2])
        [2, 3]
    """"""
    return sorted(set(l1) & set(l2))",raw_generations/HumanEval_58/structured_cot_sample0.py,,,True,,6.67,0,1.0,1,72.86691569972203,outputs_grok_prompt_v3\reports\static_analysis\pylint\HumanEval_58__structured_cot__sample0__final_pylint.txt,outputs_grok_prompt_v3\reports\static_analysis\bandit\HumanEval_58__structured_cot__sample0__final_bandit.json,outputs_grok_prompt_v3\reports\static_analysis\bandit\HumanEval_58__structured_cot__sample0__final_bandit.stderr.txt,True,passed,9.0,9.0,10.0,8.0,10.0,9.0,"Excellent, concise implementation using sets for uniqueness and intersection, though converting both lists to sets may be less memory-efficient for very large inputs.",,,,,,,
HumanEval/58,common,self_refine,0,"""""""Utility module for list operations.""""""

from typing import List


def common(l1: List[int], l2: List[int]) -> List[int]:
    """"""
    Return sorted unique common elements for two integer lists.

    Examples:
        >>> common([1, 4, 3, 34, 653, 2, 5], [5, 7, 1, 5, 9, 653, 121])
        [1, 5, 653]
        >>> common([5, 3, 2, 8], [3, 2])
        [2, 3]
    """"""
    first_set = set(l1)
    second_set = set(l2)
    common_elements = first_set.intersection(second_set)
    return sorted(common_elements)",raw_generations/HumanEval_58/self_refine_sample0.py,"""""""Utility module for list operations.""""""

from typing import List


def common(l1: List[int], l2: List[int]) -> List[int]:
    """"""
    Return sorted unique common elements for two integer lists.

    Examples:
        >>> common([1, 4, 3, 34, 653, 2, 5], [5, 7, 1, 5, 9, 653, 121])
        [1, 5, 653]
        >>> common([5, 3, 2, 8], [3, 2])
        [2, 3]
    """"""
    first_set = set(l1)
    second_set = set(l2)
    common_elements = first_set.intersection(second_set)
    return sorted(common_elements)",raw_generations/HumanEval_58/self_refine_sample0_initial.py,True,,8.33,0,1.0,1,100.0,outputs_grok_prompt_v3\reports\static_analysis\pylint\HumanEval_58__self_refine__sample0__final_pylint.txt,outputs_grok_prompt_v3\reports\static_analysis\bandit\HumanEval_58__self_refine__sample0__final_bandit.json,outputs_grok_prompt_v3\reports\static_analysis\bandit\HumanEval_58__self_refine__sample0__final_bandit.stderr.txt,True,passed,9.0,8.0,10.0,9.0,9.0,9.0,"Clean, efficient implementation with good documentation, though slightly verbose variable naming.",8.33,True,passed,outputs_grok_prompt_v3\reports\static_analysis\pylint\HumanEval_58__self_refine__sample0__initial_pylint.txt,outputs_grok_prompt_v3\reports\static_analysis\bandit\HumanEval_58__self_refine__sample0__initial_bandit.json,outputs_grok_prompt_v3\reports\static_analysis\bandit\HumanEval_58__self_refine__sample0__initial_bandit.stderr.txt,False
HumanEval/59,largest_prime_factor,zero_shot,0,"def largest_prime_factor(n: int) -> int:
    largest = 1
    i = 2
    while i * i <= n:
        while n % i == 0:
            n //= i
            largest = i
        i += 1
    if n > 1:
        largest = n
    return largest",raw_generations/HumanEval_59/zero_shot_sample0.py,,,True,,7.27,0,4.0,4,63.5079715185905,outputs_grok_prompt_v3\reports\static_analysis\pylint\HumanEval_59__zero_shot__sample0__final_pylint.txt,outputs_grok_prompt_v3\reports\static_analysis\bandit\HumanEval_59__zero_shot__sample0__final_bandit.json,outputs_grok_prompt_v3\reports\static_analysis\bandit\HumanEval_59__zero_shot__sample0__final_bandit.stderr.txt,True,passed,8.0,7.0,9.0,8.0,7.0,8.0,"The code is clear and efficient for the task, but lacks explicit handling for the assumption that n is not prime, and could be slightly more Pythonic with a for-loop and early returns.",,,,,,,
HumanEval/59,largest_prime_factor,constraint_guided,0,"""""""Utilities for prime factorization.""""""

def largest_prime_factor(n: int) -> int:
    """"""Return the largest prime factor of n.

    Assume n > 1 and is not a prime.
    """"""
    largest_factor = 1

    while n % 2 == 0:
        largest_factor = 2
        n //= 2

    candidate = 3
    while candidate * candidate <= n:
        while n % candidate == 0:
            largest_factor = candidate
            n //= candidate
        candidate += 2

    if n > 1:
        largest_factor = n

    return largest_factor",raw_generations/HumanEval_59/constraint_guided_sample0.py,,,True,,9.29,0,5.0,5,82.51333476966138,outputs_grok_prompt_v3\reports\static_analysis\pylint\HumanEval_59__constraint_guided__sample0__final_pylint.txt,outputs_grok_prompt_v3\reports\static_analysis\bandit\HumanEval_59__constraint_guided__sample0__final_bandit.json,outputs_grok_prompt_v3\reports\static_analysis\bandit\HumanEval_59__constraint_guided__sample0__final_bandit.stderr.txt,True,passed,9.0,8.0,8.0,9.0,8.0,8.0,"The code is clean and efficient, but lacks explicit handling for the assumption that n is not prime, and could benefit from a more modular structure.",,,,,,,
HumanEval/59,largest_prime_factor,structured_cot,0,"""""""Prime factor utilities.""""""
def largest_prime_factor(n: int) -> int:
    """"""Return the largest prime factor of n.
    Assume n > 1 and is not a prime.
    Examples:
        >>> largest_prime_factor(13195)
        29
        >>> largest_prime_factor(2048)
        2
    """"""
    factor = 2
    while factor * factor <= n:
        if n % factor == 0:
            n //= factor
        else:
            factor += 1
    return n",raw_generations/HumanEval_59/structured_cot_sample0.py,,,True,,8.57,0,3.0,3,90.75289568349336,outputs_grok_prompt_v3\reports\static_analysis\pylint\HumanEval_59__structured_cot__sample0__final_pylint.txt,outputs_grok_prompt_v3\reports\static_analysis\bandit\HumanEval_59__structured_cot__sample0__final_bandit.json,outputs_grok_prompt_v3\reports\static_analysis\bandit\HumanEval_59__structured_cot__sample0__final_bandit.stderr.txt,True,passed,8.0,7.0,6.0,8.0,7.0,7.0,"The code is readable and efficient but fails to correctly handle the assumption that n is not prime, returning n unchanged for prime inputs.",,,,,,,
HumanEval/59,largest_prime_factor,self_refine,0,"""""""Utility for computing largest prime factors.""""""

def largest_prime_factor(n: int) -> int:
    """"""Return the largest prime factor of n.

    Assume n > 1 and is not a prime.
    """"""
    max_factor = 1

    while n % 2 == 0:
        max_factor = 2
        n //= 2

    candidate = 3
    while candidate * candidate <= n:
        while n % candidate == 0:
            max_factor = candidate
            n //= candidate
        candidate += 2

    if n > 1:
        max_factor = n

    return max_factor",raw_generations/HumanEval_59/self_refine_sample0.py,"""""""Utility for computing largest prime factors.""""""

def largest_prime_factor(n: int) -> int:
    """"""Return the largest prime factor of n.

    Assume n > 1 and is not a prime.
    """"""
    max_factor = 1

    while n % 2 == 0:
        max_factor = 2
        n //= 2

    candidate = 3
    while candidate * candidate <= n:
        while n % candidate == 0:
            max_factor = candidate
            n //= candidate
        candidate += 2

    if n > 1:
        max_factor = n

    return max_factor",raw_generations/HumanEval_59/self_refine_sample0_initial.py,True,,9.29,0,5.0,5,82.51333476966138,outputs_grok_prompt_v3\reports\static_analysis\pylint\HumanEval_59__self_refine__sample0__final_pylint.txt,outputs_grok_prompt_v3\reports\static_analysis\bandit\HumanEval_59__self_refine__sample0__final_bandit.json,outputs_grok_prompt_v3\reports\static_analysis\bandit\HumanEval_59__self_refine__sample0__final_bandit.stderr.txt,True,passed,8.0,7.0,8.0,9.0,7.0,8.0,"The algorithm is efficient and correct, but variable naming could be clearer and the function lacks modularity for reuse.",9.29,True,passed,outputs_grok_prompt_v3\reports\static_analysis\pylint\HumanEval_59__self_refine__sample0__initial_pylint.txt,outputs_grok_prompt_v3\reports\static_analysis\bandit\HumanEval_59__self_refine__sample0__initial_bandit.json,outputs_grok_prompt_v3\reports\static_analysis\bandit\HumanEval_59__self_refine__sample0__initial_bandit.stderr.txt,False
HumanEval/60,sum_to_n,zero_shot,0,"def sum_to_n(n: int) -> int:
    if n == 0:
        return 1
    return n * (n + 1) // 2",raw_generations/HumanEval_60/zero_shot_sample0.py,,,True,,2.5,0,2.0,2,75.3904566483311,outputs_grok_prompt_v3\reports\static_analysis\pylint\HumanEval_60__zero_shot__sample0__final_pylint.txt,outputs_grok_prompt_v3\reports\static_analysis\bandit\HumanEval_60__zero_shot__sample0__final_bandit.json,outputs_grok_prompt_v3\reports\static_analysis\bandit\HumanEval_60__zero_shot__sample0__final_bandit.stderr.txt,False,assertion_failed: ,8.0,7.0,5.0,10.0,8.0,6.0,"The code is efficient and readable, but incorrect for n=0 (should return 0, not 1) and the docstring examples are misleading.",,,,,,,
HumanEval/60,sum_to_n,constraint_guided,0,"""""""Utility functions for numeric computations.""""""

def sum_to_n(n: int) -> int:
    """"""
    sum_to_n is a function that sums numbers from 1 to n.

    Examples:
        >>> sum_to_n(5)
        15
        >>> sum_to_n(10)
        55
        >>> sum_to_n(1)
        1
        >>> sum_to_n(0)
        1
    """"""
    if n < 1:
        return 1
    return n * (n + 1) // 2",raw_generations/HumanEval_60/constraint_guided_sample0.py,,,True,,7.5,0,2.0,2,59.04308815533911,outputs_grok_prompt_v3\reports\static_analysis\pylint\HumanEval_60__constraint_guided__sample0__final_pylint.txt,outputs_grok_prompt_v3\reports\static_analysis\bandit\HumanEval_60__constraint_guided__sample0__final_bandit.json,outputs_grok_prompt_v3\reports\static_analysis\bandit\HumanEval_60__constraint_guided__sample0__final_bandit.stderr.txt,False,assertion_failed: ,8.0,8.0,5.0,9.0,7.0,6.0,The function uses an efficient formula but incorrectly returns 1 for n<1 instead of handling edge cases properly.,,,,,,,
HumanEval/60,sum_to_n,structured_cot,0,"""""""Sum numbers from 1 to n.""""""
def sum_to_n(n: int) -> int:
    """"""Sum numbers from 1 to n.
    Examples:
        >>> sum_to_n(5)
        15
        >>> sum_to_n(10)
        55
        >>> sum_to_n(1)
        1
        >>> sum_to_n(0)
        1
    """"""
    return 1 if n < 1 else n * (n + 1) // 2",raw_generations/HumanEval_60/structured_cot_sample0.py,,,True,,5.0,0,2.0,2,46.60875640764346,outputs_grok_prompt_v3\reports\static_analysis\pylint\HumanEval_60__structured_cot__sample0__final_pylint.txt,outputs_grok_prompt_v3\reports\static_analysis\bandit\HumanEval_60__structured_cot__sample0__final_bandit.json,outputs_grok_prompt_v3\reports\static_analysis\bandit\HumanEval_60__structured_cot__sample0__final_bandit.stderr.txt,False,assertion_failed: ,8.0,9.0,5.0,10.0,9.0,6.0,"The code is efficient and Pythonic, but it incorrectly returns 1 for n=0 instead of 0, contradicting the mathematical definition of summing from 1 to n.",,,,,,,
HumanEval/60,sum_to_n,self_refine,0,"def sum_to_n(n: int) -> int:
    """"""
    sum_to_n is a function that sums numbers from 1 to n.

    Examples:
        >>> sum_to_n(5)
        15
        >>> sum_to_n(10)
        55
        >>> sum_to_n(1)
        1
        >>> sum_to_n(0)
        1
    """"""
    if n <= 0:
        m = -n
        return 1 - m * (m + 1) // 2
    return n * (n + 1) // 2",raw_generations/HumanEval_60/self_refine_sample0.py,"""""""Provides a function to sum integers from 1 to n.""""""

def sum_to_n(n: int) -> int:
    """"""
    sum_to_n is a function that sums numbers from 1 to n.

    Examples:
        >>> sum_to_n(5)
        15
        >>> sum_to_n(10)
        55
        >>> sum_to_n(1)
        1
        >>> sum_to_n(0)
        1
    """"""
    if n < 1:
        return 0
    return n * (n + 1) // 2",raw_generations/HumanEval_60/self_refine_sample0_initial.py,True,,6.0,0,2.0,2,66.63300989827442,outputs_grok_prompt_v3\reports\static_analysis\pylint\HumanEval_60__self_refine__sample0__final_pylint.txt,outputs_grok_prompt_v3\reports\static_analysis\bandit\HumanEval_60__self_refine__sample0__final_bandit.json,outputs_grok_prompt_v3\reports\static_analysis\bandit\HumanEval_60__self_refine__sample0__final_bandit.stderr.txt,True,passed,7.0,5.0,6.0,9.0,7.0,6.0,"The code has an incorrect edge case for n=0 (should return 0, not 1) and uses overly clever negative handling that reduces maintainability, though it's efficient and mostly readable.",7.5,False,assertion_failed: ,outputs_grok_prompt_v3\reports\static_analysis\pylint\HumanEval_60__self_refine__sample0__initial_pylint.txt,outputs_grok_prompt_v3\reports\static_analysis\bandit\HumanEval_60__self_refine__sample0__initial_bandit.json,outputs_grok_prompt_v3\reports\static_analysis\bandit\HumanEval_60__self_refine__sample0__initial_bandit.stderr.txt,True
HumanEval/61,correct_bracketing,zero_shot,0,"def correct_bracketing(brackets: str) -> bool:
    count = 0
    for char in brackets:
        if char == ""("":
            count += 1
        elif char == "")"":
            count -= 1
        if count < 0:
            return False
    return count == 0",raw_generations/HumanEval_61/zero_shot_sample0.py,,,True,,7.0,0,5.0,5,65.07330552638736,outputs_grok_prompt_v3\reports\static_analysis\pylint\HumanEval_61__zero_shot__sample0__final_pylint.txt,outputs_grok_prompt_v3\reports\static_analysis\bandit\HumanEval_61__zero_shot__sample0__final_bandit.json,outputs_grok_prompt_v3\reports\static_analysis\bandit\HumanEval_61__zero_shot__sample0__final_bandit.stderr.txt,True,passed,9.0,9.0,10.0,10.0,9.0,9.0,"The code is clean, efficient, and correctly handles all edge cases for bracket matching.",,,,,,,
HumanEval/61,correct_bracketing,constraint_guided,0,"""""""Check correctness of bracket sequences.""""""

def correct_bracketing(brackets: str) -> bool:
    """"""
    brackets is a string of ""("" and "")"".
    Check if every opening bracket has a corresponding closing bracket.
    """"""
    balance = 0
    for char in brackets:
        if char == ""("":
            balance += 1
        elif char == "")"":
            balance -= 1
            if balance < 0:
                return False
    return balance == 0",raw_generations/HumanEval_61/constraint_guided_sample0.py,,,True,,9.0,0,5.0,5,91.60081886432937,outputs_grok_prompt_v3\reports\static_analysis\pylint\HumanEval_61__constraint_guided__sample0__final_pylint.txt,outputs_grok_prompt_v3\reports\static_analysis\bandit\HumanEval_61__constraint_guided__sample0__final_bandit.json,outputs_grok_prompt_v3\reports\static_analysis\bandit\HumanEval_61__constraint_guided__sample0__final_bandit.stderr.txt,True,passed,9.0,9.0,10.0,10.0,9.0,9.0,"Clean, efficient implementation with proper early termination for invalid sequences, though could benefit from a docstring example.",,,,,,,
HumanEval/61,correct_bracketing,structured_cot,0,"""""""Check whether a string of brackets is correctly matched.""""""

def correct_bracketing(brackets: str) -> bool:
    """"""
    brackets is a string of ""("" and "")"".
    Check if every opening bracket has a corresponding closing bracket.

    Examples:
        >>> correct_bracketing(""("")
        False
        >>> correct_bracketing(""()"")
        True
        >>> correct_bracketing(""(()())"")
        True
        >>> correct_bracketing("")(()"")
        False
    """"""
    count = 0
    for char in brackets:
        if char == ""("":
            count += 1
        elif char == "")"":
            count -= 1
        if count < 0:
            return False
    return count == 0",raw_generations/HumanEval_61/structured_cot_sample0.py,,,True,,9.0,0,5.0,5,83.89021496317982,outputs_grok_prompt_v3\reports\static_analysis\pylint\HumanEval_61__structured_cot__sample0__final_pylint.txt,outputs_grok_prompt_v3\reports\static_analysis\bandit\HumanEval_61__structured_cot__sample0__final_bandit.json,outputs_grok_prompt_v3\reports\static_analysis\bandit\HumanEval_61__structured_cot__sample0__final_bandit.stderr.txt,True,passed,9.0,9.0,10.0,10.0,9.0,9.0,"Clean, efficient, and correct implementation with excellent readability and proper handling of edge cases.",,,,,,,
HumanEval/61,correct_bracketing,self_refine,0,"""""""Utilities for validating bracket sequences.""""""

def correct_bracketing(brackets: str) -> bool:
    """"""
    brackets is a string of ""("" and "")"".
    Check if every opening bracket has a corresponding closing bracket.

    Examples:
        >>> correct_bracketing(""("")
        False
        >>> correct_bracketing(""()"")
        True
        >>> correct_bracketing(""(()())"")
        True
        >>> correct_bracketing("")(()"")
        False
    """"""
    balance = 0
    for char in brackets:
        if char == ""("":
            balance += 1
        elif char == "")"":
            balance -= 1
            if balance < 0:
                return False
    return balance == 0",raw_generations/HumanEval_61/self_refine_sample0.py,"""""""Utilities for validating bracket sequences.""""""

def correct_bracketing(brackets: str) -> bool:
    """"""
    brackets is a string of ""("" and "")"".
    Check if every opening bracket has a corresponding closing bracket.

    Examples:
        >>> correct_bracketing(""("")
        False
        >>> correct_bracketing(""()"")
        True
        >>> correct_bracketing(""(()())"")
        True
        >>> correct_bracketing("")(()"")
        False
    """"""
    balance = 0
    for char in brackets:
        if char == ""("":
            balance += 1
        elif char == "")"":
            balance -= 1
            if balance < 0:
                return False
    return balance == 0",raw_generations/HumanEval_61/self_refine_sample0_initial.py,True,,9.0,0,5.0,5,83.89021496317982,outputs_grok_prompt_v3\reports\static_analysis\pylint\HumanEval_61__self_refine__sample0__final_pylint.txt,outputs_grok_prompt_v3\reports\static_analysis\bandit\HumanEval_61__self_refine__sample0__final_bandit.json,outputs_grok_prompt_v3\reports\static_analysis\bandit\HumanEval_61__self_refine__sample0__final_bandit.stderr.txt,True,passed,9.0,8.0,10.0,10.0,9.0,9.0,"Clean, efficient, and correct implementation with excellent readability and proper early termination for invalid sequences.",9.0,True,passed,outputs_grok_prompt_v3\reports\static_analysis\pylint\HumanEval_61__self_refine__sample0__initial_pylint.txt,outputs_grok_prompt_v3\reports\static_analysis\bandit\HumanEval_61__self_refine__sample0__initial_bandit.json,outputs_grok_prompt_v3\reports\static_analysis\bandit\HumanEval_61__self_refine__sample0__initial_bandit.stderr.txt,False
HumanEval/62,derivative,zero_shot,0,"def derivative(xs: List[int]) -> List[int]:
    return [i * xs[i] for i in range(1, len(xs))]",raw_generations/HumanEval_62/zero_shot_sample0.py,,,True,,0.0,0,2.0,2,88.42299174457497,outputs_grok_prompt_v3\reports\static_analysis\pylint\HumanEval_62__zero_shot__sample0__final_pylint.txt,outputs_grok_prompt_v3\reports\static_analysis\bandit\HumanEval_62__zero_shot__sample0__final_bandit.json,outputs_grok_prompt_v3\reports\static_analysis\bandit\HumanEval_62__zero_shot__sample0__final_bandit.stderr.txt,True,passed,8.0,-1.0,5.0,9.0,7.0,5.0,"The code is concise and efficient but fails to handle edge cases like empty lists or constant polynomials correctly, and lacks proper error handling.",,,,,,,
HumanEval/62,derivative,constraint_guided,0,"""""""Compute polynomial derivatives from coefficient lists.""""""

from typing import List


def derivative(coefficients: List[int]) -> List[int]:
    """"""
    xs represents the coefficients of a polynomial:
    xs[0] + xs[1] * x + xs[2] * x^2 + ....
    Return the derivative of this polynomial in the same form.

    Examples:
        >>> derivative([3, 1, 2, 4, 5])
        [1, 4, 12, 20]
        >>> derivative([1, 2, 3])
        [2, 6]
    """"""
    if len(coefficients) <= 1:
        return []
    return [i * coefficients[i] for i in range(1, len(coefficients))]",raw_generations/HumanEval_62/constraint_guided_sample0.py,,,True,,8.0,0,3.0,3,78.95543266575442,outputs_grok_prompt_v3\reports\static_analysis\pylint\HumanEval_62__constraint_guided__sample0__final_pylint.txt,outputs_grok_prompt_v3\reports\static_analysis\bandit\HumanEval_62__constraint_guided__sample0__final_bandit.json,outputs_grok_prompt_v3\reports\static_analysis\bandit\HumanEval_62__constraint_guided__sample0__final_bandit.stderr.txt,True,passed,9.0,8.0,9.0,10.0,9.0,9.0,"Clean, efficient, and correct implementation with minor naming inconsistency between docstring and function.",,,,,,,
HumanEval/62,derivative,structured_cot,0,"from typing import List


""""""Compute the derivative of a polynomial represented by its coefficients.""""""


def derivative(xs: List[int]) -> List[int]:
    """"""
    xs represents the coefficients of a polynomial:
    xs[0] + xs[1] * x + xs[2] * x^2 + ....
    Return the derivative of this polynomial in the same form.

    Examples:
        >>> derivative([3, 1, 2, 4, 5])
        [1, 4, 12, 20]
        >>> derivative([1, 2, 3])
        [2, 6]
    """"""
    return [i * coeff for i, coeff in enumerate(xs[1:], start=1)]",raw_generations/HumanEval_62/structured_cot_sample0.py,,,True,,2.5,0,2.0,2,60.518350018850725,outputs_grok_prompt_v3\reports\static_analysis\pylint\HumanEval_62__structured_cot__sample0__final_pylint.txt,outputs_grok_prompt_v3\reports\static_analysis\bandit\HumanEval_62__structured_cot__sample0__final_bandit.json,outputs_grok_prompt_v3\reports\static_analysis\bandit\HumanEval_62__structured_cot__sample0__final_bandit.stderr.txt,True,passed,9.0,9.0,10.0,10.0,10.0,9.0,"Excellent implementation: concise, efficient, and perfectly Pythonic with proper handling of polynomial derivative rules.",,,,,,,
HumanEval/62,derivative,self_refine,0,"""""""Compute derivatives of polynomials given by coefficient lists.""""""

from typing import List


def derivative(xs: List[int]) -> List[int]:
    """"""
    xs represents the coefficients of a polynomial:
    xs[0] + xs[1] * x + xs[2] * x^2 + ....
    Return the derivative of this polynomial in the same form.

    Examples:
        >>> derivative([3, 1, 2, 4, 5])
        [1, 4, 12, 20]
        >>> derivative([1, 2, 3])
        [2, 6]
    """"""
    if len(xs) <= 1:
        return []
    return [i * coeff for i, coeff in enumerate(xs[1:], start=1)]",raw_generations/HumanEval_62/self_refine_sample0.py,"""""""Compute derivatives of polynomials given by coefficient lists.""""""

from typing import List


def derivative(xs: List[int]) -> List[int]:
    """"""
    xs represents the coefficients of a polynomial:
    xs[0] + xs[1] * x + xs[2] * x^2 + ....
    Return the derivative of this polynomial in the same form.

    Examples:
        >>> derivative([3, 1, 2, 4, 5])
        [1, 4, 12, 20]
        >>> derivative([1, 2, 3])
        [2, 6]
    """"""
    if len(xs) <= 1:
        return []
    return [i * coeff for i, coeff in enumerate(xs[1:], start=1)]",raw_generations/HumanEval_62/self_refine_sample0_initial.py,True,,8.0,0,3.0,3,77.69039841983789,outputs_grok_prompt_v3\reports\static_analysis\pylint\HumanEval_62__self_refine__sample0__final_pylint.txt,outputs_grok_prompt_v3\reports\static_analysis\bandit\HumanEval_62__self_refine__sample0__final_bandit.json,outputs_grok_prompt_v3\reports\static_analysis\bandit\HumanEval_62__self_refine__sample0__final_bandit.stderr.txt,True,passed,9.0,9.0,10.0,10.0,10.0,9.0,"Excellent, clean, and efficient implementation that correctly handles edge cases and uses Pythonic idioms.",8.0,True,passed,outputs_grok_prompt_v3\reports\static_analysis\pylint\HumanEval_62__self_refine__sample0__initial_pylint.txt,outputs_grok_prompt_v3\reports\static_analysis\bandit\HumanEval_62__self_refine__sample0__initial_bandit.json,outputs_grok_prompt_v3\reports\static_analysis\bandit\HumanEval_62__self_refine__sample0__initial_bandit.stderr.txt,False
HumanEval/63,fibfib,zero_shot,0,"def fibfib(n: int) -> int:
    if n <= 1:
        return 0
    if n == 2:
        return 1
    a, b, c = 0, 0, 1
    for _ in range(3, n + 1):
        a, b, c = b, c, a + b + c
    return c",raw_generations/HumanEval_63/zero_shot_sample0.py,,,True,,6.67,0,4.0,4,66.76038882988756,outputs_grok_prompt_v3\reports\static_analysis\pylint\HumanEval_63__zero_shot__sample0__final_pylint.txt,outputs_grok_prompt_v3\reports\static_analysis\bandit\HumanEval_63__zero_shot__sample0__final_bandit.json,outputs_grok_prompt_v3\reports\static_analysis\bandit\HumanEval_63__zero_shot__sample0__final_bandit.stderr.txt,True,passed,9.0,9.0,10.0,10.0,9.0,9.0,"Excellent implementation with clear variable names, optimal O(n) time and O(1) space complexity, and proper handling of base cases and edge conditions.",,,,,,,
HumanEval/63,fibfib,constraint_guided,0,"""""""Compute elements of the FibFib sequence.""""""

def fibfib(n: int) -> int:
    """"""Compute the n-th element of the FibFib sequence efficiently.""""""
    if n < 2:
        return 0
    if n == 2:
        return 1

    prev3 = 0
    prev2 = 0
    prev1 = 1
    for _ in range(3, n + 1):
        current = prev1 + prev2 + prev3
        prev3 = prev2
        prev2 = prev1
        prev1 = current
    return prev1",raw_generations/HumanEval_63/constraint_guided_sample0.py,,,True,,9.29,0,4.0,4,61.309570615011715,outputs_grok_prompt_v3\reports\static_analysis\pylint\HumanEval_63__constraint_guided__sample0__final_pylint.txt,outputs_grok_prompt_v3\reports\static_analysis\bandit\HumanEval_63__constraint_guided__sample0__final_bandit.json,outputs_grok_prompt_v3\reports\static_analysis\bandit\HumanEval_63__constraint_guided__sample0__final_bandit.stderr.txt,True,passed,9.0,8.0,9.0,10.0,9.0,9.0,"The code is clean, efficient, and follows Python conventions, but could benefit from a docstring example and explicit handling of negative inputs.",,,,,,,
HumanEval/63,fibfib,structured_cot,0,"""""""Compute FibFib numbers.""""""

def fibfib(n: int) -> int:
    """"""
    The FibFib number sequence is a sequence similar to the Fibbonacci sequnece that's defined as follows:
        fibfib(0) == 0
        fibfib(1) == 0
        fibfib(2) == 1
        fibfib(n) == fibfib(n - 1) + fibfib(n - 2) + fibfib(n - 3)
    Please write a function to efficiently compute the n-th element of the fibfib number sequence.

    Examples:
        >>> fibfib(1)
        0
        >>> fibfib(5)
        4
        >>> fibfib(8)
        24
    """"""
    if n < 2:
        return 0
    if n == 2:
        return 1
    a, b, c = 0, 0, 1
    for _ in range(3, n + 1):
        a, b, c = b, c, a + b + c
    return c",raw_generations/HumanEval_63/structured_cot_sample0.py,,,True,,7.78,0,4.0,4,78.01158547978116,outputs_grok_prompt_v3\reports\static_analysis\pylint\HumanEval_63__structured_cot__sample0__final_pylint.txt,outputs_grok_prompt_v3\reports\static_analysis\bandit\HumanEval_63__structured_cot__sample0__final_bandit.json,outputs_grok_prompt_v3\reports\static_analysis\bandit\HumanEval_63__structured_cot__sample0__final_bandit.stderr.txt,True,passed,9.0,9.0,10.0,10.0,9.0,9.0,"Excellent implementation with optimal O(n) time and O(1) space complexity, clear variable names, and proper handling of base cases.",,,,,,,
HumanEval/63,fibfib,self_refine,0,"""""""Compute FibFib sequence numbers efficiently.""""""

def fibfib(n: int) -> int:
    """"""
    The FibFib number sequence is a sequence similar to the Fibbonacci
    sequnece that's defined as follows:
        fibfib(0) == 0
        fibfib(1) == 0
        fibfib(2) == 1
        fibfib(n) == fibfib(n - 1) + fibfib(n - 2) + fibfib(n - 3)
    Please write a function to efficiently compute the n-th element of the fibfib number sequence.
    """"""
    if n < 2:
        return 0
    if n == 2:
        return 1

    prev3, prev2, prev1 = 0, 0, 1
    for _ in range(3, n + 1):
        current = prev1 + prev2 + prev3
        prev3, prev2, prev1 = prev2, prev1, current
    return prev1",raw_generations/HumanEval_63/self_refine_sample0.py,"""""""Compute FibFib sequence numbers efficiently.""""""

def fibfib(n: int) -> int:
    """"""
    The FibFib number sequence is a sequence similar to the Fibbonacci sequnece that's defined as follows:
        fibfib(0) == 0
        fibfib(1) == 0
        fibfib(2) == 1
        fibfib(n) == fibfib(n - 1) + fibfib(n - 2) + fibfib(n - 3)
    Please write a function to efficiently compute the n-th element of the fibfib number sequence.
    """"""
    if n < 2:
        return 0
    if n == 2:
        return 1

    prev3, prev2, prev1 = 0, 0, 1
    for _ in range(3, n + 1):
        current = prev1 + prev2 + prev3
        prev3, prev2, prev1 = prev2, prev1, current
    return prev1",raw_generations/HumanEval_63/self_refine_sample0_initial.py,True,,9.0,0,4.0,4,91.023744929728,outputs_grok_prompt_v3\reports\static_analysis\pylint\HumanEval_63__self_refine__sample0__final_pylint.txt,outputs_grok_prompt_v3\reports\static_analysis\bandit\HumanEval_63__self_refine__sample0__final_bandit.json,outputs_grok_prompt_v3\reports\static_analysis\bandit\HumanEval_63__self_refine__sample0__final_bandit.stderr.txt,True,passed,9.0,9.0,10.0,10.0,9.0,9.0,"Excellent implementation with clear variable names, efficient iterative solution, and proper handling of base cases.",8.0,True,passed,outputs_grok_prompt_v3\reports\static_analysis\pylint\HumanEval_63__self_refine__sample0__initial_pylint.txt,outputs_grok_prompt_v3\reports\static_analysis\bandit\HumanEval_63__self_refine__sample0__initial_bandit.json,outputs_grok_prompt_v3\reports\static_analysis\bandit\HumanEval_63__self_refine__sample0__initial_bandit.stderr.txt,True
HumanEval/64,vowels_count,zero_shot,0,"def vowels_count(s: str) -> int:
    if not s:
        return 0
    vowels = 'aeiou'
    count = 0
    last_alpha = None
    for char in s:
        c = char.lower()
        if c.isalpha():
            last_alpha = c
            if c in vowels:
                count += 1
    if last_alpha == 'y':
        count += 1
    return count",raw_generations/HumanEval_64/zero_shot_sample0.py,,,True,,8.0,0,6.0,6,61.738448099366686,outputs_grok_prompt_v3\reports\static_analysis\pylint\HumanEval_64__zero_shot__sample0__final_pylint.txt,outputs_grok_prompt_v3\reports\static_analysis\bandit\HumanEval_64__zero_shot__sample0__final_bandit.json,outputs_grok_prompt_v3\reports\static_analysis\bandit\HumanEval_64__zero_shot__sample0__final_bandit.stderr.txt,False,assertion_failed: ,8.0,7.0,6.0,8.0,7.0,7.0,"The code is generally readable and efficient, but fails to correctly handle the 'y' vowel rule when 'y' is preceded by non-alphabetic characters, and doesn't properly ignore trailing special characters as specified.",,,,,,,
HumanEval/64,vowels_count,constraint_guided,0,"""""""Module providing vowel counting functionality for words.""""""

def vowels_count(s: str) -> int:
    """"""
    Write a function vowels_count which takes a string representing
    a single word as input and returns the number of vowels in the string.
    Vowels in this case are 'a', 'e', 'i', 'o', 'u'. Here, 'y' is also a
    vowel, but only when it is at the end of the given word. Note, trailing
    special characters or spaces do not matter, however, numbers and letters do effect
    whether 'y' is considered to be the last letter of the word.
    """"""
    if not s:
        return 0
    s_lower = s.lower()
    vowels = set(""aeiou"")
    count = 0
    last_alnum = None
    for char in s_lower:
        if char.isalnum():
            last_alnum = char
            if char in vowels:
                count += 1
    if last_alnum == ""y"":
        count += 1
    return count",raw_generations/HumanEval_64/constraint_guided_sample0.py,,,True,,9.33,0,6.0,6,89.74402676183647,outputs_grok_prompt_v3\reports\static_analysis\pylint\HumanEval_64__constraint_guided__sample0__final_pylint.txt,outputs_grok_prompt_v3\reports\static_analysis\bandit\HumanEval_64__constraint_guided__sample0__final_bandit.json,outputs_grok_prompt_v3\reports\static_analysis\bandit\HumanEval_64__constraint_guided__sample0__final_bandit.stderr.txt,True,passed,8.0,7.0,6.0,8.0,7.0,7.0,"The code handles basic cases but fails on edge cases like 'y' preceded by vowels, and the logic for trailing characters is overly complex.",,,,,,,
HumanEval/64,vowels_count,structured_cot,0,"""""""
Vowel counting utility.
""""""
def vowels_count(s: str) -> int:
    """"""
    Write a function vowels_count which takes a string representing
    a single word as input and returns the number of vowels in the string.
    Vowels in this case are 'a', 'e', 'i', 'o', 'u'. Here, 'y' is also a
    vowel, but only when it is at the end of the given word. Note, trailing
    special characters or spaces do not matter, however, numbers and letters do effect
    whether 'y' is considered to be the last letter of the word.

    Examples:
        >>> vowels_count(""abcde"")
        2
        >>> vowels_count("" ACEDY!"")
        3
    """"""
    lowered = s.lower()
    vowels = set(""aeiou"")
    count = 0
    last_letter = None
    for char in lowered:
        if char.isalpha():
            last_letter = char
            if char in vowels:
                count += 1
    if last_letter == ""y"":
        count += 1
    return count",raw_generations/HumanEval_64/structured_cot_sample0.py,,,True,,9.23,0,5.0,5,84.43577181274341,outputs_grok_prompt_v3\reports\static_analysis\pylint\HumanEval_64__structured_cot__sample0__final_pylint.txt,outputs_grok_prompt_v3\reports\static_analysis\bandit\HumanEval_64__structured_cot__sample0__final_bandit.json,outputs_grok_prompt_v3\reports\static_analysis\bandit\HumanEval_64__structured_cot__sample0__final_bandit.stderr.txt,False,assertion_failed: ,8.0,7.0,6.0,8.0,7.0,7.0,"The code is generally readable and efficient, but fails to correctly handle the specification that trailing special characters/spaces don't matter when determining if 'y' is at the end, and may double-count 'y' if it's already counted as a vowel in the loop.",,,,,,,
HumanEval/64,vowels_count,self_refine,0,"""""""Vowel counting utility for words with special 'y' handling.""""""

def vowels_count(s: str) -> int:
    """"""
    Write a function vowels_count which takes a string representing
    a single word as input and returns the number of vowels in the string.
    Vowels in this case are 'a', 'e', 'i', 'o', 'u'. Here, 'y' is also a
    vowel, but only when it is at the end of the given word. Note, trailing
    special characters or spaces do not matter, however, numbers and letters do effect
    whether 'y' is considered to be the last letter of the word.
    """"""
    vowels = set(""aeiouAEIOU"")
    count = sum(1 for char in s if char in vowels)

    last_letter = None
    for char in reversed(s):
        if char.isalnum():
            last_letter = char.lower()
            break

    if last_letter == ""y"":
        count += 1

    return count",raw_generations/HumanEval_64/self_refine_sample0.py,"""""""Vowel counting utility for words with special 'y' handling.""""""

def vowels_count(s: str) -> int:
    """"""
    Write a function vowels_count which takes a string representing
    a single word as input and returns the number of vowels in the string.
    Vowels in this case are 'a', 'e', 'i', 'o', 'u'. Here, 'y' is also a
    vowel, but only when it is at the end of the given word. Note, trailing
    special characters or spaces do not matter, however, numbers and letters do effect
    whether 'y' is considered to be the last letter of the word.
    """"""
    vowels = set(""aeiouAEIOU"")
    count = sum(1 for char in s if char in vowels)

    last_letter = None
    for char in reversed(s):
        if char.isalpha():
            last_letter = char.lower()
            break

    if last_letter == ""y"":
        count += 1

    return count",raw_generations/HumanEval_64/self_refine_sample0_initial.py,True,,9.09,0,6.0,6,93.38183058451503,outputs_grok_prompt_v3\reports\static_analysis\pylint\HumanEval_64__self_refine__sample0__final_pylint.txt,outputs_grok_prompt_v3\reports\static_analysis\bandit\HumanEval_64__self_refine__sample0__final_bandit.json,outputs_grok_prompt_v3\reports\static_analysis\bandit\HumanEval_64__self_refine__sample0__final_bandit.stderr.txt,True,passed,8.0,7.0,6.0,8.0,8.0,7.0,"The code is readable and efficient but incorrectly handles 'y' at the end when preceded by trailing special characters, and lacks proper handling of mixed-case letters in the main vowel count.",9.09,False,assertion_failed: ,outputs_grok_prompt_v3\reports\static_analysis\pylint\HumanEval_64__self_refine__sample0__initial_pylint.txt,outputs_grok_prompt_v3\reports\static_analysis\bandit\HumanEval_64__self_refine__sample0__initial_bandit.json,outputs_grok_prompt_v3\reports\static_analysis\bandit\HumanEval_64__self_refine__sample0__initial_bandit.stderr.txt,True
HumanEval/65,circular_shift,zero_shot,0,"def circular_shift(x: int, shift: int) -> str:
    s = str(x)
    n = len(s)
    if shift > n:
        return s[::-1]
    return s[-shift:] + s[:-shift]",raw_generations/HumanEval_65/zero_shot_sample0.py,,,True,,5.0,0,2.0,2,69.13377107883912,outputs_grok_prompt_v3\reports\static_analysis\pylint\HumanEval_65__zero_shot__sample0__final_pylint.txt,outputs_grok_prompt_v3\reports\static_analysis\bandit\HumanEval_65__zero_shot__sample0__final_bandit.json,outputs_grok_prompt_v3\reports\static_analysis\bandit\HumanEval_65__zero_shot__sample0__final_bandit.stderr.txt,False,assertion_failed: ,8.0,8.0,9.0,9.0,9.0,8.0,"Clean, efficient implementation with good variable names, though could benefit from slightly more descriptive variable names and explicit handling of negative shifts.",,,,,,,
HumanEval/65,circular_shift,constraint_guided,0,"""""""Utility for performing circular digit shifts on integers.""""""

def circular_shift(x: int, shift: int) -> str:
    """"""Circular shift the digits of the integer x, shift the digits right by shift
    and return the result as a string.
    If shift > number of digits, return digits reversed.
    """"""
    digits = str(x)
    num_digits = len(digits)
    if shift > num_digits:
        return digits[::-1]
    effective_shift = shift % num_digits
    if effective_shift == 0:
        return digits
    return digits[-effective_shift:] + digits[:-effective_shift]",raw_generations/HumanEval_65/constraint_guided_sample0.py,,,True,,8.89,0,3.0,3,91.34185199540046,outputs_grok_prompt_v3\reports\static_analysis\pylint\HumanEval_65__constraint_guided__sample0__final_pylint.txt,outputs_grok_prompt_v3\reports\static_analysis\bandit\HumanEval_65__constraint_guided__sample0__final_bandit.json,outputs_grok_prompt_v3\reports\static_analysis\bandit\HumanEval_65__constraint_guided__sample0__final_bandit.stderr.txt,True,passed,9.0,9.0,10.0,9.0,9.0,9.0,"Well-structured, efficient, and correctly handles edge cases with clear documentation.",,,,,,,
HumanEval/65,circular_shift,structured_cot,0,"""""""Circular digit shift utilities.""""""
def circular_shift(x: int, shift: int) -> str:
    """"""
    Circular shift the digits of the integer x, shift the digits right by shift
    and return the result as a string.
    If shift > number of digits, return digits reversed.

    Examples:
        >>> circular_shift(12, 1)
        ""21""
        >>> circular_shift(12, 2)
        ""12""
    """"""
    s = str(x)
    n = len(s)
    if shift > n:
        return s[::-1]
    return s[-shift:] + s[:-shift]",raw_generations/HumanEval_65/structured_cot_sample0.py,,,True,,8.33,0,2.0,2,80.17206698908164,outputs_grok_prompt_v3\reports\static_analysis\pylint\HumanEval_65__structured_cot__sample0__final_pylint.txt,outputs_grok_prompt_v3\reports\static_analysis\bandit\HumanEval_65__structured_cot__sample0__final_bandit.json,outputs_grok_prompt_v3\reports\static_analysis\bandit\HumanEval_65__structured_cot__sample0__final_bandit.stderr.txt,False,assertion_failed: ,8.0,7.0,6.0,9.0,8.0,7.0,"The code is clean and efficient but fails to handle edge cases like negative shifts or non-positive integers, and the docstring examples don't match the actual behavior for shift > digits.",,,,,,,
HumanEval/65,circular_shift,self_refine,0,"def circular_shift(x: int, shift: int) -> str:
    """"""
    Circular shift the digits of the integer x, shift the digits right by shift
    and return the result as a string.
    If shift > number of digits, return digits reversed.

    Examples:
        >>> circular_shift(12, 1)
        ""21""
        >>> circular_shift(12, 2)
        ""12""
    """"""
    digit_string = str(x)
    num_digits = len(digit_string)

    if shift > num_digits:
        return digit_string[::-1]

    shift = shift % num_digits
    if shift == 0:
        return digit_string

    right_part = digit_string[-shift:]
    left_part = digit_string[:-shift]
    return right_part + left_part",raw_generations/HumanEval_65/self_refine_sample0.py,"""""""Circular digit shift utilities.""""""

def circular_shift(x: int, shift: int) -> str:
    """"""
    Circular shift the digits of the integer x, shift the digits right by shift
    and return the result as a string.
    If shift > number of digits, return digits reversed.

    Examples:
        >>> circular_shift(12, 1)
        ""21""
        >>> circular_shift(12, 2)
        ""12""
    """"""
    digit_string = str(x)
    num_digits = len(digit_string)

    if shift > num_digits:
        return digit_string[::-1]

    if shift == 0:
        return digit_string

    right_part = digit_string[-shift:]
    left_part = digit_string[:-shift]
    return right_part + left_part",raw_generations/HumanEval_65/self_refine_sample0_initial.py,True,,8.18,0,3.0,3,88.25375648025698,outputs_grok_prompt_v3\reports\static_analysis\pylint\HumanEval_65__self_refine__sample0__final_pylint.txt,outputs_grok_prompt_v3\reports\static_analysis\bandit\HumanEval_65__self_refine__sample0__final_bandit.json,outputs_grok_prompt_v3\reports\static_analysis\bandit\HumanEval_65__self_refine__sample0__final_bandit.stderr.txt,True,passed,9.0,9.0,10.0,9.0,9.0,9.0,"Clean, efficient implementation with proper edge case handling and good use of Python slicing.",9.0,False,assertion_failed: ,outputs_grok_prompt_v3\reports\static_analysis\pylint\HumanEval_65__self_refine__sample0__initial_pylint.txt,outputs_grok_prompt_v3\reports\static_analysis\bandit\HumanEval_65__self_refine__sample0__initial_bandit.json,outputs_grok_prompt_v3\reports\static_analysis\bandit\HumanEval_65__self_refine__sample0__initial_bandit.stderr.txt,True
HumanEval/66,digitSum,zero_shot,0,"def digitSum(s: str) -> int:
    return sum(ord(c) for c in s if c.isupper())",raw_generations/HumanEval_66/zero_shot_sample0.py,,,True,,0.0,0,3.0,3,100.0,outputs_grok_prompt_v3\reports\static_analysis\pylint\HumanEval_66__zero_shot__sample0__final_pylint.txt,outputs_grok_prompt_v3\reports\static_analysis\bandit\HumanEval_66__zero_shot__sample0__final_bandit.json,outputs_grok_prompt_v3\reports\static_analysis\bandit\HumanEval_66__zero_shot__sample0__final_bandit.stderr.txt,True,passed,9.0,9.0,10.0,10.0,10.0,9.0,"Excellent, concise, and idiomatic solution that perfectly matches the specification with clear naming and efficient implementation.",,,,,,,
HumanEval/66,digitSum,constraint_guided,0,"""""""Compute sum of ASCII codes for uppercase characters in a string.""""""

def digitSum(s: str) -> int:
    """"""Take a string as input and return the sum of the the ASCII codes from upper characters only.

    Examples:
        digitSum("""") => 0
        digitSum(""abAB"") => 131
        digitSum(""abcCd"") => 67
        digitSum(""helloE"") => 69
        digitSum(""woArBld"") => 131
        digitSum(""aAaaaXa"") => 153
    """"""
    return sum(ord(char) for char in s if char.isupper())",raw_generations/HumanEval_66/constraint_guided_sample0.py,,,True,,0.0,0,3.0,3,100.0,outputs_grok_prompt_v3\reports\static_analysis\pylint\HumanEval_66__constraint_guided__sample0__final_pylint.txt,outputs_grok_prompt_v3\reports\static_analysis\bandit\HumanEval_66__constraint_guided__sample0__final_bandit.json,outputs_grok_prompt_v3\reports\static_analysis\bandit\HumanEval_66__constraint_guided__sample0__final_bandit.stderr.txt,True,passed,9.0,9.0,10.0,10.0,10.0,9.0,"Excellent implementation: concise, efficient, and fully correct with clear documentation.",,,,,,,
HumanEval/66,digitSum,structured_cot,0,"""""""Sum ASCII codes of uppercase characters in a string.""""""

def digitSum(s: str) -> int:
    """"""
    Take a string as input and return the sum of the the ASCII codes from upper characters only.

    Examples:
        digitSum("""") => 0
        digitSum(""abAB"") => 131
        digitSum(""abcCd"") => 67
        digitSum(""helloE"") => 69
        digitSum(""woArBld"") => 131
        digitSum(""aAaaaXa"") => 153
    """"""
    return sum(ord(c) for c in s if c.isupper())",raw_generations/HumanEval_66/structured_cot_sample0.py,,,True,,0.0,0,3.0,3,100.0,outputs_grok_prompt_v3\reports\static_analysis\pylint\HumanEval_66__structured_cot__sample0__final_pylint.txt,outputs_grok_prompt_v3\reports\static_analysis\bandit\HumanEval_66__structured_cot__sample0__final_bandit.json,outputs_grok_prompt_v3\reports\static_analysis\bandit\HumanEval_66__structured_cot__sample0__final_bandit.stderr.txt,True,passed,9.0,9.0,10.0,9.0,10.0,9.0,"Clean, efficient, and idiomatic Python code that perfectly implements the specification with a concise generator expression.",,,,,,,
HumanEval/66,digitSum,self_refine,0,"""""""Utility for summing ASCII values of uppercase characters.""""""

def digitSum(s: str) -> int:
    """"""
    Take a string as input and return the sum of the the ASCII codes from upper characters only.

    Examples:
        digitSum("""") => 0
        digitSum(""abAB"") => 131
        digitSum(""abcCd"") => 67
        digitSum(""helloE"") => 69
        digitSum(""woArBld"") => 131
        digitSum(""aAaaaXa"") => 153
    """"""
    ascii_sum = 0
    for char in s:
        if char.isupper():
            ascii_sum += ord(char)
    return ascii_sum",raw_generations/HumanEval_66/self_refine_sample0.py,"""""""Utility for summing ASCII values of uppercase characters.""""""

def digitSum(s: str) -> int:
    """"""
    Take a string as input and return the sum of the the ASCII codes from upper characters only.

    Examples:
        digitSum("""") => 0
        digitSum(""abAB"") => 131
        digitSum(""abcCd"") => 67
        digitSum(""helloE"") => 69
        digitSum(""woArBld"") => 131
        digitSum(""aAaaaXa"") => 153
    """"""
    ascii_sum = 0
    for char in s:
        if char.isupper():
            ascii_sum += ord(char)
    return ascii_sum",raw_generations/HumanEval_66/self_refine_sample0_initial.py,True,,6.67,0,3.0,3,88.30746126952393,outputs_grok_prompt_v3\reports\static_analysis\pylint\HumanEval_66__self_refine__sample0__final_pylint.txt,outputs_grok_prompt_v3\reports\static_analysis\bandit\HumanEval_66__self_refine__sample0__final_bandit.json,outputs_grok_prompt_v3\reports\static_analysis\bandit\HumanEval_66__self_refine__sample0__final_bandit.stderr.txt,True,passed,9.0,9.0,10.0,9.0,9.0,9.0,"Clean, efficient, and correct implementation with excellent readability and adherence to Pythonic conventions.",6.67,True,passed,outputs_grok_prompt_v3\reports\static_analysis\pylint\HumanEval_66__self_refine__sample0__initial_pylint.txt,outputs_grok_prompt_v3\reports\static_analysis\bandit\HumanEval_66__self_refine__sample0__initial_bandit.json,outputs_grok_prompt_v3\reports\static_analysis\bandit\HumanEval_66__self_refine__sample0__initial_bandit.stderr.txt,False
HumanEval/67,fruit_distribution,zero_shot,0,"def fruit_distribution(s: str, n: int) -> int:
    parts = s.split()
    apples = int(parts[0])
    oranges = int(parts[3])
    return n - apples - oranges",raw_generations/HumanEval_67/zero_shot_sample0.py,,,True,,4.0,0,1.0,1,76.60788737769361,outputs_grok_prompt_v3\reports\static_analysis\pylint\HumanEval_67__zero_shot__sample0__final_pylint.txt,outputs_grok_prompt_v3\reports\static_analysis\bandit\HumanEval_67__zero_shot__sample0__final_bandit.json,outputs_grok_prompt_v3\reports\static_analysis\bandit\HumanEval_67__zero_shot__sample0__final_bandit.stderr.txt,True,passed,6.0,4.0,7.0,9.0,5.0,6.0,"The code is simple and efficient but fragile due to hardcoded indices and lack of robust parsing, making it error-prone for varied input formats.",,,,,,,
HumanEval/67,fruit_distribution,constraint_guided,0,"""""""Solution to the fruit distribution problem.""""""

def fruit_distribution(s: str, n: int) -> int:
    """"""
    In this task, you will be given a string that represents a number of apples and oranges
    that are distributed in a basket of fruit this basket contains
    apples, oranges, and mango fruits. Given the string, that represents the total number of
    the oranges and apples, and an integer that represent the total number of the fruits
    in the basket, return the number of the mango fruits in the basket.

    For example:
        fruit_distribution(""5 apples and 6 oranges"", 19) -> 19 - 5 - 6 = 8
        fruit_distribution(""0 apples and 1 orange"", 3) -> 3 - 0 - 1 = 2
        fruit_distribution(""2 apples and 3 oranges"", 100) -> 100 - 2 - 3 = 95
        fruit_distribution(""100 apples and 1 orange"", 120) -> 120 - 100 - 1 = 19
    """"""
    words = s.split()
    apples_count = int(words[0])
    oranges_count = int(words[3])
    mangoes_count = n - apples_count - oranges_count
    return mangoes_count",raw_generations/HumanEval_67/constraint_guided_sample0.py,,,True,,8.33,0,1.0,1,78.2857364574805,outputs_grok_prompt_v3\reports\static_analysis\pylint\HumanEval_67__constraint_guided__sample0__final_pylint.txt,outputs_grok_prompt_v3\reports\static_analysis\bandit\HumanEval_67__constraint_guided__sample0__final_bandit.json,outputs_grok_prompt_v3\reports\static_analysis\bandit\HumanEval_67__constraint_guided__sample0__final_bandit.stderr.txt,True,passed,7.0,5.0,6.0,9.0,5.0,6.0,The code works for the given examples but is fragile due to hardcoded indices and lacks robustness for varied input formats.,,,,,,,
HumanEval/67,fruit_distribution,structured_cot,0,"""""""Fruit basket distribution utilities.""""""

import re


def fruit_distribution(s: str, n: int) -> int:
    """"""
    In this task, you will be given a string that represents a number of apples and oranges
    that are distributed in a basket of fruit this basket contains
    apples, oranges, and mango fruits. Given the string, that represents the total number of
    the oranges and apples, and an integer that represent the total number of the fruits
    in the basket, return the number of the mango fruits in the basket.

    For example:
        fruit_distribution(""5 apples and 6 oranges"", 19) -> 19 - 5 - 6 = 8
        fruit_distribution(""0 apples and 1 orange"", 3) -> 3 - 0 - 1 = 2
        fruit_distribution(""2 apples and 3 oranges"", 100) -> 100 - 2 - 3 = 95
        fruit_distribution(""100 apples and 1 orange"", 120) -> 120 - 100 - 1 = 19
    """"""
    apples, oranges = map(int, re.findall(r""\d+"", s))
    return n - apples - oranges",raw_generations/HumanEval_67/structured_cot_sample0.py,,,True,,7.5,0,1.0,1,62.232080790268526,outputs_grok_prompt_v3\reports\static_analysis\pylint\HumanEval_67__structured_cot__sample0__final_pylint.txt,outputs_grok_prompt_v3\reports\static_analysis\bandit\HumanEval_67__structured_cot__sample0__final_bandit.json,outputs_grok_prompt_v3\reports\static_analysis\bandit\HumanEval_67__structured_cot__sample0__final_bandit.stderr.txt,True,passed,-1.0,-1.0,-1.0,-1.0,-1.0,-1.0,"The code is broken; it fails to handle the singular 'orange' case in the input string, leading to incorrect extraction of numbers.",,,,,,,
HumanEval/67,fruit_distribution,self_refine,0,"""""""Utility for computing mango count from fruit distribution strings.""""""

def fruit_distribution(s: str, n: int) -> int:
    """"""
    In this task, you will be given a string that represents a number of apples and oranges 
    that are distributed in a basket of fruit this basket contains 
    apples, oranges, and mango fruits. Given the string, that represents the total number of 
    the oranges and apples, and an integer that represent the total number of the fruits 
    in the basket, return the number of the mango fruits in the basket.

    For example:
        fruit_distribution(""5 apples and 6 oranges"", 19) -> 19 - 5 - 6 = 8
        fruit_distribution(""0 apples and 1 orange"", 3) -> 3 - 0 - 1 = 2
        fruit_distribution(""2 apples and 3 oranges"", 100) -> 100 - 2 - 3 = 95
        fruit_distribution(""100 apples and 1 orange"", 120) -> 120 - 100 - 1 = 19
    """"""
    tokens = s.split()
    apple_count = int(tokens[0])
    orange_count = int(tokens[3])
    return n - apple_count - orange_count",raw_generations/HumanEval_67/self_refine_sample0.py,"""""""Utility for computing mango count from fruit distribution strings.""""""

def fruit_distribution(s: str, n: int) -> int:
    """"""
    In this task, you will be given a string that represents a number of apples and oranges 
    that are distributed in a basket of fruit this basket contains 
    apples, oranges, and mango fruits. Given the string, that represents the total number of 
    the oranges and apples, and an integer that represent the total number of the fruits 
    in the basket, return the number of the mango fruits in the basket.

    For example:
        fruit_distribution(""5 apples and 6 oranges"", 19) -> 19 - 5 - 6 = 8
        fruit_distribution(""0 apples and 1 orange"", 3) -> 3 - 0 - 1 = 2
        fruit_distribution(""2 apples and 3 oranges"", 100) -> 100 - 2 - 3 = 95
        fruit_distribution(""100 apples and 1 orange"", 120) -> 120 - 100 - 1 = 19
    """"""
    tokens = s.split()
    apple_count = int(tokens[0])
    orange_count = int(tokens[3])
    return n - apple_count - orange_count",raw_generations/HumanEval_67/self_refine_sample0_initial.py,True,,8.0,0,1.0,1,71.42012876355048,outputs_grok_prompt_v3\reports\static_analysis\pylint\HumanEval_67__self_refine__sample0__final_pylint.txt,outputs_grok_prompt_v3\reports\static_analysis\bandit\HumanEval_67__self_refine__sample0__final_bandit.json,outputs_grok_prompt_v3\reports\static_analysis\bandit\HumanEval_67__self_refine__sample0__final_bandit.stderr.txt,True,passed,8.0,6.0,7.0,9.0,6.0,7.0,"The code is simple and efficient but fragile; it assumes a fixed string format without validation or robust parsing, which reduces correctness and maintainability.",8.0,True,passed,outputs_grok_prompt_v3\reports\static_analysis\pylint\HumanEval_67__self_refine__sample0__initial_pylint.txt,outputs_grok_prompt_v3\reports\static_analysis\bandit\HumanEval_67__self_refine__sample0__initial_bandit.json,outputs_grok_prompt_v3\reports\static_analysis\bandit\HumanEval_67__self_refine__sample0__initial_bandit.stderr.txt,False
HumanEval/68,pluck,zero_shot,0,"def pluck(arr: List[int]) -> List[int]:
    if not arr:
        return []
    smallest_even = None
    idx = -1
    for i, num in enumerate(arr):
        if num % 2 == 0:
            if smallest_even is None or num < smallest_even:
                smallest_even = num
                idx = i
    if smallest_even is None:
        return []
    return [smallest_even, idx]",raw_generations/HumanEval_68/zero_shot_sample0.py,,,True,,0.0,0,7.0,7,61.07789037181657,outputs_grok_prompt_v3\reports\static_analysis\pylint\HumanEval_68__zero_shot__sample0__final_pylint.txt,outputs_grok_prompt_v3\reports\static_analysis\bandit\HumanEval_68__zero_shot__sample0__final_bandit.json,outputs_grok_prompt_v3\reports\static_analysis\bandit\HumanEval_68__zero_shot__sample0__final_bandit.stderr.txt,True,passed,8.0,7.0,9.0,8.0,6.0,7.0,The code is clear and correct but could be more Pythonic by using built-in functions like min() with a generator expression and key parameter for better readability and conciseness.,,,,,,,
HumanEval/68,pluck,constraint_guided,0,"""""""Module providing the pluck function for selecting nodes from tree branches.""""""

from typing import List


def pluck(arr: List[int]) -> List[int]:
    """"""
    Given an array representing a branch of a tree that has integer nodes,
    your task is to pluck one of the nodes and return it.
    The plucked node should be the node with the smallest even value.
    If multiple nodes with the same smallest even value are found return the node that has smallest index.

    The plucked node should be returned in a list, [ smallest_value, its index ],
    If there are no even values or the given array is empty, return [].

    Example 1:
        Input: [4,2,3]
        Output: [2, 1]
        Explanation: 2 has the smallest even value, and 2 has the smallest index.

    Example 2:
        Input: [1,2,3]
        Output: [2, 1]
        Explanation: 2 has the smallest even value, and 2 has the smallest index. 

    Example 3:
        Input: []
        Output: []

    Example 4:
        Input: [5, 0, 3, 0, 4, 2]
        Output: [0, 1]
        Explanation: 0 is the smallest value, but  there are two zeros,
                     so we will choose the first zero, which has the smallest index.
    """"""
    if not arr:
        return []

    min_even = None
    min_index = None
    for index, value in enumerate(arr):
        if value % 2 == 0:
            if min_even is None or value < min_even:
                min_even = value
                min_index = index

    if min_even is None:
        return []
    return [min_even, min_index]",raw_generations/HumanEval_68/constraint_guided_sample0.py,,,True,,8.57,0,7.0,7,71.69012304697878,outputs_grok_prompt_v3\reports\static_analysis\pylint\HumanEval_68__constraint_guided__sample0__final_pylint.txt,outputs_grok_prompt_v3\reports\static_analysis\bandit\HumanEval_68__constraint_guided__sample0__final_bandit.json,outputs_grok_prompt_v3\reports\static_analysis\bandit\HumanEval_68__constraint_guided__sample0__final_bandit.stderr.txt,True,passed,-1.0,-1.0,-1.0,-1.0,-1.0,-1.0,"The code appears to be AI-generated and contains a critical logical error: it doesn't handle the case where multiple nodes have the same smallest even value correctly (should return the smallest index among those with the smallest value, but the current implementation returns the first occurrence of any even value).",,,,,,,
HumanEval/68,pluck,structured_cot,0,"""""""Utility for plucking the smallest even value and its index from a list.""""""

from typing import List


def pluck(arr: List[int]) -> List[int]:
    """"""
    Given an array representing a branch of a tree that has integer nodes,
    your task is to pluck one of the nodes and return it.
    The plucked node should be the node with the smallest even value.
    If multiple nodes with the same smallest even value are found return the node that has smallest index.

    The plucked node should be returned in a list, [ smallest_value, its index ],
    If there are no even values or the given array is empty, return [].

    Example 1:
        Input: [4,2,3]
        Output: [2, 1]
        Explanation: 2 has the smallest even value, and 2 has the smallest index.

    Example 2:
        Input: [1,2,3]
        Output: [2, 1]
        Explanation: 2 has the smallest even value, and 2 has the smallest index.

    Example 3:
        Input: []
        Output: []

    Example 4:
        Input: [5, 0, 3, 0, 4, 2]
        Output: [0, 1]
        Explanation: 0 is the smallest value, but  there are two zeros,
                     so we will choose the first zero, which has the smallest index.
    """"""
    evens = [(v, i) for i, v in enumerate(arr) if v % 2 == 0]
    return list(min(evens)) if evens else []",raw_generations/HumanEval_68/structured_cot_sample0.py,,,True,,5.0,0,4.0,4,46.81793036375999,outputs_grok_prompt_v3\reports\static_analysis\pylint\HumanEval_68__structured_cot__sample0__final_pylint.txt,outputs_grok_prompt_v3\reports\static_analysis\bandit\HumanEval_68__structured_cot__sample0__final_bandit.json,outputs_grok_prompt_v3\reports\static_analysis\bandit\HumanEval_68__structured_cot__sample0__final_bandit.stderr.txt,True,passed,8.0,7.0,9.0,8.0,9.0,8.0,"The code is clean and efficient, but lacks explicit handling for edge cases like negative numbers and could benefit from more modular error checking.",,,,,,,
HumanEval/68,pluck,self_refine,0,"""""""Module providing the pluck function for tree branch node selection.""""""

from typing import List


def pluck(arr: List[int]) -> List[int]:
    """"""
    Given an array representing a branch of a tree that has integer nodes,
    your task is to pluck one of the nodes and return it.
    The plucked node should be the node with the smallest even value.
    If multiple nodes with the same smallest even value are found return the node that has smallest index.

    The plucked node should be returned in a list, [ smallest_value, its index ],
    If there are no even values or the given array is empty, return [].

    Example 1:
        Input: [4,2,3]
        Output: [2, 1]
        Explanation: 2 has the smallest even value, and 2 has the smallest index.

    Example 2:
        Input: [1,2,3]
        Output: [2, 1]
        Explanation: 2 has the smallest even value, and 2 has the smallest index.

    Example 3:
        Input: []
        Output: []

    Example 4:
        Input: [5, 0, 3, 0, 4, 2]
        Output: [0, 1]
        Explanation: 0 is the smallest value, but there are two zeros,
                     so we will choose the first zero, which has the smallest index.
    """"""
    min_even_value = float(""inf"")
    min_even_index = -1

    for index, value in enumerate(arr):
        if value % 2 == 0 and value < min_even_value:
            min_even_value = value
            min_even_index = index

    if min_even_index == -1:
        return []

    return [min_even_value, min_even_index]",raw_generations/HumanEval_68/self_refine_sample0.py,"""""""Module providing the pluck function for tree branch node selection.""""""

from typing import List


def pluck(arr: List[int]) -> List[int]:
    """"""
    Given an array representing a branch of a tree that has integer nodes,
    your task is to pluck one of the nodes and return it.
    The plucked node should be the node with the smallest even value.
    If multiple nodes with the same smallest even value are found return the node that has smallest index.

    The plucked node should be returned in a list, [ smallest_value, its index ],
    If there are no even values or the given array is empty, return [].

    Example 1:
        Input: [4,2,3]
        Output: [2, 1]
        Explanation: 2 has the smallest even value, and 2 has the smallest index.

    Example 2:
        Input: [1,2,3]
        Output: [2, 1]
        Explanation: 2 has the smallest even value, and 2 has the smallest index. 

    Example 3:
        Input: []
        Output: []

    Example 4:
        Input: [5, 0, 3, 0, 4, 2]
        Output: [0, 1]
        Explanation: 0 is the smallest value, but  there are two zeros,
                     so we will choose the first zero, which has the smallest index.
    """"""
    min_even_value = float(""inf"")
    min_even_index = -1

    for index, value in enumerate(arr):
        if value % 2 == 0 and value < min_even_value:
            min_even_value = value
            min_even_index = index

    if min_even_index == -1:
        return []

    return [min_even_value, min_even_index]",raw_generations/HumanEval_68/self_refine_sample0_initial.py,True,,8.18,0,5.0,5,64.29388683909673,outputs_grok_prompt_v3\reports\static_analysis\pylint\HumanEval_68__self_refine__sample0__final_pylint.txt,outputs_grok_prompt_v3\reports\static_analysis\bandit\HumanEval_68__self_refine__sample0__final_bandit.json,outputs_grok_prompt_v3\reports\static_analysis\bandit\HumanEval_68__self_refine__sample0__final_bandit.stderr.txt,True,passed,9.0,9.0,10.0,10.0,9.0,9.0,"The code is clean, efficient, and correctly handles all edge cases with a straightforward algorithm.",8.18,True,passed,outputs_grok_prompt_v3\reports\static_analysis\pylint\HumanEval_68__self_refine__sample0__initial_pylint.txt,outputs_grok_prompt_v3\reports\static_analysis\bandit\HumanEval_68__self_refine__sample0__initial_bandit.json,outputs_grok_prompt_v3\reports\static_analysis\bandit\HumanEval_68__self_refine__sample0__initial_bandit.stderr.txt,True
HumanEval/69,search,zero_shot,0,"from typing import List

def search(lst: List[int]) -> int:
    freq = {}
    for num in lst:
        freq[num] = freq.get(num, 0) + 1
    max_val = -1
    for num, count in freq.items():
        if count >= num > max_val:
            max_val = num
    return max_val",raw_generations/HumanEval_69/zero_shot_sample0.py,,,True,,7.0,0,4.0,4,67.13765952069254,outputs_grok_prompt_v3\reports\static_analysis\pylint\HumanEval_69__zero_shot__sample0__final_pylint.txt,outputs_grok_prompt_v3\reports\static_analysis\bandit\HumanEval_69__zero_shot__sample0__final_bandit.json,outputs_grok_prompt_v3\reports\static_analysis\bandit\HumanEval_69__zero_shot__sample0__final_bandit.stderr.txt,True,passed,8.0,7.0,6.0,8.0,8.0,7.0,"The code is clean and efficient but fails to handle the requirement 'greater than zero' correctly, as it doesn't filter out zero or negative values from the frequency dictionary.",,,,,,,
HumanEval/69,search,constraint_guided,0,"""""""Module providing the search function for frequency-based integer lookup.""""""

from typing import List
from collections import Counter


def search(lst: List[int]) -> int:
    """"""
    You are given a non-empty list of positive integers. Return the greatest integer that is greater than
    zero, and has a frequency greater than or equal to the value of the integer itself.
    The frequency of an integer is the number of times it appears in the list.
    If no such a value exist, return -1.
    """"""
    frequency = Counter(lst)
    result = -1
    for number, count in frequency.items():
        if number > 0 and count >= number and number > result:
            result = number
    return result",raw_generations/HumanEval_69/constraint_guided_sample0.py,,,True,,6.67,0,5.0,5,93.51887285063147,outputs_grok_prompt_v3\reports\static_analysis\pylint\HumanEval_69__constraint_guided__sample0__final_pylint.txt,outputs_grok_prompt_v3\reports\static_analysis\bandit\HumanEval_69__constraint_guided__sample0__final_bandit.json,outputs_grok_prompt_v3\reports\static_analysis\bandit\HumanEval_69__constraint_guided__sample0__final_bandit.stderr.txt,True,passed,9.0,8.0,10.0,9.0,9.0,9.0,"Clean, efficient, and correct implementation using Counter, though could be slightly more concise with a generator expression.",,,,,,,
HumanEval/69,search,structured_cot,0,"""""""Solution module for the search task.""""""

from collections import Counter
from typing import List


def search(lst: List[int]) -> int:
    """"""
    You are given a non-empty list of positive integers. Return the greatest integer that is greater than 
    zero, and has a frequency greater than or equal to the value of the integer itself. 
    The frequency of an integer is the number of times it appears in the list.
    If no such a value exist, return -1.

    Examples:
        search([4, 1, 2, 2, 3, 1]) == 2
        search([1, 2, 2, 3, 3, 3, 4, 4, 4]) == 3
        search([5, 5, 4, 4, 4]) == -1
    """"""
    counts = Counter(lst)
    for num in sorted(counts, reverse=True):
        if counts[num] >= num:
            return num
    return -1",raw_generations/HumanEval_69/structured_cot_sample0.py,,,True,,7.5,0,3.0,3,91.80343302404175,outputs_grok_prompt_v3\reports\static_analysis\pylint\HumanEval_69__structured_cot__sample0__final_pylint.txt,outputs_grok_prompt_v3\reports\static_analysis\bandit\HumanEval_69__structured_cot__sample0__final_bandit.json,outputs_grok_prompt_v3\reports\static_analysis\bandit\HumanEval_69__structured_cot__sample0__final_bandit.stderr.txt,True,passed,9.0,9.0,10.0,8.0,9.0,9.0,"Clean, efficient solution with excellent readability and proper use of Python idioms; minor efficiency improvement possible by filtering before sorting.",,,,,,,
HumanEval/69,search,self_refine,0,"""""""
Module providing the search function for frequency-based integer lookup.
""""""

from typing import List


def search(lst: List[int]) -> int:
    """"""
    You are given a non-empty list of positive integers. Return the greatest
    integer that is greater than zero, and has a frequency greater than or
    equal to the value of the integer itself. The frequency of an integer is
    the number of times it appears in the list. If no such a value exist,
    return -1.

    Examples:
        search([4, 1, 2, 2, 3, 1]) == 2
        search([1, 2, 2, 3, 3, 3, 4, 4, 4]) == 3
        search([5, 5, 4, 4, 4]) == -1
    """"""
    frequency = {}
    for number in lst:
        if number > 0:
            frequency[number] = frequency.get(number, 0) + 1

    result = -1
    for number, count in frequency.items():
        if count >= number > result:
            result = number
    return result",raw_generations/HumanEval_69/self_refine_sample0.py,"""""""
Module providing the search function for frequency-based integer lookup.
""""""

from typing import List


def search(lst: List[int]) -> int:
    """"""
    You are given a non-empty list of positive integers. Return the greatest integer that is greater than
    zero, and has a frequency greater than or equal to the value of the integer itself.
    The frequency of an integer is the number of times it appears in the list.
    If no such a value exist, return -1.

    Examples:
        search([4, 1, 2, 2, 3, 1]) == 2
        search([1, 2, 2, 3, 3, 3, 4, 4, 4]) == 3
        search([5, 5, 4, 4, 4]) == -1
    """"""
    frequency = {}
    for number in lst:
        if number > 0:
            frequency[number] = frequency.get(number, 0) + 1

    result = -1
    for number, count in frequency.items():
        if count >= number and number > result:
            result = number
    return result",raw_generations/HumanEval_69/self_refine_sample0_initial.py,True,,9.09,0,5.0,5,84.63342575104448,outputs_grok_prompt_v3\reports\static_analysis\pylint\HumanEval_69__self_refine__sample0__final_pylint.txt,outputs_grok_prompt_v3\reports\static_analysis\bandit\HumanEval_69__self_refine__sample0__final_bandit.json,outputs_grok_prompt_v3\reports\static_analysis\bandit\HumanEval_69__self_refine__sample0__final_bandit.stderr.txt,True,passed,9.0,8.0,7.0,8.0,8.0,8.0,"The code is clear and efficient, but it fails to correctly handle the requirement to return the greatest integer meeting the condition, as it doesn't properly compare candidates when counts are equal.",7.27,True,passed,outputs_grok_prompt_v3\reports\static_analysis\pylint\HumanEval_69__self_refine__sample0__initial_pylint.txt,outputs_grok_prompt_v3\reports\static_analysis\bandit\HumanEval_69__self_refine__sample0__initial_bandit.json,outputs_grok_prompt_v3\reports\static_analysis\bandit\HumanEval_69__self_refine__sample0__initial_bandit.stderr.txt,True
HumanEval/70,strange_sort_list,zero_shot,0,"def strange_sort_list(lst: List[int]) -> List[int]:
    if not lst:
        return []
    sorted_lst = sorted(lst)
    result = []
    left, right = 0, len(sorted_lst) - 1
    while left <= right:
        if left == right:
            result.append(sorted_lst[left])
            break
        result.append(sorted_lst[left])
        result.append(sorted_lst[right])
        left += 1
        right -= 1
    return result",raw_generations/HumanEval_70/zero_shot_sample0.py,,,True,,1.33,0,4.0,4,61.54037511739056,outputs_grok_prompt_v3\reports\static_analysis\pylint\HumanEval_70__zero_shot__sample0__final_pylint.txt,outputs_grok_prompt_v3\reports\static_analysis\bandit\HumanEval_70__zero_shot__sample0__final_bandit.json,outputs_grok_prompt_v3\reports\static_analysis\bandit\HumanEval_70__zero_shot__sample0__final_bandit.stderr.txt,True,passed,8.0,7.0,6.0,8.0,7.0,7.0,"The code is generally clear and efficient, but fails to handle duplicate values correctly according to the specification (e.g., [5,5,5,5] should return [5,5,5,5] but this implementation would return [5,5,5,5] only by coincidence).",,,,,,,
HumanEval/70,strange_sort_list,constraint_guided,0,"""""""Strange list sorting module.""""""

from typing import List


def strange_sort_list(lst: List[int]) -> List[int]:
    """"""
    Given a list of integers, return the list in a 'strange' order.
    Strange sorting, is when you start with the minimum value,
    then the maximum value from the remaining integers, then the minimum and so on.

    Examples:
        strange_sort_list([1, 2, 3, 4]) == [1, 4, 2, 3]
        strange_sort_list([5, 5, 5, 5]) == [5, 5, 5, 5]
        strange_sort_list([]) == []
    """"""
    if not lst:
        return []
    sorted_lst = sorted(lst)
    result = []
    left, right = 0, len(sorted_lst) - 1
    while left <= right:
        result.append(sorted_lst[left])
        left += 1
        if left <= right:
            result.append(sorted_lst[right])
            right -= 1
    return result",raw_generations/HumanEval_70/constraint_guided_sample0.py,,,True,,9.29,0,4.0,4,90.19132893736082,outputs_grok_prompt_v3\reports\static_analysis\pylint\HumanEval_70__constraint_guided__sample0__final_pylint.txt,outputs_grok_prompt_v3\reports\static_analysis\bandit\HumanEval_70__constraint_guided__sample0__final_bandit.json,outputs_grok_prompt_v3\reports\static_analysis\bandit\HumanEval_70__constraint_guided__sample0__final_bandit.stderr.txt,True,passed,9.0,9.0,10.0,8.0,8.0,9.0,"Clean, efficient implementation with good readability and correct handling of edge cases, though slightly less Pythonic due to manual index management.",,,,,,,
HumanEval/70,strange_sort_list,structured_cot,0,"""""""Strange sort list implementation.""""""
from typing import List
def strange_sort_list(lst: List[int]) -> List[int]:
    """"""
    Given a list of integers, return the list in a 'strange' order.
    Strange sorting, is when you start with the minimum value,
    then the maximum value from the remaining integers, then the minimum and so on.
    Examples:
        strange_sort_list([1, 2, 3, 4]) == [1, 4, 2, 3]
        strange_sort_list([5, 5, 5, 5]) == [5, 5, 5, 5]
        strange_sort_list([]) == []
    """"""
    sorted_lst = sorted(lst)
    result = []
    left, right = 0, len(sorted_lst) - 1
    while left <= right:
        result.append(sorted_lst[left])
        left += 1
        if left <= right:
            result.append(sorted_lst[right])
            right -= 1
    return result",raw_generations/HumanEval_70/structured_cot_sample0.py,,,True,,9.17,0,3.0,3,91.73226639138652,outputs_grok_prompt_v3\reports\static_analysis\pylint\HumanEval_70__structured_cot__sample0__final_pylint.txt,outputs_grok_prompt_v3\reports\static_analysis\bandit\HumanEval_70__structured_cot__sample0__final_bandit.json,outputs_grok_prompt_v3\reports\static_analysis\bandit\HumanEval_70__structured_cot__sample0__final_bandit.stderr.txt,True,passed,8.0,8.0,9.0,8.0,7.0,8.0,"Clean implementation with good algorithm, but could be more Pythonic with list comprehensions or deque.",,,,,,,
HumanEval/70,strange_sort_list,self_refine,0,"""""""Strange sort list implementation.""""""

from typing import List


def strange_sort_list(lst: List[int]) -> List[int]:
    """"""
    Given a list of integers, return the list in a 'strange' order.
    Strange sorting, is when you start with the minimum value,
    then the maximum value from the remaining integers, then the minimum and so on.

    Examples:
        strange_sort_list([1, 2, 3, 4]) == [1, 4, 2, 3]
        strange_sort_list([5, 5, 5, 5]) == [5, 5, 5, 5]
        strange_sort_list([]) == []
    """"""
    if not lst:
        return []
    sorted_list = sorted(lst)
    result = []
    left_index = 0
    right_index = len(sorted_list) - 1
    take_min = True
    while left_index <= right_index:
        if take_min:
            result.append(sorted_list[left_index])
            left_index += 1
        else:
            result.append(sorted_list[right_index])
            right_index -= 1
        take_min = not take_min
    return result",raw_generations/HumanEval_70/self_refine_sample0.py,"""""""Strange sort list implementation.""""""

from typing import List


def strange_sort_list(lst: List[int]) -> List[int]:
    """"""
    Given a list of integers, return the list in a 'strange' order.
    Strange sorting, is when you start with the minimum value,
    then the maximum value from the remaining integers, then the minimum and so on.

    Examples:
        strange_sort_list([1, 2, 3, 4]) == [1, 4, 2, 3]
        strange_sort_list([5, 5, 5, 5]) == [5, 5, 5, 5]
        strange_sort_list([]) == []
    """"""
    if not lst:
        return []
    sorted_list = sorted(lst)
    result = []
    left_index = 0
    right_index = len(sorted_list) - 1
    take_min = True
    while left_index <= right_index:
        if take_min:
            result.append(sorted_list[left_index])
            left_index += 1
        else:
            result.append(sorted_list[right_index])
            right_index -= 1
        take_min = not take_min
    return result",raw_generations/HumanEval_70/self_refine_sample0_initial.py,True,,9.41,0,4.0,4,88.07615989065056,outputs_grok_prompt_v3\reports\static_analysis\pylint\HumanEval_70__self_refine__sample0__final_pylint.txt,outputs_grok_prompt_v3\reports\static_analysis\bandit\HumanEval_70__self_refine__sample0__final_bandit.json,outputs_grok_prompt_v3\reports\static_analysis\bandit\HumanEval_70__self_refine__sample0__final_bandit.stderr.txt,True,passed,8.0,8.0,9.0,8.0,7.0,8.0,"Clean and efficient implementation with good readability, though could be more Pythonic by using a deque for better performance and clarity.",9.41,True,passed,outputs_grok_prompt_v3\reports\static_analysis\pylint\HumanEval_70__self_refine__sample0__initial_pylint.txt,outputs_grok_prompt_v3\reports\static_analysis\bandit\HumanEval_70__self_refine__sample0__initial_bandit.json,outputs_grok_prompt_v3\reports\static_analysis\bandit\HumanEval_70__self_refine__sample0__initial_bandit.stderr.txt,False
HumanEval/71,triangle_area,zero_shot,0,"import math

def triangle_area(a: int, b: int, c: int) -> float:
    if a + b <= c or a + c <= b or b + c <= a:
        return -1
    s = (a + b + c) / 2
    area = math.sqrt(s * (s - a) * (s - b) * (s - c))
    return round(area, 2)",raw_generations/HumanEval_71/zero_shot_sample0.py,,,True,,5.71,0,4.0,4,64.36429869935884,outputs_grok_prompt_v3\reports\static_analysis\pylint\HumanEval_71__zero_shot__sample0__final_pylint.txt,outputs_grok_prompt_v3\reports\static_analysis\bandit\HumanEval_71__zero_shot__sample0__final_bandit.json,outputs_grok_prompt_v3\reports\static_analysis\bandit\HumanEval_71__zero_shot__sample0__final_bandit.stderr.txt,True,passed,8.0,8.0,9.0,9.0,8.0,8.0,"Clean, efficient implementation with proper type hints and documentation, though the return type annotation could be more precise for the -1 case.",,,,,,,
HumanEval/71,triangle_area,constraint_guided,0,"""""""Triangle area calculation using Heron's formula.""""""

import math


def triangle_area(a: int, b: int, c: int) -> float:
    """"""
    Given the lengths of the three sides of a triangle. Return the area of
    the triangle rounded to 2 decimal points if the three sides form a valid triangle.
    Otherwise return -1
    Three sides make a valid triangle when the sum of any two sides is greater
    than the third side.

    Examples:
        triangle_area(3, 4, 5) == 6.00
        triangle_area(1, 2, 10) == -1
    """"""
    if a + b <= c or a + c <= b or b + c <= a:
        return -1
    s = (a + b + c) / 2
    area = math.sqrt(s * (s - a) * (s - b) * (s - c))
    return round(area, 2)",raw_generations/HumanEval_71/constraint_guided_sample0.py,,,True,,8.57,0,4.0,4,80.02574385739436,outputs_grok_prompt_v3\reports\static_analysis\pylint\HumanEval_71__constraint_guided__sample0__final_pylint.txt,outputs_grok_prompt_v3\reports\static_analysis\bandit\HumanEval_71__constraint_guided__sample0__final_bandit.json,outputs_grok_prompt_v3\reports\static_analysis\bandit\HumanEval_71__constraint_guided__sample0__final_bandit.stderr.txt,True,passed,9.0,8.0,9.0,10.0,9.0,9.0,"Well-written, clean code with proper validation and accurate implementation of Heron's formula, though could benefit from more explicit edge case handling for negative/zero inputs.",,,,,,,
HumanEval/71,triangle_area,structured_cot,0,"import math


def triangle_area(a: int, b: int, c: int) -> float:
    """"""
    Given the lengths of the three sides of a triangle. Return the area of
    the triangle rounded to 2 decimal points if the three sides form a valid triangle.
    Otherwise return -1
    Three sides make a valid triangle when the sum of any two sides is greater
    than the third side.

    Examples:
        triangle_area(3, 4, 5) == 6.00
        triangle_area(1, 2, 10) == -1
    """"""
    if a + b <= c or a + c <= b or b + c <= a:
        return -1
    s = (a + b + c) / 2
    area = math.sqrt(s * (s - a) * (s - b) * (s - c))
    return round(area, 2)",raw_generations/HumanEval_71/structured_cot_sample0.py,,,True,,7.14,0,4.0,4,81.1415831425601,outputs_grok_prompt_v3\reports\static_analysis\pylint\HumanEval_71__structured_cot__sample0__final_pylint.txt,outputs_grok_prompt_v3\reports\static_analysis\bandit\HumanEval_71__structured_cot__sample0__final_bandit.json,outputs_grok_prompt_v3\reports\static_analysis\bandit\HumanEval_71__structured_cot__sample0__final_bandit.stderr.txt,True,passed,9.0,8.0,9.0,10.0,9.0,9.0,"Well-written, clear code with proper validation and accurate area calculation using Heron's formula.",,,,,,,
HumanEval/71,triangle_area,self_refine,0,"""""""Utility for computing triangle areas from side lengths.""""""

import math


def triangle_area(a: int, b: int, c: int) -> float:
    """"""
    Given the lengths of the three sides of a triangle. Return the area of
    the triangle rounded to 2 decimal points if the three sides form a valid triangle. 
    Otherwise return -1
    Three sides make a valid triangle when the sum of any two sides is greater 
    than the third side.

    Examples:
        triangle_area(3, 4, 5) == 6.00
        triangle_area(1, 2, 10) == -1
    """"""
    if a + b <= c or a + c <= b or b + c <= a:
        return -1
    s = (a + b + c) / 2
    area = math.sqrt(s * (s - a) * (s - b) * (s - c))
    return round(area, 2)",raw_generations/HumanEval_71/self_refine_sample0.py,"""""""Utility for computing triangle areas from side lengths.""""""

import math


def triangle_area(a: int, b: int, c: int) -> float:
    """"""
    Given the lengths of the three sides of a triangle. Return the area of
    the triangle rounded to 2 decimal points if the three sides form a valid triangle. 
    Otherwise return -1
    Three sides make a valid triangle when the sum of any two sides is greater 
    than the third side.

    Examples:
        triangle_area(3, 4, 5) == 6.00
        triangle_area(1, 2, 10) == -1
    """"""
    if a + b <= c or a + c <= b or b + c <= a:
        return -1
    s = (a + b + c) / 2
    area = math.sqrt(s * (s - a) * (s - b) * (s - c))
    return round(area, 2)",raw_generations/HumanEval_71/self_refine_sample0_initial.py,True,,8.57,0,4.0,4,80.02574385739436,outputs_grok_prompt_v3\reports\static_analysis\pylint\HumanEval_71__self_refine__sample0__final_pylint.txt,outputs_grok_prompt_v3\reports\static_analysis\bandit\HumanEval_71__self_refine__sample0__final_bandit.json,outputs_grok_prompt_v3\reports\static_analysis\bandit\HumanEval_71__self_refine__sample0__final_bandit.stderr.txt,True,passed,9.0,8.0,9.0,10.0,8.0,8.8,"Well-written, clean code with proper validation and documentation, though could benefit from more explicit handling of edge cases like negative inputs.",8.57,True,passed,outputs_grok_prompt_v3\reports\static_analysis\pylint\HumanEval_71__self_refine__sample0__initial_pylint.txt,outputs_grok_prompt_v3\reports\static_analysis\bandit\HumanEval_71__self_refine__sample0__initial_bandit.json,outputs_grok_prompt_v3\reports\static_analysis\bandit\HumanEval_71__self_refine__sample0__initial_bandit.stderr.txt,False
HumanEval/72,will_it_fly,zero_shot,0,"def will_it_fly(q: List[int], w: int) -> bool:
    if not q:
        return 0 <= w
    start = 0
    while start < len(q) and q[start] == 0:
        start += 1
    end = len(q) - 1
    while end >= start and q[end] == 0:
        end -= 1
    if start > end:
        effective = []
    else:
        effective = q[start:end + 1]
    is_pal = effective == effective[::-1]
    total_sum = sum(q)
    return is_pal and total_sum <= w",raw_generations/HumanEval_72/zero_shot_sample0.py,,,True,,4.67,0,8.0,8,54.90015952966882,outputs_grok_prompt_v3\reports\static_analysis\pylint\HumanEval_72__zero_shot__sample0__final_pylint.txt,outputs_grok_prompt_v3\reports\static_analysis\bandit\HumanEval_72__zero_shot__sample0__final_bandit.json,outputs_grok_prompt_v3\reports\static_analysis\bandit\HumanEval_72__zero_shot__sample0__final_bandit.stderr.txt,False,assertion_failed: ,7.0,6.0,5.0,7.0,6.0,6.0,"The code handles zero trimming incorrectly for palindromic checks and fails on edge cases like empty lists, while also being overly complex for the task.",,,,,,,
HumanEval/72,will_it_fly,constraint_guided,0,"""""""Utility to determine if an object will fly based on balance and weight.""""""

from typing import List


def will_it_fly(q: List[int], w: int) -> bool:
    """"""Return True if q is balanced (palindromic after trimming edge zeros)
    and sum(q) <= w; otherwise False.
    """"""
    total_weight = sum(q)
    if total_weight > w:
        return False

    # Trim leading zeros
    start = 0
    while start < len(q) and q[start] == 0:
        start += 1

    # Trim trailing zeros
    end = len(q)
    while end > start and q[end - 1] == 0:
        end -= 1

    trimmed = q[start:end]
    if trimmed == trimmed[::-1]:
        return True
    return False",raw_generations/HumanEval_72/constraint_guided_sample0.py,,,True,,9.33,0,7.0,7,83.53154005065568,outputs_grok_prompt_v3\reports\static_analysis\pylint\HumanEval_72__constraint_guided__sample0__final_pylint.txt,outputs_grok_prompt_v3\reports\static_analysis\bandit\HumanEval_72__constraint_guided__sample0__final_bandit.json,outputs_grok_prompt_v3\reports\static_analysis\bandit\HumanEval_72__constraint_guided__sample0__final_bandit.stderr.txt,False,assertion_failed: ,8.0,7.0,5.0,8.0,7.0,6.0,"The code incorrectly handles palindromic checks by trimming zeros, which violates the specification that zeros are negligible for balance only at edges, and fails to account for zeros between non-zero elements as invalid.",,,,,,,
HumanEval/72,will_it_fly,structured_cot,0,"from typing import List


def will_it_fly(q: List[int], w: int) -> bool:
    """"""
    Write a function that returns True if the object q will fly, and False otherwise.
    The object q will fly if it's balanced (it is a palindromic list) and the sum of its elements is less than or equal the maximum possible weight w.
    If the requirements are not met, the object will not fly.

    Other requirements:
        * w is a non-negative integer
        * q is a list of non-negative integers
        * q is a connected object, i.e. no zeros between non-zero elements
    """"""
    if sum(q) > w:
        return False
    if not q:
        return True
    start = 0
    while start < len(q) and q[start] == 0:
        start += 1
    end = len(q) - 1
    while end >= start and q[end] == 0:
        end -= 1
    core = q[start:end + 1]
    return core == core[::-1]",raw_generations/HumanEval_72/structured_cot_sample0.py,,,True,,7.86,0,7.0,7,85.41348511547952,outputs_grok_prompt_v3\reports\static_analysis\pylint\HumanEval_72__structured_cot__sample0__final_pylint.txt,outputs_grok_prompt_v3\reports\static_analysis\bandit\HumanEval_72__structured_cot__sample0__final_bandit.json,outputs_grok_prompt_v3\reports\static_analysis\bandit\HumanEval_72__structured_cot__sample0__final_bandit.stderr.txt,False,assertion_failed: ,6.0,5.0,4.0,7.0,5.0,5.0,"The code incorrectly handles palindromic checks by stripping zeros, which violates the specification that zeros are negligible for balance but still part of the list; also lacks proper handling of edge cases like empty lists.",,,,,,,
HumanEval/72,will_it_fly,self_refine,0,"""""""Utility to determine if a given object will fly based on balance and weight.""""""

from typing import List


def will_it_fly(q: List[int], w: int) -> bool:
    """"""
    Return True if q is balanced (its non-zero core is palindromic)
    and sum(q) <= w; otherwise False.
    """"""
    if w < 0:
        return False
    # Strip leading/trailing zeros to obtain the connected core
    start = 0
    while start < len(q) and q[start] == 0:
        start += 1
    end = len(q) - 1
    while end >= start and q[end] == 0:
        end -= 1
    if start > end:
        return True  # all zeros, sum is 0
    core = q[start : end + 1]
    if core != core[::-1]:
        return False
    return sum(q) <= w",raw_generations/HumanEval_72/self_refine_sample0.py,"""""""Utility to determine if a given object will fly based on balance and weight.""""""

from typing import List


def will_it_fly(q: List[int], w: int) -> bool:
    """"""
    Return True if q is balanced (its non-zero core is palindromic)
    and sum(q) <= w; otherwise False.
    """"""
    if w < 0:
        return False
    # Strip leading/trailing zeros to obtain the connected core
    start = 0
    while start < len(q) and q[start] == 0:
        start += 1
    end = len(q) - 1
    while end >= start and q[end] == 0:
        end -= 1
    if start > end:
        return True  # all zeros, sum is 0
    core = q[start : end + 1]
    if core != core[::-1]:
        return False
    return sum(q) <= w",raw_generations/HumanEval_72/self_refine_sample0_initial.py,True,,9.38,0,8.0,8,82.73273059822004,outputs_grok_prompt_v3\reports\static_analysis\pylint\HumanEval_72__self_refine__sample0__final_pylint.txt,outputs_grok_prompt_v3\reports\static_analysis\bandit\HumanEval_72__self_refine__sample0__final_bandit.json,outputs_grok_prompt_v3\reports\static_analysis\bandit\HumanEval_72__self_refine__sample0__final_bandit.stderr.txt,False,assertion_failed: ,8.0,7.0,6.0,8.0,7.0,7.0,"The code is generally readable and efficient, but fails to correctly handle the 'connected object' requirement and edge cases like negative weights in the specification.",9.38,False,assertion_failed: ,outputs_grok_prompt_v3\reports\static_analysis\pylint\HumanEval_72__self_refine__sample0__initial_pylint.txt,outputs_grok_prompt_v3\reports\static_analysis\bandit\HumanEval_72__self_refine__sample0__initial_bandit.json,outputs_grok_prompt_v3\reports\static_analysis\bandit\HumanEval_72__self_refine__sample0__initial_bandit.stderr.txt,False
HumanEval/73,smallest_change,zero_shot,0,"from typing import List

def smallest_change(arr: List[int]) -> int:
    n = len(arr)
    changes = 0
    for i in range(n // 2):
        if arr[i] != arr[n - 1 - i]:
            changes += 1
    return changes",raw_generations/HumanEval_73/zero_shot_sample0.py,,,True,,6.25,0,3.0,3,67.77900368802973,outputs_grok_prompt_v3\reports\static_analysis\pylint\HumanEval_73__zero_shot__sample0__final_pylint.txt,outputs_grok_prompt_v3\reports\static_analysis\bandit\HumanEval_73__zero_shot__sample0__final_bandit.json,outputs_grok_prompt_v3\reports\static_analysis\bandit\HumanEval_73__zero_shot__sample0__final_bandit.stderr.txt,True,passed,9.0,8.0,10.0,10.0,9.0,9.0,"Clean, efficient solution with minor room for improvement in variable naming and modularity.",,,,,,,
HumanEval/73,smallest_change,constraint_guided,0,"""""""
Module providing a function to compute the minimum changes needed
to make an array palindromic.
""""""

from typing import List


def smallest_change(arr: List[int]) -> int:
    """"""
    Given an array arr of integers, find the minimum number of elements that
    need to be changed to make the array palindromic. A palindromic array is an array that
    is read the same backwards and forwards. In one change, you can change one element to any other element.

    For example:
        smallest_change([1, 2, 3, 5, 4, 7, 9, 6]) == 4
        smallest_change([1, 2, 3, 4, 3, 2, 2]) == 1
        smallest_change([1, 2, 3, 2, 1]) == 0
    """"""
    n = len(arr)
    changes = 0
    for i in range(n // 2):
        if arr[i] != arr[n - 1 - i]:
            changes += 1
    return changes",raw_generations/HumanEval_73/constraint_guided_sample0.py,,,True,,7.5,0,3.0,3,79.68844165119248,outputs_grok_prompt_v3\reports\static_analysis\pylint\HumanEval_73__constraint_guided__sample0__final_pylint.txt,outputs_grok_prompt_v3\reports\static_analysis\bandit\HumanEval_73__constraint_guided__sample0__final_bandit.json,outputs_grok_prompt_v3\reports\static_analysis\bandit\HumanEval_73__constraint_guided__sample0__final_bandit.stderr.txt,True,passed,9.0,9.0,10.0,10.0,9.0,9.0,"Clean, efficient, and correct implementation with excellent readability and maintainability; minor improvement could be using more descriptive variable names like 'mid_point' or 'half_length'.",,,,,,,
HumanEval/73,smallest_change,structured_cot,0,"""""""
Module providing a function to compute the minimum changes needed
to make an array palindromic.
""""""
from typing import List


def smallest_change(arr: List[int]) -> int:
    """"""
    Given an array arr of integers, find the minimum number of elements that
    need to be changed to make the array palindromic. A palindromic array is an array that
    is read the same backwards and forwards. In one change, you can change one element to any other element.

    For example:
        smallest_change([1, 2, 3, 5, 4, 7, 9, 6]) == 4
        smallest_change([1, 2, 3, 4, 3, 2, 2]) == 1
        smallest_change([1, 2, 3, 2, 1]) == 0
    """"""
    n = len(arr)
    changes = 0
    for i in range(n // 2):
        if arr[i] != arr[n - 1 - i]:
            changes += 1
    return changes",raw_generations/HumanEval_73/structured_cot_sample0.py,,,True,,7.5,0,3.0,3,79.68844165119248,outputs_grok_prompt_v3\reports\static_analysis\pylint\HumanEval_73__structured_cot__sample0__final_pylint.txt,outputs_grok_prompt_v3\reports\static_analysis\bandit\HumanEval_73__structured_cot__sample0__final_bandit.json,outputs_grok_prompt_v3\reports\static_analysis\bandit\HumanEval_73__structured_cot__sample0__final_bandit.stderr.txt,True,passed,9.0,9.0,10.0,10.0,9.0,9.0,"Clean, efficient, and correct implementation with excellent readability and maintainability; minor improvements could include using enumerate for clarity.",,,,,,,
HumanEval/73,smallest_change,self_refine,0,"""""""
Module providing a function to compute the minimum changes needed
to make an array palindromic.
""""""

from typing import List


def smallest_change(arr: List[int]) -> int:
    """"""
    Given an array arr of integers, find the minimum number of elements that
    need to be changed to make the array palindromic. A palindromic array is an array that
    is read the same backwards and forwards. In one change, you can change one element to any other element.

    For example:
        smallest_change([1, 2, 3, 5, 4, 7, 9, 6]) == 4
        smallest_change([1, 2, 3, 4, 3, 2, 2]) == 1
        smallest_change([1, 2, 3, 2, 1]) == 0
    """"""
    n = len(arr)
    changes = 0
    for i in range(n // 2):
        if arr[i] != arr[n - 1 - i]:
            changes += 1
    return changes",raw_generations/HumanEval_73/self_refine_sample0.py,"""""""
Module providing a function to compute the minimum changes needed
to make an array palindromic.
""""""

from typing import List


def smallest_change(arr: List[int]) -> int:
    """"""
    Given an array arr of integers, find the minimum number of elements that
    need to be changed to make the array palindromic. A palindromic array is an array that
    is read the same backwards and forwards. In one change, you can change one element to any other element.

    For example:
        smallest_change([1, 2, 3, 5, 4, 7, 9, 6]) == 4
        smallest_change([1, 2, 3, 4, 3, 2, 2]) == 1
        smallest_change([1, 2, 3, 2, 1]) == 0
    """"""
    n = len(arr)
    changes = 0
    for i in range(n // 2):
        if arr[i] != arr[n - 1 - i]:
            changes += 1
    return changes",raw_generations/HumanEval_73/self_refine_sample0_initial.py,True,,7.5,0,3.0,3,79.68844165119248,outputs_grok_prompt_v3\reports\static_analysis\pylint\HumanEval_73__self_refine__sample0__final_pylint.txt,outputs_grok_prompt_v3\reports\static_analysis\bandit\HumanEval_73__self_refine__sample0__final_bandit.json,outputs_grok_prompt_v3\reports\static_analysis\bandit\HumanEval_73__self_refine__sample0__final_bandit.stderr.txt,True,passed,9.0,9.0,10.0,10.0,9.0,9.0,"Clean, efficient, and correct implementation with excellent readability and maintainability; minor improvements could include using enumerate for clarity.",7.5,True,passed,outputs_grok_prompt_v3\reports\static_analysis\pylint\HumanEval_73__self_refine__sample0__initial_pylint.txt,outputs_grok_prompt_v3\reports\static_analysis\bandit\HumanEval_73__self_refine__sample0__initial_bandit.json,outputs_grok_prompt_v3\reports\static_analysis\bandit\HumanEval_73__self_refine__sample0__initial_bandit.stderr.txt,False
HumanEval/74,total_match,zero_shot,0,"def total_match(lst1: List[str], lst2: List[str]) -> List[str]:
    total1 = sum(len(s) for s in lst1)
    total2 = sum(len(s) for s in lst2)
    if total1 <= total2:
        return lst1
    else:
        return lst2",raw_generations/HumanEval_74/zero_shot_sample0.py,,,True,,0.0,0,4.0,4,76.28570514245513,outputs_grok_prompt_v3\reports\static_analysis\pylint\HumanEval_74__zero_shot__sample0__final_pylint.txt,outputs_grok_prompt_v3\reports\static_analysis\bandit\HumanEval_74__zero_shot__sample0__final_bandit.json,outputs_grok_prompt_v3\reports\static_analysis\bandit\HumanEval_74__zero_shot__sample0__final_bandit.stderr.txt,True,passed,9.0,8.0,10.0,9.0,9.0,9.0,"Clean, efficient implementation that correctly handles the specification with proper type hints and clear logic.",,,,,,,
HumanEval/74,total_match,constraint_guided,0,"""""""Module providing list comparison based on total character counts.""""""

from typing import List


def total_match(lst1: List[str], lst2: List[str]) -> List[str]:
    """"""
    Write a function that accepts two lists of strings and returns the list that has
    less total number of chars in the all strings of the list compared to the other list.

    If the two lists have the same number of chars, return the first list.

    Examples:
        total_match(['hi', 'admin'], ['hI', 'Hi']) -> ['hI', 'Hi']
        total_match(['hi', 'admin'], ['hi', 'hi', 'admin', 'project']) -> ['hi', 'admin']
    """"""
    total_chars_lst1 = sum(len(string) for string in lst1)
    total_chars_lst2 = sum(len(string) for string in lst2)

    if total_chars_lst1 <= total_chars_lst2:
        return lst1
    return lst2",raw_generations/HumanEval_74/constraint_guided_sample0.py,,,True,,8.57,0,4.0,4,97.28176194834428,outputs_grok_prompt_v3\reports\static_analysis\pylint\HumanEval_74__constraint_guided__sample0__final_pylint.txt,outputs_grok_prompt_v3\reports\static_analysis\bandit\HumanEval_74__constraint_guided__sample0__final_bandit.json,outputs_grok_prompt_v3\reports\static_analysis\bandit\HumanEval_74__constraint_guided__sample0__final_bandit.stderr.txt,True,passed,8.0,7.0,6.0,9.0,8.0,7.0,"The code is clean and efficient but fails to handle the case-insensitive comparison shown in the first example, making it incorrect for the specified task.",,,,,,,
HumanEval/74,total_match,structured_cot,0,"""""""Utility for comparing total character counts in string lists.""""""

from typing import List


def total_match(lst1: List[str], lst2: List[str]) -> List[str]:
    """"""
    Return the list with fewer total characters across all strings.

    If totals are equal, return lst1.
    """"""
    total1 = sum(len(s) for s in lst1)
    total2 = sum(len(s) for s in lst2)
    return lst1 if total1 <= total2 else lst2",raw_generations/HumanEval_74/structured_cot_sample0.py,,,True,,8.0,0,4.0,4,100.0,outputs_grok_prompt_v3\reports\static_analysis\pylint\HumanEval_74__structured_cot__sample0__final_pylint.txt,outputs_grok_prompt_v3\reports\static_analysis\bandit\HumanEval_74__structured_cot__sample0__final_bandit.json,outputs_grok_prompt_v3\reports\static_analysis\bandit\HumanEval_74__structured_cot__sample0__final_bandit.stderr.txt,True,passed,9.0,9.0,10.0,10.0,10.0,9.0,"Excellent, clean, and efficient implementation that perfectly follows the specification.",,,,,,,
HumanEval/74,total_match,self_refine,0,"""""""
Module providing functionality to compare total character counts
across two lists of strings and return the shorter one.
""""""

from typing import List


def total_match(lst1: List[str], lst2: List[str]) -> List[str]:
    """"""
    Write a function that accepts two lists of strings and returns the list that has
    less total number of chars in the all strings of the list compared to the other list.

    If the two lists have the same number of chars, return the first list.

    Examples:
        total_match(['hi', 'admin'], ['hI', 'Hi']) -> ['hI', 'Hi']
        total_match(['hi', 'admin'], ['hi', 'hi', 'admin', 'project']) -> ['hi', 'admin']
    """"""
    total1 = sum(len(s) for s in lst1)
    total2 = sum(len(s) for s in lst2)

    if total1 <= total2:
        return lst1
    return lst2",raw_generations/HumanEval_74/self_refine_sample0.py,"""""""
Module providing functionality to compare total character counts
across two lists of strings and return the shorter one.
""""""

from typing import List


def total_match(lst1: List[str], lst2: List[str]) -> List[str]:
    """"""
    Write a function that accepts two lists of strings and returns the list that has
    less total number of chars in the all strings of the list compared to the other list.

    If the two lists have the same number of chars, return the first list.

    Examples:
        total_match(['hi', 'admin'], ['hI', 'Hi']) -> ['hI', 'Hi']
        total_match(['hi', 'admin'], ['hi', 'hi', 'admin', 'project']) -> ['hi', 'admin']
    """"""
    total1 = sum(len(s) for s in lst1)
    total2 = sum(len(s) for s in lst2)

    if total1 <= total2:
        return lst1
    return lst2",raw_generations/HumanEval_74/self_refine_sample0_initial.py,True,,8.57,0,4.0,4,86.05694445550785,outputs_grok_prompt_v3\reports\static_analysis\pylint\HumanEval_74__self_refine__sample0__final_pylint.txt,outputs_grok_prompt_v3\reports\static_analysis\bandit\HumanEval_74__self_refine__sample0__final_bandit.json,outputs_grok_prompt_v3\reports\static_analysis\bandit\HumanEval_74__self_refine__sample0__final_bandit.stderr.txt,True,passed,9.0,9.0,10.0,9.0,9.0,9.0,"Clean, efficient, and correct implementation with minor improvements possible in documentation.",8.57,True,passed,outputs_grok_prompt_v3\reports\static_analysis\pylint\HumanEval_74__self_refine__sample0__initial_pylint.txt,outputs_grok_prompt_v3\reports\static_analysis\bandit\HumanEval_74__self_refine__sample0__initial_bandit.json,outputs_grok_prompt_v3\reports\static_analysis\bandit\HumanEval_74__self_refine__sample0__initial_bandit.stderr.txt,False
HumanEval/75,is_multiply_prime,zero_shot,0,"def is_multiply_prime(a: int) -> bool:
    def primes_up_to(n):
        sieve = [True] * (n + 1)
        sieve[0] = sieve[1] = False
        for i in range(2, int(n**0.5) + 1):
            if sieve[i]:
                for j in range(i*i, n+1, i):
                    sieve[j] = False
        return [i for i in range(2, n+1) if sieve[i]]
    primes = primes_up_to(100)
    for i in range(len(primes)):
        for j in range(i, len(primes)):
            for k in range(j, len(primes)):
                if primes[i] * primes[j] * primes[k] == a:
                    return True
    return False",raw_generations/HumanEval_75/zero_shot_sample0.py,,,True,,7.5,0,5.0,5,58.436625262701064,outputs_grok_prompt_v3\reports\static_analysis\pylint\HumanEval_75__zero_shot__sample0__final_pylint.txt,outputs_grok_prompt_v3\reports\static_analysis\bandit\HumanEval_75__zero_shot__sample0__final_bandit.json,outputs_grok_prompt_v3\reports\static_analysis\bandit\HumanEval_75__zero_shot__sample0__final_bandit.stderr.txt,True,passed,7.0,6.0,8.0,4.0,6.0,6.0,The code is readable and correct but inefficient due to triple nested loops; better factorization approach would improve performance significantly.,,,,,,,
HumanEval/75,is_multiply_prime,constraint_guided,0,"""""""Utility for prime product checks.""""""

def is_multiply_prime(a: int) -> bool:
    """"""Check if the given number is the multiplication of 3 prime numbers.

    Constraints:
        The three prime numbers must be <= 100.

    Example:
        is_multiply_prime(30) == True
        30 = 2 * 3 * 5
    """"""
    if a < 8:
        return False

    def generate_primes(limit: int) -> set:
        if limit < 2:
            return set()
        sieve = [True] * (limit + 1)
        sieve[0] = sieve[1] = False
        for num in range(2, int(limit ** 0.5) + 1):
            if sieve[num]:
                for multiple in range(num * num, limit + 1, num):
                    sieve[multiple] = False
        return {i for i, is_prime in enumerate(sieve) if is_prime}

    primes = generate_primes(100)
    prime_set = primes

    for p in primes:
        if p > a:
            break
        for q in primes:
            if p * q > a:
                break
            remainder = a // (p * q)
            if p * q * remainder == a and remainder in prime_set:
                return True
    return False",raw_generations/HumanEval_75/constraint_guided_sample0.py,,,True,,9.6,0,8.0,8,76.77476858219771,outputs_grok_prompt_v3\reports\static_analysis\pylint\HumanEval_75__constraint_guided__sample0__final_pylint.txt,outputs_grok_prompt_v3\reports\static_analysis\bandit\HumanEval_75__constraint_guided__sample0__final_bandit.json,outputs_grok_prompt_v3\reports\static_analysis\bandit\HumanEval_75__constraint_guided__sample0__final_bandit.stderr.txt,True,passed,7.0,6.0,4.0,5.0,6.0,5.0,"The code has logical flaws in prime factorization checking and inefficiently regenerates primes on each call, plus it incorrectly handles the constraint that primes must be ≤100.",,,,,,,
HumanEval/75,is_multiply_prime,structured_cot,0,"""""""
Utility to determine whether an integer is the product of exactly three primes
each no larger than 100.
""""""

def is_multiply_prime(a: int) -> bool:
    """"""
    Check if the given number is the multiplication of 3 prime numbers.

    Constraints:
        The three prime numbers must be <= 100.

    Example:
        is_multiply_prime(30) == True
        30 = 2 * 3 * 5
    """"""
    def _is_prime(n: int) -> bool:
        if n < 2:
            return False
        if n == 2:
            return True
        if n % 2 == 0:
            return False
        for i in range(3, int(n ** 0.5) + 1, 2):
            if n % i == 0:
                return False
        return True

    primes = [p for p in range(2, 101) if _is_prime(p)]
    for i in range(len(primes)):
        for j in range(i, len(primes)):
            for k in range(j, len(primes)):
                if primes[i] * primes[j] * primes[k] == a:
                    return True
    return False",raw_generations/HumanEval_75/structured_cot_sample0.py,,,True,,8.95,0,7.0,7,84.23836007044838,outputs_grok_prompt_v3\reports\static_analysis\pylint\HumanEval_75__structured_cot__sample0__final_pylint.txt,outputs_grok_prompt_v3\reports\static_analysis\bandit\HumanEval_75__structured_cot__sample0__final_bandit.json,outputs_grok_prompt_v3\reports\static_analysis\bandit\HumanEval_75__structured_cot__sample0__final_bandit.stderr.txt,True,passed,8.0,7.0,6.0,4.0,7.0,6.0,"The code is readable and well-structured, but the brute-force triple nested loop is inefficient, and it incorrectly assumes the three primes must be distinct (j and k start from i and j respectively).",,,,,,,
HumanEval/75,is_multiply_prime,self_refine,0,"""""""
Utility to determine whether an integer is the product of exactly three primes
each no larger than 100.
""""""

def is_multiply_prime(a: int) -> bool:
    """"""
    Check if the given number is the multiplication of 3 prime numbers.

    Constraints:
        The three prime numbers must be <= 100.

    Example:
        is_multiply_prime(30) == True
        30 = 2 * 3 * 5
    """"""
    if a < 2:
        return False

    def _is_prime(n: int) -> bool:
        if n < 2:
            return False
        if n == 2:
            return True
        if n % 2 == 0:
            return False
        for divisor in range(3, int(n ** 0.5) + 1, 2):
            if n % divisor == 0:
                return False
        return True

    prime_factors = []
    candidate = 2
    while candidate * candidate <= a:
        while a % candidate == 0:
            if candidate > 100:
                return False
            prime_factors.append(candidate)
            a //= candidate
        candidate += 1 if candidate == 2 else 2

    if a > 1:
        if a > 100 or not _is_prime(a):
            return False
        prime_factors.append(a)

    return len(prime_factors) == 3",raw_generations/HumanEval_75/self_refine_sample0.py,"""""""
Utility to determine whether an integer is the product of exactly three primes
each no larger than 100.
""""""

def is_multiply_prime(a: int) -> bool:
    """"""
    Check if the given number is the multiplication of 3 prime numbers.

    Constraints:
        The three prime numbers must be <= 100.

    Example:
        is_multiply_prime(30) == True
        30 = 2 * 3 * 5
    """"""
    if a < 2:
        return False

    def _is_prime(n: int) -> bool:
        if n < 2:
            return False
        if n == 2:
            return True
        if n % 2 == 0:
            return False
        for divisor in range(3, int(n ** 0.5) + 1, 2):
            if n % divisor == 0:
                return False
        return True

    prime_factors = []
    candidate = 2
    while candidate * candidate <= a:
        while a % candidate == 0:
            if candidate > 100:
                return False
            prime_factors.append(candidate)
            a //= candidate
        candidate += 1 if candidate == 2 else 2

    if a > 1:
        if a > 100 or not _is_prime(a):
            return False
        prime_factors.append(a)

    return len(prime_factors) == 3",raw_generations/HumanEval_75/self_refine_sample0_initial.py,True,,9.64,0,9.0,9,77.49753544622179,outputs_grok_prompt_v3\reports\static_analysis\pylint\HumanEval_75__self_refine__sample0__final_pylint.txt,outputs_grok_prompt_v3\reports\static_analysis\bandit\HumanEval_75__self_refine__sample0__final_bandit.json,outputs_grok_prompt_v3\reports\static_analysis\bandit\HumanEval_75__self_refine__sample0__final_bandit.stderr.txt,True,passed,8.0,7.0,6.0,8.0,7.0,7.0,"The code is generally readable and efficient, but has correctness issues with prime factorization logic and edge case handling.",9.64,True,passed,outputs_grok_prompt_v3\reports\static_analysis\pylint\HumanEval_75__self_refine__sample0__initial_pylint.txt,outputs_grok_prompt_v3\reports\static_analysis\bandit\HumanEval_75__self_refine__sample0__initial_bandit.json,outputs_grok_prompt_v3\reports\static_analysis\bandit\HumanEval_75__self_refine__sample0__initial_bandit.stderr.txt,False
HumanEval/76,is_simple_power,zero_shot,0,"def is_simple_power(x: int, n: int) -> bool:
    if x == 1:
        return True
    if n == 1 or n == 0:
        return False
    power = 1
    while power < x:
        try:
            power *= n
        except OverflowError:
            return False
        if power == x:
            return True
    return False",raw_generations/HumanEval_76/zero_shot_sample0.py,,,True,,7.14,0,7.0,7,61.02456854142874,outputs_grok_prompt_v3\reports\static_analysis\pylint\HumanEval_76__zero_shot__sample0__final_pylint.txt,outputs_grok_prompt_v3\reports\static_analysis\bandit\HumanEval_76__zero_shot__sample0__final_bandit.json,outputs_grok_prompt_v3\reports\static_analysis\bandit\HumanEval_76__zero_shot__sample0__final_bandit.stderr.txt,False,assertion_failed: ,7.0,6.0,5.0,4.0,5.0,5.0,"The code handles edge cases poorly (e.g., x=0, negative numbers) and uses an inefficient iterative approach instead of logarithms or integer exponentiation.",,,,,,,
HumanEval/76,is_simple_power,constraint_guided,0,"""""""
Utility to check if one integer is an integer power of another.
""""""

def is_simple_power(x: int, n: int) -> bool:
    """"""Return True iff x equals n raised to some nonnegative integer power.""""""
    if x == 0 or n == 0:
        return False
    if x == 1:
        return True
    if n == 1:
        return False

    power = 1
    while power < x:
        power *= n
        if power == x:
            return True
    return False",raw_generations/HumanEval_76/constraint_guided_sample0.py,,,True,,9.23,0,7.0,7,84.49628468140261,outputs_grok_prompt_v3\reports\static_analysis\pylint\HumanEval_76__constraint_guided__sample0__final_pylint.txt,outputs_grok_prompt_v3\reports\static_analysis\bandit\HumanEval_76__constraint_guided__sample0__final_bandit.json,outputs_grok_prompt_v3\reports\static_analysis\bandit\HumanEval_76__constraint_guided__sample0__final_bandit.stderr.txt,False,assertion_failed: ,8.0,7.0,6.0,5.0,6.0,6.0,The code handles edge cases but has algorithmic inefficiency and fails on some test cases from the description.,,,,,,,
HumanEval/76,is_simple_power,structured_cot,0,"""""""
Simple power checker module.
""""""

def is_simple_power(x: int, n: int) -> bool:
    """"""
    Check if number x is a simple power of n.
    x is a simple power of n if n to the power of some integer equals x.
    For example:
        is_simple_power(1, 4) => true (4^0 = 1)
        is_simple_power(2, 2) => true (2^1 = 2)
        is_simple_power(8, 2) => true (2^3 = 8)
        is_simple_power(3, 2) => false (only 2 and 4 are neighbouring simple powers)
        is_simple_power(3, 1) => false (1 is not a simple power of any number besides itself)
    """"""
    if x == 1:
        return n != 0
    if n in (0, 1):
        return False
    power = 1
    while power < x:
        power *= n
        if power == x:
            return True
    return False",raw_generations/HumanEval_76/structured_cot_sample0.py,,,True,,9.09,0,5.0,5,85.16749753843138,outputs_grok_prompt_v3\reports\static_analysis\pylint\HumanEval_76__structured_cot__sample0__final_pylint.txt,outputs_grok_prompt_v3\reports\static_analysis\bandit\HumanEval_76__structured_cot__sample0__final_bandit.json,outputs_grok_prompt_v3\reports\static_analysis\bandit\HumanEval_76__structured_cot__sample0__final_bandit.stderr.txt,False,assertion_failed: ,8.0,7.0,6.0,5.0,6.0,6.0,"The code has logical issues with edge cases (e.g., x=0, n=0) and uses an inefficient iterative approach instead of logarithms or exponentiation.",,,,,,,
HumanEval/76,is_simple_power,self_refine,0,"def is_simple_power(x: int, n: int) -> bool:
    """"""
    Check if number x is a simple power of n.
    x is a simple power of n if n to the power of some integer equals x.
    For example:
        is_simple_power(1, 4) => true (4^0 = 1)
        is_simple_power(2, 2) => true (2^1 = 2)
        is_simple_power(8, 2) => true (2^3 = 8)
        is_simple_power(3, 2) => false (only 2 and 4 are neighbouring simple powers)
        is_simple_power(3, 1) => false (1 is not a simple power of any number besides itself)
    """"""
    if x == 1:
        return True
    if n == 0 or n == 1 or x == 0:
        return False
    power = 1
    while abs(power) < abs(x):
        power *= n
        if power == x:
            return True
        if abs(power) > abs(x):
            return False
    return False",raw_generations/HumanEval_76/self_refine_sample0.py,"""""""Utility for checking integer power relations.""""""

def is_simple_power(x: int, n: int) -> bool:
    """"""
    Check if number x is a simple power of n.
    x is a simple power of n if n to the power of some integer equals x.
    For example:
        is_simple_power(1, 4) => true (4^0 = 1)
        is_simple_power(2, 2) => true (2^1 = 2)
        is_simple_power(8, 2) => true (2^3 = 8)
        is_simple_power(3, 2) => false (only 2 and 4 are neighbouring simple powers)
        is_simple_power(3, 1) => false (1 is not a simple power of any number besides itself)
    """"""
    if x == 1:
        return True
    if n <= 1 or x <= 0 or n <= 0:
        return False
    power = 1
    while power < x:
        power *= n
        if power == x:
            return True
        if power > x:
            return False
    return False",raw_generations/HumanEval_76/self_refine_sample0_initial.py,True,,8.46,0,8.0,8,87.8636086047862,outputs_grok_prompt_v3\reports\static_analysis\pylint\HumanEval_76__self_refine__sample0__final_pylint.txt,outputs_grok_prompt_v3\reports\static_analysis\bandit\HumanEval_76__self_refine__sample0__final_bandit.json,outputs_grok_prompt_v3\reports\static_analysis\bandit\HumanEval_76__self_refine__sample0__final_bandit.stderr.txt,True,passed,7.0,6.0,4.0,5.0,5.0,5.0,The code has logical errors (incorrect handling of edge cases like x=1 with n≠1) and uses inefficient brute-force iteration instead of mathematical properties.,9.23,False,assertion_failed: ,outputs_grok_prompt_v3\reports\static_analysis\pylint\HumanEval_76__self_refine__sample0__initial_pylint.txt,outputs_grok_prompt_v3\reports\static_analysis\bandit\HumanEval_76__self_refine__sample0__initial_bandit.json,outputs_grok_prompt_v3\reports\static_analysis\bandit\HumanEval_76__self_refine__sample0__initial_bandit.stderr.txt,True
HumanEval/77,iscube,zero_shot,0,"def iscube(a: int) -> bool:
    root = round(abs(a) ** (1 / 3))
    return root ** 3 == abs(a)",raw_generations/HumanEval_77/zero_shot_sample0.py,,,True,,0.0,0,1.0,1,78.25036867974562,outputs_grok_prompt_v3\reports\static_analysis\pylint\HumanEval_77__zero_shot__sample0__final_pylint.txt,outputs_grok_prompt_v3\reports\static_analysis\bandit\HumanEval_77__zero_shot__sample0__final_bandit.json,outputs_grok_prompt_v3\reports\static_analysis\bandit\HumanEval_77__zero_shot__sample0__final_bandit.stderr.txt,True,passed,6.0,5.0,2.0,-1.0,5.0,3.0,The code incorrectly handles negative numbers and uses rounding which can produce false positives; it also fails to handle edge cases properly.,,,,,,,
HumanEval/77,iscube,constraint_guided,0,"""""""Utility for checking perfect cubes.""""""

def iscube(a: int) -> bool:
    """"""Check if number a is a cube of some integer number.""""""
    if a == 0:
        return True
    abs_a = abs(a)
    cube_root = round(abs_a ** (1.0 / 3.0))
    return cube_root ** 3 == abs_a",raw_generations/HumanEval_77/constraint_guided_sample0.py,,,True,,8.33,0,2.0,2,68.02189684258907,outputs_grok_prompt_v3\reports\static_analysis\pylint\HumanEval_77__constraint_guided__sample0__final_pylint.txt,outputs_grok_prompt_v3\reports\static_analysis\bandit\HumanEval_77__constraint_guided__sample0__final_bandit.json,outputs_grok_prompt_v3\reports\static_analysis\bandit\HumanEval_77__constraint_guided__sample0__final_bandit.stderr.txt,True,passed,8.0,7.0,5.0,6.0,7.0,6.0,"The code is readable and well-structured, but the floating-point cube root calculation with rounding can produce incorrect results for large integers or edge cases, compromising correctness.",,,,,,,
HumanEval/77,iscube,structured_cot,0,"""""""Check whether an integer is a perfect cube.""""""

def iscube(a: int) -> bool:
    """"""Check if number a is a cube of some integer number.

    Examples:
        iscube(2) == False
        iscube(64) == True
        iscube(-180) == False
    """"""
    if a < 0:
        return iscube(-a)
    root = round(a ** (1 / 3))
    return root ** 3 == a",raw_generations/HumanEval_77/structured_cot_sample0.py,,,True,,8.0,0,2.0,2,91.17957947076496,outputs_grok_prompt_v3\reports\static_analysis\pylint\HumanEval_77__structured_cot__sample0__final_pylint.txt,outputs_grok_prompt_v3\reports\static_analysis\bandit\HumanEval_77__structured_cot__sample0__final_bandit.json,outputs_grok_prompt_v3\reports\static_analysis\bandit\HumanEval_77__structured_cot__sample0__final_bandit.stderr.txt,True,passed,8.0,-1.0,2.0,6.0,5.0,4.0,"The code has a critical bug with negative numbers (infinite recursion) and uses floating-point math for integer problems, leading to potential incorrect results.",,,,,,,
HumanEval/77,iscube,self_refine,0,"""""""Determine whether an integer is a perfect cube.""""""

def iscube(a: int) -> bool:
    """"""Check if number a is a cube of some integer number.

    Examples:
        iscube(2) == False
        iscube(64) == True
        iscube(-180) == False
    """"""
    if a == 0:
        return True
    x = abs(a)
    left, right = 1, x
    while left <= right:
        mid = (left + right) // 2
        cube = mid * mid * mid
        if cube == x:
            return True
        if cube < x:
            left = mid + 1
        else:
            right = mid - 1
    return False",raw_generations/HumanEval_77/self_refine_sample0.py,"""""""Determine whether an integer is a perfect cube.""""""

def iscube(a: int) -> bool:
    """"""Check if number a is a cube of some integer number.

    Examples:
        iscube(2) == False
        iscube(64) == True
        iscube(-180) == False
    """"""
    if a == 0:
        return True
    x = abs(a)
    left, right = 1, x
    while left <= right:
        mid = (left + right) // 2
        cube = mid * mid * mid
        if cube == x:
            return True
        if cube < x:
            left = mid + 1
        else:
            right = mid - 1
    return False",raw_generations/HumanEval_77/self_refine_sample0_initial.py,True,,9.29,0,5.0,5,86.05631848397404,outputs_grok_prompt_v3\reports\static_analysis\pylint\HumanEval_77__self_refine__sample0__final_pylint.txt,outputs_grok_prompt_v3\reports\static_analysis\bandit\HumanEval_77__self_refine__sample0__final_bandit.json,outputs_grok_prompt_v3\reports\static_analysis\bandit\HumanEval_77__self_refine__sample0__final_bandit.stderr.txt,True,passed,8.0,7.0,6.0,8.0,6.0,7.0,The code is generally readable and efficient but fails for negative cubes and could be more Pythonic with a simpler approach.,9.29,True,passed,outputs_grok_prompt_v3\reports\static_analysis\pylint\HumanEval_77__self_refine__sample0__initial_pylint.txt,outputs_grok_prompt_v3\reports\static_analysis\bandit\HumanEval_77__self_refine__sample0__initial_bandit.json,outputs_grok_prompt_v3\reports\static_analysis\bandit\HumanEval_77__self_refine__sample0__initial_bandit.stderr.txt,False
HumanEval/78,hex_key,zero_shot,0,"def hex_key(num: str) -> int:
    primes = set(""2357BD"")
    return sum(1 for c in num if c in primes)",raw_generations/HumanEval_78/zero_shot_sample0.py,,,True,,0.0,0,3.0,3,84.44724042799471,outputs_grok_prompt_v3\reports\static_analysis\pylint\HumanEval_78__zero_shot__sample0__final_pylint.txt,outputs_grok_prompt_v3\reports\static_analysis\bandit\HumanEval_78__zero_shot__sample0__final_bandit.json,outputs_grok_prompt_v3\reports\static_analysis\bandit\HumanEval_78__zero_shot__sample0__final_bandit.stderr.txt,True,passed,9.0,8.0,8.0,10.0,9.0,9.0,"Clean and efficient implementation, but lacks explicit handling of empty string edge case and could benefit from a comment explaining the prime hex digits.",,,,,,,
HumanEval/78,hex_key,constraint_guided,0,"""""""Count the number of prime hexadecimal digits in a given string.""""""

def hex_key(num: str) -> int:
    """"""Count prime hex digits (2, 3, 5, 7, B, D) in the input string.""""""
    prime_hex_digits = {""2"", ""3"", ""5"", ""7"", ""B"", ""D""}
    if not num:
        return 0
    return sum(1 for digit in num if digit in prime_hex_digits)",raw_generations/HumanEval_78/constraint_guided_sample0.py,,,True,,8.0,0,4.0,4,73.57117501632806,outputs_grok_prompt_v3\reports\static_analysis\pylint\HumanEval_78__constraint_guided__sample0__final_pylint.txt,outputs_grok_prompt_v3\reports\static_analysis\bandit\HumanEval_78__constraint_guided__sample0__final_bandit.json,outputs_grok_prompt_v3\reports\static_analysis\bandit\HumanEval_78__constraint_guided__sample0__final_bandit.stderr.txt,True,passed,9.0,8.0,7.0,9.0,9.0,8.0,"Clean and efficient code, but lacks handling for invalid hex digits and could be more maintainable with a constant for prime digits.",,,,,,,
HumanEval/78,hex_key,structured_cot,0,"""""""Count prime hexadecimal digits in a given string.""""""

def hex_key(num: str) -> int:
    """"""Count prime hexadecimal digits (2, 3, 5, 7, B, D) in num.""""""
    primes = set(""2357BD"")
    return sum(d in primes for d in num)",raw_generations/HumanEval_78/structured_cot_sample0.py,,,True,,6.67,0,2.0,2,79.7423427057672,outputs_grok_prompt_v3\reports\static_analysis\pylint\HumanEval_78__structured_cot__sample0__final_pylint.txt,outputs_grok_prompt_v3\reports\static_analysis\bandit\HumanEval_78__structured_cot__sample0__final_bandit.json,outputs_grok_prompt_v3\reports\static_analysis\bandit\HumanEval_78__structured_cot__sample0__final_bandit.stderr.txt,True,passed,9.0,8.0,7.0,10.0,9.0,8.0,"Clean and efficient implementation, but misses edge case handling for empty string and lacks explicit validation.",,,,,,,
HumanEval/78,hex_key,self_refine,0,"""""""
Module for counting prime hexadecimal digits in a hex string.
""""""

def hex_key(num: str) -> int:
    """"""
    Based on a hexadecimal number, received as a string,
    counts the number of hexadecimal digits that are primes.

    You may assume the input is always correct or empty string,
    and symbols A,B,C,D,E,F are always uppercase.

    Examples:
        For num = ""AB"" the output should be 1.
        For num = ""2020"" the output should be 2.
    """"""
    prime_digits = {""2"", ""3"", ""5"", ""7"", ""B"", ""D""}
    if not num:
        return 0
    return sum(1 for digit in num if digit in prime_digits)",raw_generations/HumanEval_78/self_refine_sample0.py,"""""""
Module for counting prime hexadecimal digits in a hex string.
""""""

def hex_key(num: str) -> int:
    """"""
    Based on a hexadecimal number, received as a string,
    counts the number of hexadecimal digits that are primes.

    You may assume the input is always correct or empty string,
    and symbols A,B,C,D,E,F are always uppercase.

    Examples:
        For num = ""AB"" the output should be 1.
        For num = ""2020"" the output should be 2.
    """"""
    prime_digits = {""2"", ""3"", ""5"", ""7"", ""B"", ""D""}
    if not num:
        return 0
    return sum(1 for digit in num if digit in prime_digits)",raw_generations/HumanEval_78/self_refine_sample0_initial.py,True,,8.0,0,4.0,4,71.5710481175438,outputs_grok_prompt_v3\reports\static_analysis\pylint\HumanEval_78__self_refine__sample0__final_pylint.txt,outputs_grok_prompt_v3\reports\static_analysis\bandit\HumanEval_78__self_refine__sample0__final_bandit.json,outputs_grok_prompt_v3\reports\static_analysis\bandit\HumanEval_78__self_refine__sample0__final_bandit.stderr.txt,True,passed,9.0,8.0,7.0,9.0,9.0,8.0,"The code is clean and efficient, but incorrectly includes 'B' and 'D' as prime digits when they represent decimal 11 and 13, which are prime, but the task specification only counts hexadecimal digits that are primes (2, 3, 5, 7).",8.0,True,passed,outputs_grok_prompt_v3\reports\static_analysis\pylint\HumanEval_78__self_refine__sample0__initial_pylint.txt,outputs_grok_prompt_v3\reports\static_analysis\bandit\HumanEval_78__self_refine__sample0__initial_bandit.json,outputs_grok_prompt_v3\reports\static_analysis\bandit\HumanEval_78__self_refine__sample0__initial_bandit.stderr.txt,False
HumanEval/79,decimal_to_binary,zero_shot,0,"def decimal_to_binary(decimal: int) -> str:
    binary = bin(decimal)[2:]
    return f""db{binary}db""",raw_generations/HumanEval_79/zero_shot_sample0.py,,,True,,0.0,0,1.0,1,100.0,outputs_grok_prompt_v3\reports\static_analysis\pylint\HumanEval_79__zero_shot__sample0__final_pylint.txt,outputs_grok_prompt_v3\reports\static_analysis\bandit\HumanEval_79__zero_shot__sample0__final_bandit.json,outputs_grok_prompt_v3\reports\static_analysis\bandit\HumanEval_79__zero_shot__sample0__final_bandit.stderr.txt,True,passed,9.0,9.0,10.0,10.0,10.0,9.0,"Clean, efficient, and idiomatic implementation that perfectly meets the specification with excellent use of built-in functions.",,,,,,,
HumanEval/79,decimal_to_binary,constraint_guided,0,"""""""Convert decimal numbers to binary strings with 'db' prefix and suffix.""""""

def decimal_to_binary(decimal: int) -> str:
    """"""
    You will be given a number in decimal form (decimal system).
    Convert it to binary format and return it as a string.
    You may assume the input is positive.

    There will be an extra couple of characters 'db' at the beginning and at the end of the string.
    The extra characters are there to help with the format.

    Example:
        decimal_to_binary(15) == ""db1111db""
    """"""
    binary_representation = bin(decimal)[2:]
    return f""db{binary_representation}db""",raw_generations/HumanEval_79/constraint_guided_sample0.py,,,True,,6.67,0,1.0,1,100.0,outputs_grok_prompt_v3\reports\static_analysis\pylint\HumanEval_79__constraint_guided__sample0__final_pylint.txt,outputs_grok_prompt_v3\reports\static_analysis\bandit\HumanEval_79__constraint_guided__sample0__final_bandit.json,outputs_grok_prompt_v3\reports\static_analysis\bandit\HumanEval_79__constraint_guided__sample0__final_bandit.stderr.txt,True,passed,9.0,9.0,10.0,10.0,10.0,9.0,"Clean, efficient, and idiomatic implementation that correctly handles the task with proper use of built-in functions and clear formatting.",,,,,,,
HumanEval/79,decimal_to_binary,structured_cot,0,"""""""Decimal to binary converter module.""""""

from __future__ import annotations


def decimal_to_binary(decimal: int) -> str:
    """"""
    You will be given a number in decimal form (decimal system).
    Convert it to binary format and return it as a string.
    You may assume the input is positive.

    There will be an extra couple of characters 'db' at the beginning and at the end of the string.
    The extra characters are there to help with the format.

    Example:
        decimal_to_binary(15) == ""db1111db""
    """"""
    return f""db{bin(decimal)[2:]}db""",raw_generations/HumanEval_79/structured_cot_sample0.py,,,True,,6.67,0,1.0,1,100.0,outputs_grok_prompt_v3\reports\static_analysis\pylint\HumanEval_79__structured_cot__sample0__final_pylint.txt,outputs_grok_prompt_v3\reports\static_analysis\bandit\HumanEval_79__structured_cot__sample0__final_bandit.json,outputs_grok_prompt_v3\reports\static_analysis\bandit\HumanEval_79__structured_cot__sample0__final_bandit.stderr.txt,True,passed,9.0,8.0,9.0,10.0,10.0,9.0,"Excellent, idiomatic Python solution that leverages built-in functions efficiently, though edge case handling could be slightly improved.",,,,,,,
HumanEval/79,decimal_to_binary,self_refine,0,"""""""Decimal to binary conversion utilities.""""""

def decimal_to_binary(decimal: int) -> str:
    """"""
    You will be given a number in decimal form (decimal system).
    Convert it to binary format and return it as a string.
    You may assume the input is positive.

    There will be an extra couple of characters 'db' at the beginning and at the end of the string.
    The extra characters are there to help with the format.

    Example:
        decimal_to_binary(15) == ""db1111db""
    """"""
    if decimal == 0:
        binary_str = ""0""
    else:
        binary_str = bin(decimal)[2:]
    return f""db{binary_str}db""",raw_generations/HumanEval_79/self_refine_sample0.py,"""""""Decimal to binary conversion utilities.""""""

def decimal_to_binary(decimal: int) -> str:
    """"""
    You will be given a number in decimal form (decimal system).
    Convert it to binary format and return it as a string.
    You may assume the input is positive.

    There will be an extra couple of characters 'db' at the beginning and at the end of the string.
    The extra characters are there to help with the format.

    Example:
        decimal_to_binary(15) == ""db1111db""
    """"""
    if decimal == 0:
        binary_str = ""0""
    else:
        binary_str = bin(decimal)[2:]
    return f""db{binary_str}db""",raw_generations/HumanEval_79/self_refine_sample0_initial.py,True,,8.0,0,2.0,2,90.77603626310842,outputs_grok_prompt_v3\reports\static_analysis\pylint\HumanEval_79__self_refine__sample0__final_pylint.txt,outputs_grok_prompt_v3\reports\static_analysis\bandit\HumanEval_79__self_refine__sample0__final_bandit.json,outputs_grok_prompt_v3\reports\static_analysis\bandit\HumanEval_79__self_refine__sample0__final_bandit.stderr.txt,True,passed,9.0,9.0,8.0,10.0,9.0,9.0,Clean and efficient implementation with minor edge-case handling improvement needed for zero input.,8.0,True,passed,outputs_grok_prompt_v3\reports\static_analysis\pylint\HumanEval_79__self_refine__sample0__initial_pylint.txt,outputs_grok_prompt_v3\reports\static_analysis\bandit\HumanEval_79__self_refine__sample0__initial_bandit.json,outputs_grok_prompt_v3\reports\static_analysis\bandit\HumanEval_79__self_refine__sample0__initial_bandit.stderr.txt,False
HumanEval/80,is_happy,zero_shot,0,"def is_happy(s: str) -> bool:
    if len(s) < 3:
        return False
    for i in range(len(s) - 2):
        if len(set(s[i:i+3])) != 3:
            return False
    return True",raw_generations/HumanEval_80/zero_shot_sample0.py,,,True,,5.71,0,4.0,4,69.81982754625282,outputs_grok_prompt_v3\reports\static_analysis\pylint\HumanEval_80__zero_shot__sample0__final_pylint.txt,outputs_grok_prompt_v3\reports\static_analysis\bandit\HumanEval_80__zero_shot__sample0__final_bandit.json,outputs_grok_prompt_v3\reports\static_analysis\bandit\HumanEval_80__zero_shot__sample0__final_bandit.stderr.txt,True,passed,9.0,8.0,10.0,7.0,8.0,8.0,"The code is clear and correct, but could be slightly more efficient by avoiding repeated set creation for overlapping slices.",,,,,,,
HumanEval/80,is_happy,constraint_guided,0,"""""""Utility to determine if strings are happy.""""""

def is_happy(s: str) -> bool:
    """"""
    Check if the string is happy or not:
    A string is happy if its length is at least 3 and every 3 consecutive letters are distinct.

    Examples:
      is_happy(a) => False
      is_happy(aa) => False
      is_happy(abcd) => True
      is_happy(aabb) => False
    """"""
    if len(s) < 3:
        return False
    for index in range(len(s) - 2):
        triplet = s[index:index + 3]
        if len(set(triplet)) != 3:
            return False
    return True",raw_generations/HumanEval_80/constraint_guided_sample0.py,,,True,,8.75,0,4.0,4,89.21640078498226,outputs_grok_prompt_v3\reports\static_analysis\pylint\HumanEval_80__constraint_guided__sample0__final_pylint.txt,outputs_grok_prompt_v3\reports\static_analysis\bandit\HumanEval_80__constraint_guided__sample0__final_bandit.json,outputs_grok_prompt_v3\reports\static_analysis\bandit\HumanEval_80__constraint_guided__sample0__final_bandit.stderr.txt,True,passed,8.0,7.0,9.0,6.0,7.0,7.0,"The code is clear and correct but creates unnecessary substrings and sets for each triplet, which is inefficient; using direct character comparisons would be better.",,,,,,,
HumanEval/80,is_happy,structured_cot,0,"""""""Happy string checker module.""""""

def is_happy(s: str) -> bool:
    """"""
    Check if the string is happy or not:
    A string is happy if its length is at least 3 and every 3 consecutive letters are distinct.

    Examples:
      is_happy(a) => False
      is_happy(aa) => False
      is_happy(abcd) => True
      is_happy(aabb) => False
    """"""
    return len(s) >= 3 and all(len(set(s[i:i+3])) == 3 for i in range(len(s) - 2))",raw_generations/HumanEval_80/structured_cot_sample0.py,,,True,,5.0,0,3.0,3,44.35097079783092,outputs_grok_prompt_v3\reports\static_analysis\pylint\HumanEval_80__structured_cot__sample0__final_pylint.txt,outputs_grok_prompt_v3\reports\static_analysis\bandit\HumanEval_80__structured_cot__sample0__final_bandit.json,outputs_grok_prompt_v3\reports\static_analysis\bandit\HumanEval_80__structured_cot__sample0__final_bandit.stderr.txt,True,passed,9.0,8.0,9.0,7.0,9.0,8.0,"Clean and correct implementation, but could be slightly more efficient by avoiding repeated set creation for overlapping slices.",,,,,,,
HumanEval/80,is_happy,self_refine,0,"""""""Utility to check if a string is happy according to the defined rules.""""""

def is_happy(s: str) -> bool:
    """"""
    Check if the string is happy or not:
    A string is happy if its length is at least 3 and every 3 consecutive letters are distinct.

    Examples:
      is_happy(a) => False
      is_happy(aa) => False
      is_happy(abcd) => True
      is_happy(aabb) => False
    """"""
    if len(s) < 3:
        return False
    for i in range(len(s) - 2):
        if len(set(s[i:i+3])) != 3:
            return False
    return True",raw_generations/HumanEval_80/self_refine_sample0.py,"""""""Utility to check if a string is happy according to the defined rules.""""""

def is_happy(s: str) -> bool:
    """"""
    Check if the string is happy or not:
    A string is happy if its length is at least 3 and every 3 consecutive letters are distinct.

    Examples:
      is_happy(a) => False
      is_happy(aa) => False
      is_happy(abcd) => True
      is_happy(aabb) => False
    """"""
    if len(s) < 3:
        return False
    for i in range(len(s) - 2):
        if len(set(s[i:i+3])) != 3:
            return False
    return True",raw_generations/HumanEval_80/self_refine_sample0_initial.py,True,,8.57,0,4.0,4,88.25220357342181,outputs_grok_prompt_v3\reports\static_analysis\pylint\HumanEval_80__self_refine__sample0__final_pylint.txt,outputs_grok_prompt_v3\reports\static_analysis\bandit\HumanEval_80__self_refine__sample0__final_bandit.json,outputs_grok_prompt_v3\reports\static_analysis\bandit\HumanEval_80__self_refine__sample0__final_bandit.stderr.txt,True,passed,9.0,-1.0,10.0,8.0,8.0,7.0,The code is clear and correct but has a critical bug in the maintainability dimension due to an invalid negative score assignment.,8.57,True,passed,outputs_grok_prompt_v3\reports\static_analysis\pylint\HumanEval_80__self_refine__sample0__initial_pylint.txt,outputs_grok_prompt_v3\reports\static_analysis\bandit\HumanEval_80__self_refine__sample0__initial_bandit.json,outputs_grok_prompt_v3\reports\static_analysis\bandit\HumanEval_80__self_refine__sample0__initial_bandit.stderr.txt,False
HumanEval/81,numerical_letter_grade,zero_shot,0,"from typing import List
import math

def numerical_letter_grade(grades: List[float]) -> List[str]:
    def round_half_up(n: float) -> float:
        return math.floor(n * 10 + 0.5) / 10

    def get_letter(g: float) -> str:
        if g > 4.0 + 1e-6 or g < 0.0 - 1e-6:
            return ''
        if abs(g - 4.0) < 1e-6:
            return 'A+'
        if g > 3.7:
            return 'A'
        if g > 3.3:
            return 'A-'
        if g > 3.0:
            return 'B+'
        if g > 2.7:
            return 'B'
        if g > 2.3:
            return 'B-'
        if g > 2.0:
            return 'C+'
        if g > 1.7:
            return 'C'
        if g > 1.3:
            return 'C-'
        if g > 1.0:
            return 'D+'
        if g > 0.7:
            return 'D'
        if g > 0.0:
            return 'D-'
        if abs(g - 0.0) < 1e-6:
            return 'E'
        return ''

    return [get_letter(round_half_up(g)) for g in grades]",raw_generations/HumanEval_81/zero_shot_sample0.py,,,True,,8.61,0,2.0,2,48.0120246949988,outputs_grok_prompt_v3\reports\static_analysis\pylint\HumanEval_81__zero_shot__sample0__final_pylint.txt,outputs_grok_prompt_v3\reports\static_analysis\bandit\HumanEval_81__zero_shot__sample0__final_bandit.json,outputs_grok_prompt_v3\reports\static_analysis\bandit\HumanEval_81__zero_shot__sample0__final_bandit.stderr.txt,False,assertion_failed: ,8.0,7.0,6.0,9.0,7.0,7.0,"The code is generally readable and efficient, but has correctness issues with rounding and boundary handling, and could be more maintainable with a data-driven approach.",,,,,,,
HumanEval/81,numerical_letter_grade,constraint_guided,0,"""""""Module providing GPA to letter grade conversion.""""""

from typing import List


def numerical_letter_grade(grades: List[float]) -> List[str]:
    """"""
    It is the last week of the semester and the teacher has to give the grades
    to students. The teacher has been making her own algorithm for grading.
    The only problem is, she has lost the code she used for grading.
    She has given you a list of one decimal place GPAs for some students and you have to write
    a function that can output a list of letter grades using the following table:
             GPA       |    Letter grade
              4.0                A+
            > 3.7                A
            > 3.3                A-
            > 3.0                B+
            > 2.7                B
            > 2.3                B-
            > 2.0                C+
            > 1.7                C
            > 1.3                C-
            > 1.0                D+
            > 0.7                D
            > 0.0                D-
              0.0                E

    For input out of bounds, return an empty string.
    Also, the grade needs to be rounded (half up) to 1 decimal place if needed,
    before being converted to a letter grade. For edge scenarios, consider a tolerance of 1e-6.
    """"""
    def _round_half_up(g: float) -> float:
        return int(g * 10 + 0.5) / 10.0

    result = []
    for g in grades:
        if g < 0.0 or g > 4.0 + 1e-6:
            result.append("""")
            continue
        rg = _round_half_up(g)
        if rg > 4.0 + 1e-6 or rg < 0.0 - 1e-6:
            result.append("""")
        elif rg == 4.0:
            result.append(""A+"")
        elif rg > 3.7 - 1e-6:
            result.append(""A"")
        elif rg > 3.3 - 1e-6:
            result.append(""A-"")
        elif rg > 3.0 - 1e-6:
            result.append(""B+"")
        elif rg > 2.7 - 1e-6:
            result.append(""B"")
        elif rg > 2.3 - 1e-6:
            result.append(""B-"")
        elif rg > 2.0 - 1e-6:
            result.append(""C+"")
        elif rg > 1.7 - 1e-6:
            result.append(""C"")
        elif rg > 1.3 - 1e-6:
            result.append(""C-"")
        elif rg > 1.0 - 1e-6:
            result.append(""D+"")
        elif rg > 0.7 - 1e-6:
            result.append(""D"")
        elif rg > 0.0 - 1e-6:
            result.append(""D-"")
        else:
            result.append(""E"")
    return result",raw_generations/HumanEval_81/constraint_guided_sample0.py,,,True,,9.47,0,18.0,18,72.24438695560274,outputs_grok_prompt_v3\reports\static_analysis\pylint\HumanEval_81__constraint_guided__sample0__final_pylint.txt,outputs_grok_prompt_v3\reports\static_analysis\bandit\HumanEval_81__constraint_guided__sample0__final_bandit.json,outputs_grok_prompt_v3\reports\static_analysis\bandit\HumanEval_81__constraint_guided__sample0__final_bandit.stderr.txt,False,assertion_failed: ,7.0,6.0,8.0,9.0,6.0,7.0,"The code works correctly but uses repetitive if-elif chains and manual rounding instead of Python's built-in round() with proper rounding mode, making it less maintainable and Pythonic.",,,,,,,
HumanEval/81,numerical_letter_grade,structured_cot,0,"""""""Module for converting numerical grades to letter grades.""""""

from typing import List
import math


def numerical_letter_grade(grades: List[float]) -> List[str]:
    """"""
    It is the last week of the semester and the teacher has to give the grades
    to students. The teacher has been making her own algorithm for grading.
    The only problem is, she has lost the code she used for grading.
    She has given you a list of one decimal place GPAs for some students and you have to write 
    a function that can output a list of letter grades using the following table:
             GPA       |    Letter grade
              4.0                A+
            > 3.7                A 
            > 3.3                A- 
            > 3.0                B+
            > 2.7                B 
            > 2.3                B-
            > 2.0                C+
            > 1.7                C
            > 1.3                C-
            > 1.0                D+ 
            > 0.7                D 
            > 0.0                D-
              0.0                E

    For input out of bounds, return an empty string.
    Also, the grade needs to be rounded (half up) to 1 decimal place if needed,
    before being converted to a letter grade. For edge scenarios, consider a tolerance of 1e-6.

    Example:
        grade_equation([4.0, 3, 1.72, 2, 3.5, 4.5]) ==> ['A+', 'B', 'C-', 'C', 'A-', '']
    """"""
    thresholds = [
        (4.0, ""A+""),
        (3.7, ""A""),
        (3.3, ""A-""),
        (3.0, ""B+""),
        (2.7, ""B""),
        (2.3, ""B-""),
        (2.0, ""C+""),
        (1.7, ""C""),
        (1.3, ""C-""),
        (1.0, ""D+""),
        (0.7, ""D""),
        (0.0, ""D-""),
    ]

    def to_letter(g: float) -> str:
        if g > 4.0 + 1e-6 or g < -1e-6:
            return """"
        g = math.floor(g * 10 + 0.5) / 10
        if g > 4.0 + 1e-6 or g < -1e-6:
            return """"
        if abs(g) < 1e-6:
            return ""E""
        if abs(g - 4.0) < 1e-6:
            return ""A+""
        for thresh, letter in thresholds[1:]:
            if g > thresh + 1e-6:
                return letter
        return ""E""

    return [to_letter(g) for g in grades]",raw_generations/HumanEval_81/structured_cot_sample0.py,,,True,,9.47,0,2.0,2,82.09136635108466,outputs_grok_prompt_v3\reports\static_analysis\pylint\HumanEval_81__structured_cot__sample0__final_pylint.txt,outputs_grok_prompt_v3\reports\static_analysis\bandit\HumanEval_81__structured_cot__sample0__final_bandit.json,outputs_grok_prompt_v3\reports\static_analysis\bandit\HumanEval_81__structured_cot__sample0__final_bandit.stderr.txt,True,passed,8.0,7.0,6.0,8.0,7.0,7.0,"The code is generally readable and efficient, but has correctness issues with rounding and edge cases, and uses non-idiomatic Python for the threshold lookup.",,,,,,,
HumanEval/81,numerical_letter_grade,self_refine,0,"""""""Module for converting numerical GPAs to letter grades.""""""

from typing import List
import math


def numerical_letter_grade(grades: List[float]) -> List[str]:
    """"""
    Convert a list of GPAs to corresponding letter grades.

    Each GPA is rounded half-up to one decimal place before conversion.
    GPAs outside [0.0, 4.0] map to an empty string. Comparisons use
    a tolerance of 1e-6 for edge cases.
    """"""
    def round_half_up(value: float) -> float:
        return math.floor(value * 10 + 0.5) / 10

    thresholds = [
        (4.0, ""A+""),
        (3.7, ""A""),
        (3.3, ""A-""),
        (3.0, ""B+""),
        (2.7, ""B""),
        (2.3, ""B-""),
        (2.0, ""C+""),
        (1.7, ""C""),
        (1.3, ""C-""),
        (1.0, ""D+""),
        (0.7, ""D""),
        (0.0, ""D-""),
    ]

    letter_grades = []
    for grade in grades:
        if grade < 0.0 or grade > 4.0:
            letter_grades.append("""")
            continue

        rounded = round_half_up(grade)
        if abs(rounded - 4.0) < 1e-6:
            letter_grades.append(""A+"")
            continue

        assigned = ""E""
        for thresh, letter in thresholds[1:]:
            if rounded > thresh:
                assigned = letter
                break
        letter_grades.append(assigned)

    return letter_grades",raw_generations/HumanEval_81/self_refine_sample0.py,"""""""Module for converting numerical GPAs to letter grades.""""""

from typing import List
import math


def numerical_letter_grade(grades: List[float]) -> List[str]:
    """"""
    Convert a list of GPAs to corresponding letter grades.

    Each GPA is rounded half-up to one decimal place before conversion.
    GPAs outside [0.0, 4.0] map to an empty string. Comparisons use
    a tolerance of 1e-6 for edge cases.
    """"""
    def round_half_up(value: float) -> float:
        return math.floor(value * 10 + 0.5) / 10

    letter_grades = []
    for grade in grades:
        if grade < 0.0 or grade > 4.0:
            letter_grades.append("""")
            continue

        rounded = round_half_up(grade)
        if abs(rounded - 4.0) < 1e-6:
            letter_grades.append(""A+"")
        elif rounded > 3.7:
            letter_grades.append(""A"")
        elif rounded > 3.3:
            letter_grades.append(""A-"")
        elif rounded > 3.0:
            letter_grades.append(""B+"")
        elif rounded > 2.7:
            letter_grades.append(""B"")
        elif rounded > 2.3:
            letter_grades.append(""B-"")
        elif rounded > 2.0:
            letter_grades.append(""C+"")
        elif rounded > 1.7:
            letter_grades.append(""C"")
        elif rounded > 1.3:
            letter_grades.append(""C-"")
        elif rounded > 1.0:
            letter_grades.append(""D+"")
        elif rounded > 0.7:
            letter_grades.append(""D"")
        elif rounded > 0.0:
            letter_grades.append(""D-"")
        else:
            letter_grades.append(""E"")

    return letter_grades",raw_generations/HumanEval_81/self_refine_sample0_initial.py,True,,9.55,0,7.0,7,76.54747392330499,outputs_grok_prompt_v3\reports\static_analysis\pylint\HumanEval_81__self_refine__sample0__final_pylint.txt,outputs_grok_prompt_v3\reports\static_analysis\bandit\HumanEval_81__self_refine__sample0__final_bandit.json,outputs_grok_prompt_v3\reports\static_analysis\bandit\HumanEval_81__self_refine__sample0__final_bandit.stderr.txt,True,passed,8.0,7.0,6.0,8.0,7.0,7.0,"The code is generally readable and efficient, but has correctness issues with the rounding logic and edge case handling for the 'E' grade.",9.46,True,passed,outputs_grok_prompt_v3\reports\static_analysis\pylint\HumanEval_81__self_refine__sample0__initial_pylint.txt,outputs_grok_prompt_v3\reports\static_analysis\bandit\HumanEval_81__self_refine__sample0__initial_bandit.json,outputs_grok_prompt_v3\reports\static_analysis\bandit\HumanEval_81__self_refine__sample0__initial_bandit.stderr.txt,True
